date,time,check_id,item,category,covers,net,guest_type
2026-04-13,13:10,20260413-001,Fish pie,Main,1,13.95,resident
2026-04-13,13:10,20260413-001,Glass of house wine,Drinks,1,5.50,resident
2026-04-13,12:07,20260413-002,Fish pie,Main,2,13.95,resident
2026-04-13,12:07,20260413-002,Sticky toffee pudding,Dessert,2,6.50,resident
2026-04-13,12:07,20260413-002,Coffee,Drinks,2,3.00,resident
2026-04-13,12:07,20260413-002,Shepherd's pie,Main,2,12.95,resident
2026-04-13,12:07,20260413-002,Soup of the day,Starter,2,7.95,resident
2026-04-13,12:07,20260413-002,Coffee,Drinks,2,3.00,resident
2026-04-13,13:27,20260413-003,Fish pie,Main,2,13.95,resident
2026-04-13,13:27,20260413-003,Sticky toffee pudding,Dessert,2,6.50,resident
2026-04-13,13:27,20260413-003,Pot of tea,Drinks,2,3.25,resident
2026-04-13,13:27,20260413-003,Paneer & spinach curry,Main,2,12.50,resident
2026-04-13,13:27,20260413-003,Pot of tea,Drinks,2,3.25,resident
2026-04-13,13:36,20260413-004,Paneer & spinach curry,Main,4,12.50,resident
2026-04-13,13:36,20260413-004,Pot of tea,Drinks,4,3.25,resident
2026-04-13,13:36,20260413-004,Grilled salmon,Main,4,15.00,resident
2026-04-13,13:36,20260413-004,Matzo ball soup,Starter,4,8.95,resident
2026-04-13,13:36,20260413-004,Fish pie,Main,4,13.95,resident
2026-04-13,13:36,20260413-004,Coffee,Drinks,4,3.00,resident
2026-04-13,13:36,20260413-004,Fish pie,Main,4,13.95,resident
2026-04-13,13:36,20260413-004,Matzo ball soup,Starter,4,8.95,resident
2026-04-13,13:36,20260413-004,Coffee,Drinks,4,3.00,resident
2026-04-13,12:43,20260413-005,Fish pie,Main,1,13.95,resident
2026-04-13,12:43,20260413-005,Soup of the day,Starter,1,7.95,resident
2026-04-13,12:43,20260413-005,Sticky toffee pudding,Dessert,1,6.50,resident
2026-04-13,12:43,20260413-005,Coffee,Drinks,1,3.00,resident
2026-04-13,12:58,20260413-006,Paneer & spinach curry,Main,3,12.50,resident
2026-04-13,12:58,20260413-006,Matzo ball soup,Starter,3,8.95,resident
2026-04-13,12:58,20260413-006,Fruit crumble,Dessert,3,6.25,resident
2026-04-13,12:58,20260413-006,Pot of tea,Drinks,3,3.25,resident
2026-04-13,12:58,20260413-006,Grilled salmon,Main,3,15.00,resident
2026-04-13,12:58,20260413-006,Sticky toffee pudding,Dessert,3,6.50,resident
2026-04-13,12:58,20260413-006,Pot of tea,Drinks,3,3.25,resident
2026-04-13,12:58,20260413-006,Grilled salmon,Main,3,15.00,resident
2026-04-13,12:58,20260413-006,Glass of house wine,Drinks,3,5.50,resident
2026-04-13,14:10,20260413-007,Roast chicken,Main,4,14.50,resident
2026-04-13,14:10,20260413-007,Sticky toffee pudding,Dessert,4,6.50,resident
2026-04-13,14:10,20260413-007,Pot of tea,Drinks,4,3.25,resident
2026-04-13,14:10,20260413-007,Roast chicken,Main,4,14.50,resident
2026-04-13,14:10,20260413-007,Soup of the day,Starter,4,7.95,resident
2026-04-13,14:10,20260413-007,Roast chicken,Main,4,14.50,resident
2026-04-13,14:10,20260413-007,Fruit crumble,Dessert,4,6.25,resident
2026-04-13,14:10,20260413-007,Pot of tea,Drinks,4,3.25,resident
2026-04-13,14:10,20260413-007,Paneer & spinach curry,Main,4,12.50,resident
2026-04-13,14:10,20260413-007,Soup of the day,Starter,4,7.95,resident
2026-04-13,14:10,20260413-007,Fruit crumble,Dessert,4,6.25,resident
2026-04-13,14:09,20260413-008,Grilled salmon,Main,3,15.00,resident
2026-04-13,14:09,20260413-008,Matzo ball soup,Starter,3,8.95,resident
2026-04-13,14:09,20260413-008,Sticky toffee pudding,Dessert,3,6.50,resident
2026-04-13,14:09,20260413-008,Coffee,Drinks,3,3.00,resident
2026-04-13,14:09,20260413-008,Vegetable biryani,Main,3,11.95,resident
2026-04-13,14:09,20260413-008,Glass of house wine,Drinks,3,5.50,resident
2026-04-13,14:09,20260413-008,Paneer & spinach curry,Main,3,12.50,resident
2026-04-13,14:09,20260413-008,Glass of house wine,Drinks,3,5.50,resident
2026-04-13,12:20,20260413-009,Shepherd's pie,Main,3,12.95,resident
2026-04-13,12:20,20260413-009,Glass of house wine,Drinks,3,5.50,resident
2026-04-13,12:20,20260413-009,Grilled salmon,Main,3,15.00,resident
2026-04-13,12:20,20260413-009,Coffee,Drinks,3,3.00,resident
2026-04-13,12:20,20260413-009,Shepherd's pie,Main,3,12.95,resident
2026-04-13,12:20,20260413-009,Coffee,Drinks,3,3.00,resident
2026-04-13,13:42,20260413-010,Grilled salmon,Main,3,15.00,resident
2026-04-13,13:42,20260413-010,Soup of the day,Starter,3,7.95,resident
2026-04-13,13:42,20260413-010,Sticky toffee pudding,Dessert,3,6.50,resident
2026-04-13,13:42,20260413-010,Glass of house wine,Drinks,3,5.50,resident
2026-04-13,13:42,20260413-010,Vegetable biryani,Main,3,11.95,resident
2026-04-13,13:42,20260413-010,Matzo ball soup,Starter,3,8.95,resident
2026-04-13,13:42,20260413-010,Sticky toffee pudding,Dessert,3,6.50,resident
2026-04-13,13:42,20260413-010,Coffee,Drinks,3,3.00,resident
2026-04-13,13:42,20260413-010,Paneer & spinach curry,Main,3,12.50,resident
2026-04-13,13:42,20260413-010,Matzo ball soup,Starter,3,8.95,resident
2026-04-13,13:42,20260413-010,Fruit crumble,Dessert,3,6.25,resident
2026-04-13,13:42,20260413-010,Glass of house wine,Drinks,3,5.50,resident
2026-04-13,14:26,20260413-011,Fish pie,Main,4,13.95,resident
2026-04-13,14:26,20260413-011,Glass of house wine,Drinks,4,5.50,resident
2026-04-13,14:26,20260413-011,Shepherd's pie,Main,4,12.95,resident
2026-04-13,14:26,20260413-011,Soup of the day,Starter,4,7.95,resident
2026-04-13,14:26,20260413-011,Coffee,Drinks,4,3.00,resident
2026-04-13,14:26,20260413-011,Grilled salmon,Main,4,15.00,resident
2026-04-13,14:26,20260413-011,Soup of the day,Starter,4,7.95,resident
2026-04-13,14:26,20260413-011,Glass of house wine,Drinks,4,5.50,resident
2026-04-13,14:26,20260413-011,Fish pie,Main,4,13.95,resident
2026-04-13,14:26,20260413-011,Soup of the day,Starter,4,7.95,resident
2026-04-13,14:26,20260413-011,Sticky toffee pudding,Dessert,4,6.50,resident
2026-04-13,14:26,20260413-011,Glass of house wine,Drinks,4,5.50,resident
2026-04-13,13:53,20260413-012,Vegetable biryani,Main,4,11.95,resident
2026-04-13,13:53,20260413-012,Matzo ball soup,Starter,4,8.95,resident
2026-04-13,13:53,20260413-012,Fish pie,Main,4,13.95,resident
2026-04-13,13:53,20260413-012,Soup of the day,Starter,4,7.95,resident
2026-04-13,13:53,20260413-012,Coffee,Drinks,4,3.00,resident
2026-04-13,13:53,20260413-012,Fish pie,Main,4,13.95,resident
2026-04-13,13:53,20260413-012,Soup of the day,Starter,4,7.95,resident
2026-04-13,13:53,20260413-012,Fruit crumble,Dessert,4,6.25,resident
2026-04-13,13:53,20260413-012,Coffee,Drinks,4,3.00,resident
2026-04-13,13:53,20260413-012,Grilled salmon,Main,4,15.00,resident
2026-04-13,13:53,20260413-012,Glass of house wine,Drinks,4,5.50,resident
2026-04-14,14:00,20260414-001,Vegetable biryani,Main,2,11.95,resident
2026-04-14,14:00,20260414-001,Matzo ball soup,Starter,2,8.95,resident
2026-04-14,14:00,20260414-001,Pot of tea,Drinks,2,3.25,resident
2026-04-14,14:00,20260414-001,Vegetable biryani,Main,2,11.95,resident
2026-04-14,14:00,20260414-001,Soup of the day,Starter,2,7.95,resident
2026-04-14,14:00,20260414-001,Fruit crumble,Dessert,2,6.25,resident
2026-04-14,14:00,20260414-001,Pot of tea,Drinks,2,3.25,resident
2026-04-14,14:33,20260414-002,Roast chicken,Main,2,14.50,resident
2026-04-14,14:33,20260414-002,Matzo ball soup,Starter,2,8.95,resident
2026-04-14,14:33,20260414-002,Sticky toffee pudding,Dessert,2,6.50,resident
2026-04-14,14:33,20260414-002,Glass of house wine,Drinks,2,5.50,resident
2026-04-14,14:33,20260414-002,Paneer & spinach curry,Main,2,12.50,resident
2026-04-14,14:33,20260414-002,Glass of house wine,Drinks,2,5.50,resident
2026-04-14,18:00,20260414-003,Grilled salmon,Main,3,15.00,resident
2026-04-14,18:00,20260414-003,Coffee,Drinks,3,3.00,resident
2026-04-14,18:00,20260414-003,Roast chicken,Main,3,14.50,resident
2026-04-14,18:00,20260414-003,Sticky toffee pudding,Dessert,3,6.50,resident
2026-04-14,18:00,20260414-003,Coffee,Drinks,3,3.00,resident
2026-04-14,18:00,20260414-003,Fish pie,Main,3,13.95,resident
2026-04-14,18:00,20260414-003,Matzo ball soup,Starter,3,8.95,resident
2026-04-14,18:00,20260414-003,Pot of tea,Drinks,3,3.25,resident
2026-04-14,16:10,20260414-004,Roast chicken,Main,2,14.50,resident
2026-04-14,16:10,20260414-004,Soup of the day,Starter,2,7.95,resident
2026-04-14,16:10,20260414-004,Pot of tea,Drinks,2,3.25,resident
2026-04-14,16:10,20260414-004,Fish pie,Main,2,13.95,resident
2026-04-14,16:10,20260414-004,Fruit crumble,Dessert,2,6.25,resident
2026-04-14,16:10,20260414-004,Pot of tea,Drinks,2,3.25,resident
2026-04-14,12:38,20260414-005,Grilled salmon,Main,1,15.00,resident
2026-04-14,12:38,20260414-005,Pot of tea,Drinks,1,3.25,resident
2026-04-14,13:05,20260414-006,Paneer & spinach curry,Main,1,12.50,external
2026-04-14,13:05,20260414-006,Coffee,Drinks,1,3.00,external
2026-04-14,14:07,20260414-007,Paneer & spinach curry,Main,2,12.50,resident
2026-04-14,14:07,20260414-007,Pot of tea,Drinks,2,3.25,resident
2026-04-14,14:07,20260414-007,Fish pie,Main,2,13.95,resident
2026-04-14,14:07,20260414-007,Sticky toffee pudding,Dessert,2,6.50,resident
2026-04-14,15:31,20260414-008,Grilled salmon,Main,3,15.00,external
2026-04-14,15:31,20260414-008,Coffee,Drinks,3,3.00,external
2026-04-14,15:31,20260414-008,Grilled salmon,Main,3,15.00,external
2026-04-14,15:31,20260414-008,Sticky toffee pudding,Dessert,3,6.50,external
2026-04-14,15:31,20260414-008,Glass of house wine,Drinks,3,5.50,external
2026-04-14,15:31,20260414-008,Shepherd's pie,Main,3,12.95,external
2026-04-14,15:31,20260414-008,Soup of the day,Starter,3,7.95,external
2026-04-14,15:31,20260414-008,Sticky toffee pudding,Dessert,3,6.50,external
2026-04-14,15:31,20260414-008,Coffee,Drinks,3,3.00,external
2026-04-14,14:22,20260414-009,Paneer & spinach curry,Main,2,12.50,resident
2026-04-14,14:22,20260414-009,Soup of the day,Starter,2,7.95,resident
2026-04-14,14:22,20260414-009,Pot of tea,Drinks,2,3.25,resident
2026-04-14,14:22,20260414-009,Roast chicken,Main,2,14.50,resident
2026-04-14,14:22,20260414-009,Soup of the day,Starter,2,7.95,resident
2026-04-14,14:22,20260414-009,Fruit crumble,Dessert,2,6.25,resident
2026-04-14,14:22,20260414-009,Pot of tea,Drinks,2,3.25,resident
2026-04-14,18:42,20260414-010,Vegetable biryani,Main,2,11.95,resident
2026-04-14,18:42,20260414-010,Sticky toffee pudding,Dessert,2,6.50,resident
2026-04-14,18:42,20260414-010,Coffee,Drinks,2,3.00,resident
2026-04-14,18:42,20260414-010,Roast chicken,Main,2,14.50,resident
2026-04-14,18:42,20260414-010,Coffee,Drinks,2,3.00,resident
2026-04-14,13:40,20260414-011,Roast chicken,Main,3,14.50,resident
2026-04-14,13:40,20260414-011,Coffee,Drinks,3,3.00,resident
2026-04-14,13:40,20260414-011,Roast chicken,Main,3,14.50,resident
2026-04-14,13:40,20260414-011,Fruit crumble,Dessert,3,6.25,resident
2026-04-14,13:40,20260414-011,Pot of tea,Drinks,3,3.25,resident
2026-04-14,13:40,20260414-011,Grilled salmon,Main,3,15.00,resident
2026-04-14,13:40,20260414-011,Matzo ball soup,Starter,3,8.95,resident
2026-04-14,13:40,20260414-011,Fruit crumble,Dessert,3,6.25,resident
2026-04-14,13:40,20260414-011,Coffee,Drinks,3,3.00,resident
2026-04-14,14:34,20260414-012,Roast chicken,Main,2,14.50,resident
2026-04-14,14:34,20260414-012,Matzo ball soup,Starter,2,8.95,resident
2026-04-14,14:34,20260414-012,Coffee,Drinks,2,3.00,resident
2026-04-14,14:34,20260414-012,Shepherd's pie,Main,2,12.95,resident
2026-04-14,14:34,20260414-012,Matzo ball soup,Starter,2,8.95,resident
2026-04-14,14:34,20260414-012,Coffee,Drinks,2,3.00,resident
2026-04-14,17:37,20260414-013,Vegetable biryani,Main,3,11.95,resident
2026-04-14,17:37,20260414-013,Coffee,Drinks,3,3.00,resident
2026-04-14,17:37,20260414-013,Fish pie,Main,3,13.95,resident
2026-04-14,17:37,20260414-013,Sticky toffee pudding,Dessert,3,6.50,resident
2026-04-14,17:37,20260414-013,Glass of house wine,Drinks,3,5.50,resident
2026-04-14,17:37,20260414-013,Shepherd's pie,Main,3,12.95,resident
2026-04-14,17:37,20260414-013,Coffee,Drinks,3,3.00,resident
2026-04-14,18:07,20260414-014,Shepherd's pie,Main,2,12.95,resident
2026-04-14,18:07,20260414-014,Matzo ball soup,Starter,2,8.95,resident
2026-04-14,18:07,20260414-014,Coffee,Drinks,2,3.00,resident
2026-04-14,18:07,20260414-014,Roast chicken,Main,2,14.50,resident
2026-04-14,18:07,20260414-014,Fruit crumble,Dessert,2,6.25,resident
2026-04-14,18:07,20260414-014,Glass of house wine,Drinks,2,5.50,resident
2026-04-14,15:53,20260414-015,Shepherd's pie,Main,3,12.95,resident
2026-04-14,15:53,20260414-015,Coffee,Drinks,3,3.00,resident
2026-04-14,15:53,20260414-015,Shepherd's pie,Main,3,12.95,resident
2026-04-14,15:53,20260414-015,Coffee,Drinks,3,3.00,resident
2026-04-14,15:53,20260414-015,Vegetable biryani,Main,3,11.95,resident
2026-04-14,15:53,20260414-015,Matzo ball soup,Starter,3,8.95,resident
2026-04-14,15:53,20260414-015,Glass of house wine,Drinks,3,5.50,resident
2026-04-14,17:26,20260414-016,Vegetable biryani,Main,2,11.95,resident
2026-04-14,17:26,20260414-016,Fruit crumble,Dessert,2,6.25,resident
2026-04-14,17:26,20260414-016,Glass of house wine,Drinks,2,5.50,resident
2026-04-14,17:26,20260414-016,Paneer & spinach curry,Main,2,12.50,resident
2026-04-14,17:26,20260414-016,Matzo ball soup,Starter,2,8.95,resident
2026-04-14,17:26,20260414-016,Sticky toffee pudding,Dessert,2,6.50,resident
2026-04-14,17:26,20260414-016,Glass of house wine,Drinks,2,5.50,resident
2026-04-14,15:32,20260414-017,Vegetable biryani,Main,2,11.95,resident
2026-04-14,15:32,20260414-017,Fruit crumble,Dessert,2,6.25,resident
2026-04-14,15:32,20260414-017,Coffee,Drinks,2,3.00,resident
2026-04-14,15:32,20260414-017,Grilled salmon,Main,2,15.00,resident
2026-04-14,15:32,20260414-017,Soup of the day,Starter,2,7.95,resident
2026-04-14,15:19,20260414-018,Shepherd's pie,Main,2,12.95,resident
2026-04-14,15:19,20260414-018,Coffee,Drinks,2,3.00,resident
2026-04-14,15:19,20260414-018,Shepherd's pie,Main,2,12.95,resident
2026-04-14,15:19,20260414-018,Soup of the day,Starter,2,7.95,resident
2026-04-14,15:19,20260414-018,Coffee,Drinks,2,3.00,resident
2026-04-14,18:10,20260414-019,Shepherd's pie,Main,3,12.95,resident
2026-04-14,18:10,20260414-019,Coffee,Drinks,3,3.00,resident
2026-04-14,18:10,20260414-019,Vegetable biryani,Main,3,11.95,resident
2026-04-14,18:10,20260414-019,Fruit crumble,Dessert,3,6.25,resident
2026-04-14,18:10,20260414-019,Pot of tea,Drinks,3,3.25,resident
2026-04-14,18:10,20260414-019,Roast chicken,Main,3,14.50,resident
2026-04-14,18:10,20260414-019,Soup of the day,Starter,3,7.95,resident
2026-04-14,18:10,20260414-019,Fruit crumble,Dessert,3,6.25,resident
2026-04-14,18:10,20260414-019,Coffee,Drinks,3,3.00,resident
2026-04-14,15:35,20260414-020,Roast chicken,Main,2,14.50,resident
2026-04-14,15:35,20260414-020,Coffee,Drinks,2,3.00,resident
2026-04-14,15:35,20260414-020,Fish pie,Main,2,13.95,resident
2026-04-14,15:35,20260414-020,Coffee,Drinks,2,3.00,resident
2026-04-14,13:42,20260414-021,Vegetable biryani,Main,4,11.95,resident
2026-04-14,13:42,20260414-021,Matzo ball soup,Starter,4,8.95,resident
2026-04-14,13:42,20260414-021,Coffee,Drinks,4,3.00,resident
2026-04-14,13:42,20260414-021,Shepherd's pie,Main,4,12.95,resident
2026-04-14,13:42,20260414-021,Pot of tea,Drinks,4,3.25,resident
2026-04-14,13:42,20260414-021,Grilled salmon,Main,4,15.00,resident
2026-04-14,13:42,20260414-021,Pot of tea,Drinks,4,3.25,resident
2026-04-14,13:42,20260414-021,Vegetable biryani,Main,4,11.95,resident
2026-04-14,13:42,20260414-021,Soup of the day,Starter,4,7.95,resident
2026-04-14,18:06,20260414-022,Vegetable biryani,Main,2,11.95,resident
2026-04-14,18:06,20260414-022,Coffee,Drinks,2,3.00,resident
2026-04-14,18:06,20260414-022,Grilled salmon,Main,2,15.00,resident
2026-04-14,18:06,20260414-022,Sticky toffee pudding,Dessert,2,6.50,resident
2026-04-14,18:06,20260414-022,Pot of tea,Drinks,2,3.25,resident
2026-04-14,16:19,20260414-023,Roast chicken,Main,2,14.50,resident
2026-04-14,16:19,20260414-023,Coffee,Drinks,2,3.00,resident
2026-04-14,16:19,20260414-023,Grilled salmon,Main,2,15.00,resident
2026-04-14,16:19,20260414-023,Glass of house wine,Drinks,2,5.50,resident
2026-04-14,17:33,20260414-024,Vegetable biryani,Main,2,11.95,resident
2026-04-14,17:33,20260414-024,Pot of tea,Drinks,2,3.25,resident
2026-04-14,17:33,20260414-024,Paneer & spinach curry,Main,2,12.50,resident
2026-04-14,17:33,20260414-024,Coffee,Drinks,2,3.00,resident
2026-04-15,17:39,20260415-001,Shepherd's pie,Main,2,12.95,resident
2026-04-15,17:39,20260415-001,Fruit crumble,Dessert,2,6.25,resident
2026-04-15,17:39,20260415-001,Pot of tea,Drinks,2,3.25,resident
2026-04-15,17:39,20260415-001,Paneer & spinach curry,Main,2,12.50,resident
2026-04-15,17:39,20260415-001,Matzo ball soup,Starter,2,8.95,resident
2026-04-15,17:39,20260415-001,Coffee,Drinks,2,3.00,resident
2026-04-15,17:53,20260415-002,Fish pie,Main,4,13.95,resident
2026-04-15,17:53,20260415-002,Fruit crumble,Dessert,4,6.25,resident
2026-04-15,17:53,20260415-002,Fish pie,Main,4,13.95,resident
2026-04-15,17:53,20260415-002,Soup of the day,Starter,4,7.95,resident
2026-04-15,17:53,20260415-002,Sticky toffee pudding,Dessert,4,6.50,resident
2026-04-15,17:53,20260415-002,Glass of house wine,Drinks,4,5.50,resident
2026-04-15,17:53,20260415-002,Roast chicken,Main,4,14.50,resident
2026-04-15,17:53,20260415-002,Glass of house wine,Drinks,4,5.50,resident
2026-04-15,17:53,20260415-002,Shepherd's pie,Main,4,12.95,resident
2026-04-15,17:53,20260415-002,Matzo ball soup,Starter,4,8.95,resident
2026-04-15,17:53,20260415-002,Pot of tea,Drinks,4,3.25,resident
2026-04-15,12:26,20260415-003,Shepherd's pie,Main,1,12.95,resident
2026-04-15,12:26,20260415-003,Matzo ball soup,Starter,1,8.95,resident
2026-04-15,12:26,20260415-003,Pot of tea,Drinks,1,3.25,resident
2026-04-15,13:16,20260415-004,Paneer & spinach curry,Main,1,12.50,resident
2026-04-15,13:16,20260415-004,Matzo ball soup,Starter,1,8.95,resident
2026-04-15,13:16,20260415-004,Fruit crumble,Dessert,1,6.25,resident
2026-04-15,13:16,20260415-004,Coffee,Drinks,1,3.00,resident
2026-04-15,16:27,20260415-005,Shepherd's pie,Main,2,12.95,resident
2026-04-15,16:27,20260415-005,Soup of the day,Starter,2,7.95,resident
2026-04-15,16:27,20260415-005,Sticky toffee pudding,Dessert,2,6.50,resident
2026-04-15,16:27,20260415-005,Coffee,Drinks,2,3.00,resident
2026-04-15,16:27,20260415-005,Fish pie,Main,2,13.95,resident
2026-04-15,16:27,20260415-005,Sticky toffee pudding,Dessert,2,6.50,resident
2026-04-15,16:27,20260415-005,Glass of house wine,Drinks,2,5.50,resident
2026-04-15,12:01,20260415-006,Grilled salmon,Main,1,15.00,resident
2026-04-15,12:01,20260415-006,Sticky toffee pudding,Dessert,1,6.50,resident
2026-04-15,12:01,20260415-006,Glass of house wine,Drinks,1,5.50,resident
2026-04-15,12:36,20260415-007,Paneer & spinach curry,Main,3,12.50,resident
2026-04-15,12:36,20260415-007,Coffee,Drinks,3,3.00,resident
2026-04-15,12:36,20260415-007,Shepherd's pie,Main,3,12.95,resident
2026-04-15,12:36,20260415-007,Matzo ball soup,Starter,3,8.95,resident
2026-04-15,12:36,20260415-007,Fish pie,Main,3,13.95,resident
2026-04-15,12:36,20260415-007,Matzo ball soup,Starter,3,8.95,resident
2026-04-15,12:36,20260415-007,Coffee,Drinks,3,3.00,resident
2026-04-15,15:44,20260415-008,Grilled salmon,Main,4,15.00,resident
2026-04-15,15:44,20260415-008,Soup of the day,Starter,4,7.95,resident
2026-04-15,15:44,20260415-008,Pot of tea,Drinks,4,3.25,resident
2026-04-15,15:44,20260415-008,Roast chicken,Main,4,14.50,resident
2026-04-15,15:44,20260415-008,Pot of tea,Drinks,4,3.25,resident
2026-04-15,15:44,20260415-008,Roast chicken,Main,4,14.50,resident
2026-04-15,15:44,20260415-008,Matzo ball soup,Starter,4,8.95,resident
2026-04-15,15:44,20260415-008,Glass of house wine,Drinks,4,5.50,resident
2026-04-15,15:44,20260415-008,Roast chicken,Main,4,14.50,resident
2026-04-15,15:44,20260415-008,Fruit crumble,Dessert,4,6.25,resident
2026-04-15,16:59,20260415-009,Shepherd's pie,Main,1,12.95,resident
2026-04-15,16:59,20260415-009,Pot of tea,Drinks,1,3.25,resident
2026-04-15,13:22,20260415-010,Grilled salmon,Main,1,15.00,resident
2026-04-15,13:22,20260415-010,Coffee,Drinks,1,3.00,resident
2026-04-15,12:45,20260415-011,Paneer & spinach curry,Main,1,12.50,resident
2026-04-15,12:45,20260415-011,Soup of the day,Starter,1,7.95,resident
2026-04-15,12:45,20260415-011,Glass of house wine,Drinks,1,5.50,resident
2026-04-15,15:56,20260415-012,Fish pie,Main,3,13.95,resident
2026-04-15,15:56,20260415-012,Pot of tea,Drinks,3,3.25,resident
2026-04-15,15:56,20260415-012,Roast chicken,Main,3,14.50,resident
2026-04-15,15:56,20260415-012,Matzo ball soup,Starter,3,8.95,resident
2026-04-15,15:56,20260415-012,Coffee,Drinks,3,3.00,resident
2026-04-15,15:56,20260415-012,Roast chicken,Main,3,14.50,resident
2026-04-15,15:56,20260415-012,Matzo ball soup,Starter,3,8.95,resident
2026-04-15,15:56,20260415-012,Glass of house wine,Drinks,3,5.50,resident
2026-04-15,13:55,20260415-013,Roast chicken,Main,2,14.50,resident
2026-04-15,13:55,20260415-013,Sticky toffee pudding,Dessert,2,6.50,resident
2026-04-15,13:55,20260415-013,Coffee,Drinks,2,3.00,resident
2026-04-15,13:55,20260415-013,Vegetable biryani,Main,2,11.95,resident
2026-04-15,13:55,20260415-013,Pot of tea,Drinks,2,3.25,resident
2026-04-15,13:14,20260415-014,Vegetable biryani,Main,2,11.95,resident
2026-04-15,13:14,20260415-014,Glass of house wine,Drinks,2,5.50,resident
2026-04-15,13:14,20260415-014,Shepherd's pie,Main,2,12.95,resident
2026-04-15,13:14,20260415-014,Soup of the day,Starter,2,7.95,resident
2026-04-15,13:14,20260415-014,Glass of house wine,Drinks,2,5.50,resident
2026-04-15,17:37,20260415-015,Fish pie,Main,2,13.95,resident
2026-04-15,17:37,20260415-015,Soup of the day,Starter,2,7.95,resident
2026-04-15,17:37,20260415-015,Fruit crumble,Dessert,2,6.25,resident
2026-04-15,17:37,20260415-015,Pot of tea,Drinks,2,3.25,resident
2026-04-15,17:37,20260415-015,Fish pie,Main,2,13.95,resident
2026-04-15,17:37,20260415-015,Fruit crumble,Dessert,2,6.25,resident
2026-04-15,17:37,20260415-015,Coffee,Drinks,2,3.00,resident
2026-04-15,18:21,20260415-016,Shepherd's pie,Main,1,12.95,resident
2026-04-15,18:21,20260415-016,Matzo ball soup,Starter,1,8.95,resident
2026-04-15,18:21,20260415-016,Pot of tea,Drinks,1,3.25,resident
2026-04-15,12:51,20260415-017,Shepherd's pie,Main,2,12.95,resident
2026-04-15,12:51,20260415-017,Soup of the day,Starter,2,7.95,resident
2026-04-15,12:51,20260415-017,Sticky toffee pudding,Dessert,2,6.50,resident
2026-04-15,12:51,20260415-017,Coffee,Drinks,2,3.00,resident
2026-04-15,12:51,20260415-017,Fish pie,Main,2,13.95,resident
2026-04-15,12:51,20260415-017,Soup of the day,Starter,2,7.95,resident
2026-04-15,12:51,20260415-017,Fruit crumble,Dessert,2,6.25,resident
2026-04-15,12:51,20260415-017,Coffee,Drinks,2,3.00,resident
2026-04-15,16:33,20260415-018,Paneer & spinach curry,Main,3,12.50,resident
2026-04-15,16:33,20260415-018,Pot of tea,Drinks,3,3.25,resident
2026-04-15,16:33,20260415-018,Vegetable biryani,Main,3,11.95,resident
2026-04-15,16:33,20260415-018,Soup of the day,Starter,3,7.95,resident
2026-04-15,16:33,20260415-018,Pot of tea,Drinks,3,3.25,resident
2026-04-15,16:33,20260415-018,Roast chicken,Main,3,14.50,resident
2026-04-15,16:33,20260415-018,Glass of house wine,Drinks,3,5.50,resident
2026-04-15,12:14,20260415-019,Roast chicken,Main,2,14.50,external
2026-04-15,12:14,20260415-019,Soup of the day,Starter,2,7.95,external
2026-04-15,12:14,20260415-019,Pot of tea,Drinks,2,3.25,external
2026-04-15,12:14,20260415-019,Grilled salmon,Main,2,15.00,external
2026-04-15,12:14,20260415-019,Sticky toffee pudding,Dessert,2,6.50,external
2026-04-15,12:14,20260415-019,Pot of tea,Drinks,2,3.25,external
2026-04-15,16:14,20260415-020,Fish pie,Main,2,13.95,resident
2026-04-15,16:14,20260415-020,Soup of the day,Starter,2,7.95,resident
2026-04-15,16:14,20260415-020,Coffee,Drinks,2,3.00,resident
2026-04-15,16:14,20260415-020,Shepherd's pie,Main,2,12.95,resident
2026-04-15,16:14,20260415-020,Pot of tea,Drinks,2,3.25,resident
2026-04-15,17:00,20260415-021,Shepherd's pie,Main,2,12.95,resident
2026-04-15,17:00,20260415-021,Coffee,Drinks,2,3.00,resident
2026-04-15,17:00,20260415-021,Shepherd's pie,Main,2,12.95,resident
2026-04-15,17:00,20260415-021,Soup of the day,Starter,2,7.95,resident
2026-04-15,17:00,20260415-021,Coffee,Drinks,2,3.00,resident
2026-04-15,17:37,20260415-022,Roast chicken,Main,2,14.50,resident
2026-04-15,17:37,20260415-022,Glass of house wine,Drinks,2,5.50,resident
2026-04-15,17:37,20260415-022,Vegetable biryani,Main,2,11.95,resident
2026-04-15,13:57,20260415-023,Paneer & spinach curry,Main,3,12.50,resident
2026-04-15,13:57,20260415-023,Matzo ball soup,Starter,3,8.95,resident
2026-04-15,13:57,20260415-023,Coffee,Drinks,3,3.00,resident
2026-04-15,13:57,20260415-023,Grilled salmon,Main,3,15.00,resident
2026-04-15,13:57,20260415-023,Sticky toffee pudding,Dessert,3,6.50,resident
2026-04-15,13:57,20260415-023,Grilled salmon,Main,3,15.00,resident
2026-04-15,13:57,20260415-023,Soup of the day,Starter,3,7.95,resident
2026-04-15,13:57,20260415-023,Fruit crumble,Dessert,3,6.25,resident
2026-04-15,13:57,20260415-023,Glass of house wine,Drinks,3,5.50,resident
2026-04-15,18:22,20260415-024,Fish pie,Main,2,13.95,resident
2026-04-15,18:22,20260415-024,Soup of the day,Starter,2,7.95,resident
2026-04-15,18:22,20260415-024,Fish pie,Main,2,13.95,resident
2026-04-15,18:22,20260415-024,Soup of the day,Starter,2,7.95,resident
2026-04-15,18:22,20260415-024,Coffee,Drinks,2,3.00,resident
2026-04-15,15:59,20260415-025,Fish pie,Main,3,13.95,resident
2026-04-15,15:59,20260415-025,Fruit crumble,Dessert,3,6.25,resident
2026-04-15,15:59,20260415-025,Vegetable biryani,Main,3,11.95,resident
2026-04-15,15:59,20260415-025,Soup of the day,Starter,3,7.95,resident
2026-04-15,15:59,20260415-025,Sticky toffee pudding,Dessert,3,6.50,resident
2026-04-15,15:59,20260415-025,Coffee,Drinks,3,3.00,resident
2026-04-15,15:59,20260415-025,Grilled salmon,Main,3,15.00,resident
2026-04-15,15:59,20260415-025,Soup of the day,Starter,3,7.95,resident
2026-04-15,13:59,20260415-026,Vegetable biryani,Main,1,11.95,resident
2026-04-15,12:32,20260415-027,Shepherd's pie,Main,2,12.95,resident
2026-04-15,12:32,20260415-027,Fruit crumble,Dessert,2,6.25,resident
2026-04-15,12:32,20260415-027,Glass of house wine,Drinks,2,5.50,resident
2026-04-15,12:32,20260415-027,Roast chicken,Main,2,14.50,resident
2026-04-15,12:32,20260415-027,Soup of the day,Starter,2,7.95,resident
2026-04-15,12:32,20260415-027,Sticky toffee pudding,Dessert,2,6.50,resident
2026-04-15,12:32,20260415-027,Glass of house wine,Drinks,2,5.50,resident
2026-04-16,18:42,20260416-001,Roast chicken,Main,4,14.50,resident
2026-04-16,18:42,20260416-001,Coffee,Drinks,4,3.00,resident
2026-04-16,18:42,20260416-001,Fish pie,Main,4,13.95,resident
2026-04-16,18:42,20260416-001,Matzo ball soup,Starter,4,8.95,resident
2026-04-16,18:42,20260416-001,Glass of house wine,Drinks,4,5.50,resident
2026-04-16,18:42,20260416-001,Fish pie,Main,4,13.95,resident
2026-04-16,18:42,20260416-001,Glass of house wine,Drinks,4,5.50,resident
2026-04-16,18:42,20260416-001,Roast chicken,Main,4,14.50,resident
2026-04-16,18:42,20260416-001,Soup of the day,Starter,4,7.95,resident
2026-04-16,18:42,20260416-001,Pot of tea,Drinks,4,3.25,resident
2026-04-16,12:26,20260416-002,Shepherd's pie,Main,1,12.95,resident
2026-04-16,12:26,20260416-002,Coffee,Drinks,1,3.00,resident
2026-04-16,12:55,20260416-003,Fish pie,Main,2,13.95,resident
2026-04-16,12:55,20260416-003,Fruit crumble,Dessert,2,6.25,resident
2026-04-16,12:55,20260416-003,Coffee,Drinks,2,3.00,resident
2026-04-16,12:55,20260416-003,Roast chicken,Main,2,14.50,resident
2026-04-16,12:55,20260416-003,Glass of house wine,Drinks,2,5.50,resident
2026-04-16,15:47,20260416-004,Roast chicken,Main,3,14.50,resident
2026-04-16,15:47,20260416-004,Matzo ball soup,Starter,3,8.95,resident
2026-04-16,15:47,20260416-004,Fruit crumble,Dessert,3,6.25,resident
2026-04-16,15:47,20260416-004,Pot of tea,Drinks,3,3.25,resident
2026-04-16,15:47,20260416-004,Grilled salmon,Main,3,15.00,resident
2026-04-16,15:47,20260416-004,Soup of the day,Starter,3,7.95,resident
2026-04-16,15:47,20260416-004,Glass of house wine,Drinks,3,5.50,resident
2026-04-16,15:47,20260416-004,Grilled salmon,Main,3,15.00,resident
2026-04-16,15:47,20260416-004,Matzo ball soup,Starter,3,8.95,resident
2026-04-16,15:47,20260416-004,Pot of tea,Drinks,3,3.25,resident
2026-04-16,15:24,20260416-005,Roast chicken,Main,3,14.50,resident
2026-04-16,15:24,20260416-005,Soup of the day,Starter,3,7.95,resident
2026-04-16,15:24,20260416-005,Glass of house wine,Drinks,3,5.50,resident
2026-04-16,15:24,20260416-005,Shepherd's pie,Main,3,12.95,resident
2026-04-16,15:24,20260416-005,Matzo ball soup,Starter,3,8.95,resident
2026-04-16,15:24,20260416-005,Sticky toffee pudding,Dessert,3,6.50,resident
2026-04-16,15:24,20260416-005,Pot of tea,Drinks,3,3.25,resident
2026-04-16,15:24,20260416-005,Fish pie,Main,3,13.95,resident
2026-04-16,15:24,20260416-005,Pot of tea,Drinks,3,3.25,resident
2026-04-16,15:01,20260416-006,Shepherd's pie,Main,1,12.95,resident
2026-04-16,15:00,20260416-007,Vegetable biryani,Main,2,11.95,resident
2026-04-16,15:00,20260416-007,Soup of the day,Starter,2,7.95,resident
2026-04-16,15:00,20260416-007,Sticky toffee pudding,Dessert,2,6.50,resident
2026-04-16,15:00,20260416-007,Pot of tea,Drinks,2,3.25,resident
2026-04-16,15:00,20260416-007,Roast chicken,Main,2,14.50,resident
2026-04-16,15:00,20260416-007,Coffee,Drinks,2,3.00,resident
2026-04-16,18:59,20260416-008,Grilled salmon,Main,4,15.00,resident
2026-04-16,18:59,20260416-008,Fruit crumble,Dessert,4,6.25,resident
2026-04-16,18:59,20260416-008,Glass of house wine,Drinks,4,5.50,resident
2026-04-16,18:59,20260416-008,Paneer & spinach curry,Main,4,12.50,resident
2026-04-16,18:59,20260416-008,Glass of house wine,Drinks,4,5.50,resident
2026-04-16,18:59,20260416-008,Grilled salmon,Main,4,15.00,resident
2026-04-16,18:59,20260416-008,Matzo ball soup,Starter,4,8.95,resident
2026-04-16,18:59,20260416-008,Roast chicken,Main,4,14.50,resident
2026-04-16,18:59,20260416-008,Fruit crumble,Dessert,4,6.25,resident
2026-04-16,18:59,20260416-008,Glass of house wine,Drinks,4,5.50,resident
2026-04-16,14:46,20260416-009,Vegetable biryani,Main,2,11.95,resident
2026-04-16,14:46,20260416-009,Coffee,Drinks,2,3.00,resident
2026-04-16,14:46,20260416-009,Roast chicken,Main,2,14.50,resident
2026-04-16,14:46,20260416-009,Fruit crumble,Dessert,2,6.25,resident
2026-04-16,14:46,20260416-009,Pot of tea,Drinks,2,3.25,resident
2026-04-16,18:26,20260416-010,Paneer & spinach curry,Main,2,12.50,resident
2026-04-16,18:26,20260416-010,Soup of the day,Starter,2,7.95,resident
2026-04-16,18:26,20260416-010,Pot of tea,Drinks,2,3.25,resident
2026-04-16,18:26,20260416-010,Paneer & spinach curry,Main,2,12.50,resident
2026-04-16,18:26,20260416-010,Soup of the day,Starter,2,7.95,resident
2026-04-16,18:26,20260416-010,Glass of house wine,Drinks,2,5.50,resident
2026-04-16,18:32,20260416-011,Paneer & spinach curry,Main,4,12.50,resident
2026-04-16,18:32,20260416-011,Matzo ball soup,Starter,4,8.95,resident
2026-04-16,18:32,20260416-011,Fruit crumble,Dessert,4,6.25,resident
2026-04-16,18:32,20260416-011,Pot of tea,Drinks,4,3.25,resident
2026-04-16,18:32,20260416-011,Grilled salmon,Main,4,15.00,resident
2026-04-16,18:32,20260416-011,Soup of the day,Starter,4,7.95,resident
2026-04-16,18:32,20260416-011,Sticky toffee pudding,Dessert,4,6.50,resident
2026-04-16,18:32,20260416-011,Pot of tea,Drinks,4,3.25,resident
2026-04-16,18:32,20260416-011,Roast chicken,Main,4,14.50,resident
2026-04-16,18:32,20260416-011,Coffee,Drinks,4,3.00,resident
2026-04-16,18:32,20260416-011,Shepherd's pie,Main,4,12.95,resident
2026-04-16,18:32,20260416-011,Soup of the day,Starter,4,7.95,resident
2026-04-16,18:32,20260416-011,Fruit crumble,Dessert,4,6.25,resident
2026-04-16,18:32,20260416-011,Coffee,Drinks,4,3.00,resident
2026-04-16,17:53,20260416-012,Roast chicken,Main,2,14.50,resident
2026-04-16,17:53,20260416-012,Matzo ball soup,Starter,2,8.95,resident
2026-04-16,17:53,20260416-012,Fruit crumble,Dessert,2,6.25,resident
2026-04-16,17:53,20260416-012,Pot of tea,Drinks,2,3.25,resident
2026-04-16,17:53,20260416-012,Paneer & spinach curry,Main,2,12.50,resident
2026-04-16,17:53,20260416-012,Sticky toffee pudding,Dessert,2,6.50,resident
2026-04-16,17:53,20260416-012,Pot of tea,Drinks,2,3.25,resident
2026-04-16,13:39,20260416-013,Paneer & spinach curry,Main,2,12.50,resident
2026-04-16,13:39,20260416-013,Matzo ball soup,Starter,2,8.95,resident
2026-04-16,13:39,20260416-013,Sticky toffee pudding,Dessert,2,6.50,resident
2026-04-16,13:39,20260416-013,Glass of house wine,Drinks,2,5.50,resident
2026-04-16,13:39,20260416-013,Fish pie,Main,2,13.95,resident
2026-04-16,13:39,20260416-013,Coffee,Drinks,2,3.00,resident
2026-04-16,18:26,20260416-014,Vegetable biryani,Main,2,11.95,resident
2026-04-16,18:26,20260416-014,Soup of the day,Starter,2,7.95,resident
2026-04-16,18:26,20260416-014,Glass of house wine,Drinks,2,5.50,resident
2026-04-16,18:26,20260416-014,Roast chicken,Main,2,14.50,resident
2026-04-16,18:26,20260416-014,Pot of tea,Drinks,2,3.25,resident
2026-04-16,12:37,20260416-015,Shepherd's pie,Main,2,12.95,resident
2026-04-16,12:37,20260416-015,Soup of the day,Starter,2,7.95,resident
2026-04-16,12:37,20260416-015,Coffee,Drinks,2,3.00,resident
2026-04-16,12:37,20260416-015,Roast chicken,Main,2,14.50,resident
2026-04-16,12:37,20260416-015,Pot of tea,Drinks,2,3.25,resident
2026-04-16,12:21,20260416-016,Vegetable biryani,Main,3,11.95,resident
2026-04-16,12:21,20260416-016,Fruit crumble,Dessert,3,6.25,resident
2026-04-16,12:21,20260416-016,Coffee,Drinks,3,3.00,resident
2026-04-16,12:21,20260416-016,Shepherd's pie,Main,3,12.95,resident
2026-04-16,12:21,20260416-016,Soup of the day,Starter,3,7.95,resident
2026-04-16,12:21,20260416-016,Pot of tea,Drinks,3,3.25,resident
2026-04-16,12:21,20260416-016,Roast chicken,Main,3,14.50,resident
2026-04-16,12:21,20260416-016,Soup of the day,Starter,3,7.95,resident
2026-04-16,12:21,20260416-016,Pot of tea,Drinks,3,3.25,resident
2026-04-16,14:24,20260416-017,Paneer & spinach curry,Main,2,12.50,resident
2026-04-16,14:24,20260416-017,Fruit crumble,Dessert,2,6.25,resident
2026-04-16,14:24,20260416-017,Glass of house wine,Drinks,2,5.50,resident
2026-04-16,14:24,20260416-017,Grilled salmon,Main,2,15.00,resident
2026-04-16,14:24,20260416-017,Soup of the day,Starter,2,7.95,resident
2026-04-16,14:24,20260416-017,Coffee,Drinks,2,3.00,resident
2026-04-16,14:50,20260416-018,Grilled salmon,Main,3,15.00,resident
2026-04-16,14:50,20260416-018,Soup of the day,Starter,3,7.95,resident
2026-04-16,14:50,20260416-018,Fruit crumble,Dessert,3,6.25,resident
2026-04-16,14:50,20260416-018,Coffee,Drinks,3,3.00,resident
2026-04-16,14:50,20260416-018,Roast chicken,Main,3,14.50,resident
2026-04-16,14:50,20260416-018,Soup of the day,Starter,3,7.95,resident
2026-04-16,14:50,20260416-018,Glass of house wine,Drinks,3,5.50,resident
2026-04-16,14:50,20260416-018,Grilled salmon,Main,3,15.00,resident
2026-04-16,14:50,20260416-018,Pot of tea,Drinks,3,3.25,resident
2026-04-16,15:36,20260416-019,Roast chicken,Main,2,14.50,resident
2026-04-16,15:36,20260416-019,Matzo ball soup,Starter,2,8.95,resident
2026-04-16,15:36,20260416-019,Coffee,Drinks,2,3.00,resident
2026-04-16,15:36,20260416-019,Fish pie,Main,2,13.95,resident
2026-04-16,15:36,20260416-019,Matzo ball soup,Starter,2,8.95,resident
2026-04-16,15:36,20260416-019,Fruit crumble,Dessert,2,6.25,resident
2026-04-16,15:36,20260416-019,Glass of house wine,Drinks,2,5.50,resident
2026-04-16,18:18,20260416-020,Roast chicken,Main,3,14.50,resident
2026-04-16,18:18,20260416-020,Pot of tea,Drinks,3,3.25,resident
2026-04-16,18:18,20260416-020,Fish pie,Main,3,13.95,resident
2026-04-16,18:18,20260416-020,Matzo ball soup,Starter,3,8.95,resident
2026-04-16,18:18,20260416-020,Pot of tea,Drinks,3,3.25,resident
2026-04-16,18:18,20260416-020,Grilled salmon,Main,3,15.00,resident
2026-04-16,18:18,20260416-020,Soup of the day,Starter,3,7.95,resident
2026-04-16,18:18,20260416-020,Coffee,Drinks,3,3.00,resident
2026-04-16,14:02,20260416-021,Shepherd's pie,Main,2,12.95,resident
2026-04-16,14:02,20260416-021,Fruit crumble,Dessert,2,6.25,resident
2026-04-16,14:02,20260416-021,Glass of house wine,Drinks,2,5.50,resident
2026-04-16,14:02,20260416-021,Shepherd's pie,Main,2,12.95,resident
2026-04-16,14:02,20260416-021,Glass of house wine,Drinks,2,5.50,resident
2026-04-16,14:08,20260416-022,Shepherd's pie,Main,2,12.95,resident
2026-04-16,14:08,20260416-022,Coffee,Drinks,2,3.00,resident
2026-04-16,14:08,20260416-022,Roast chicken,Main,2,14.50,resident
2026-04-16,14:08,20260416-022,Matzo ball soup,Starter,2,8.95,resident
2026-04-16,14:08,20260416-022,Sticky toffee pudding,Dessert,2,6.50,resident
2026-04-16,14:08,20260416-022,Glass of house wine,Drinks,2,5.50,resident
2026-04-16,18:58,20260416-023,Paneer & spinach curry,Main,4,12.50,resident
2026-04-16,18:58,20260416-023,Pot of tea,Drinks,4,3.25,resident
2026-04-16,18:58,20260416-023,Shepherd's pie,Main,4,12.95,resident
2026-04-16,18:58,20260416-023,Coffee,Drinks,4,3.00,resident
2026-04-16,18:58,20260416-023,Grilled salmon,Main,4,15.00,resident
2026-04-16,18:58,20260416-023,Glass of house wine,Drinks,4,5.50,resident
2026-04-16,18:58,20260416-023,Shepherd's pie,Main,4,12.95,resident
2026-04-16,18:58,20260416-023,Fruit crumble,Dessert,4,6.25,resident
2026-04-16,18:58,20260416-023,Glass of house wine,Drinks,4,5.50,resident
2026-04-17,17:40,20260417-001,Vegetable biryani,Main,2,11.95,resident
2026-04-17,17:40,20260417-001,Sticky toffee pudding,Dessert,2,6.50,resident
2026-04-17,17:40,20260417-001,Pot of tea,Drinks,2,3.25,resident
2026-04-17,17:40,20260417-001,Grilled salmon,Main,2,15.00,resident
2026-04-17,17:40,20260417-001,Soup of the day,Starter,2,7.95,resident
2026-04-17,17:40,20260417-001,Sticky toffee pudding,Dessert,2,6.50,resident
2026-04-17,17:40,20260417-001,Glass of house wine,Drinks,2,5.50,resident
2026-04-17,17:36,20260417-002,Vegetable biryani,Main,2,11.95,resident
2026-04-17,17:36,20260417-002,Sticky toffee pudding,Dessert,2,6.50,resident
2026-04-17,17:36,20260417-002,Pot of tea,Drinks,2,3.25,resident
2026-04-17,17:36,20260417-002,Grilled salmon,Main,2,15.00,resident
2026-04-17,17:36,20260417-002,Soup of the day,Starter,2,7.95,resident
2026-04-17,17:36,20260417-002,Glass of house wine,Drinks,2,5.50,resident
2026-04-17,18:06,20260417-003,Shepherd's pie,Main,1,12.95,resident
2026-04-17,18:06,20260417-003,Matzo ball soup,Starter,1,8.95,resident
2026-04-17,18:06,20260417-003,Sticky toffee pudding,Dessert,1,6.50,resident
2026-04-17,18:06,20260417-003,Pot of tea,Drinks,1,3.25,resident
2026-04-17,15:23,20260417-004,Vegetable biryani,Main,2,11.95,resident
2026-04-17,15:23,20260417-004,Sticky toffee pudding,Dessert,2,6.50,resident
2026-04-17,15:23,20260417-004,Coffee,Drinks,2,3.00,resident
2026-04-17,15:23,20260417-004,Roast chicken,Main,2,14.50,resident
2026-04-17,15:23,20260417-004,Sticky toffee pudding,Dessert,2,6.50,resident
2026-04-17,15:23,20260417-004,Pot of tea,Drinks,2,3.25,resident
2026-04-17,15:45,20260417-005,Shepherd's pie,Main,2,12.95,resident
2026-04-17,15:45,20260417-005,Matzo ball soup,Starter,2,8.95,resident
2026-04-17,15:45,20260417-005,Coffee,Drinks,2,3.00,resident
2026-04-17,15:45,20260417-005,Vegetable biryani,Main,2,11.95,resident
2026-04-17,15:45,20260417-005,Matzo ball soup,Starter,2,8.95,resident
2026-04-17,15:45,20260417-005,Pot of tea,Drinks,2,3.25,resident
2026-04-17,16:39,20260417-006,Roast chicken,Main,3,14.50,resident
2026-04-17,16:39,20260417-006,Soup of the day,Starter,3,7.95,resident
2026-04-17,16:39,20260417-006,Fruit crumble,Dessert,3,6.25,resident
2026-04-17,16:39,20260417-006,Pot of tea,Drinks,3,3.25,resident
2026-04-17,16:39,20260417-006,Shepherd's pie,Main,3,12.95,resident
2026-04-17,16:39,20260417-006,Soup of the day,Starter,3,7.95,resident
2026-04-17,16:39,20260417-006,Pot of tea,Drinks,3,3.25,resident
2026-04-17,16:39,20260417-006,Roast chicken,Main,3,14.50,resident
2026-04-17,16:39,20260417-006,Soup of the day,Starter,3,7.95,resident
2026-04-17,16:39,20260417-006,Coffee,Drinks,3,3.00,resident
2026-04-17,13:13,20260417-007,Grilled salmon,Main,4,15.00,resident
2026-04-17,13:13,20260417-007,Sticky toffee pudding,Dessert,4,6.50,resident
2026-04-17,13:13,20260417-007,Pot of tea,Drinks,4,3.25,resident
2026-04-17,13:13,20260417-007,Paneer & spinach curry,Main,4,12.50,resident
2026-04-17,13:13,20260417-007,Matzo ball soup,Starter,4,8.95,resident
2026-04-17,13:13,20260417-007,Coffee,Drinks,4,3.00,resident
2026-04-17,13:13,20260417-007,Paneer & spinach curry,Main,4,12.50,resident
2026-04-17,13:13,20260417-007,Matzo ball soup,Starter,4,8.95,resident
2026-04-17,13:13,20260417-007,Pot of tea,Drinks,4,3.25,resident
2026-04-17,13:13,20260417-007,Grilled salmon,Main,4,15.00,resident
2026-04-17,13:13,20260417-007,Matzo ball soup,Starter,4,8.95,resident
2026-04-17,13:13,20260417-007,Sticky toffee pudding,Dessert,4,6.50,resident
2026-04-17,13:13,20260417-007,Pot of tea,Drinks,4,3.25,resident
2026-04-17,14:14,20260417-008,Grilled salmon,Main,2,15.00,resident
2026-04-17,14:14,20260417-008,Soup of the day,Starter,2,7.95,resident
2026-04-17,14:14,20260417-008,Fish pie,Main,2,13.95,resident
2026-04-17,14:14,20260417-008,Matzo ball soup,Starter,2,8.95,resident
2026-04-17,14:14,20260417-008,Pot of tea,Drinks,2,3.25,resident
2026-04-17,17:49,20260417-009,Paneer & spinach curry,Main,1,12.50,resident
2026-04-17,17:49,20260417-009,Glass of house wine,Drinks,1,5.50,resident
2026-04-17,13:20,20260417-010,Grilled salmon,Main,2,15.00,resident
2026-04-17,13:20,20260417-010,Glass of house wine,Drinks,2,5.50,resident
2026-04-17,13:20,20260417-010,Fish pie,Main,2,13.95,resident
2026-04-17,13:20,20260417-010,Fruit crumble,Dessert,2,6.25,resident
2026-04-17,13:20,20260417-010,Pot of tea,Drinks,2,3.25,resident
2026-04-17,18:51,20260417-011,Fish pie,Main,2,13.95,resident
2026-04-17,18:51,20260417-011,Fruit crumble,Dessert,2,6.25,resident
2026-04-17,18:51,20260417-011,Coffee,Drinks,2,3.00,resident
2026-04-17,18:51,20260417-011,Shepherd's pie,Main,2,12.95,resident
2026-04-17,18:51,20260417-011,Glass of house wine,Drinks,2,5.50,resident
2026-04-17,17:28,20260417-012,Shepherd's pie,Main,4,12.95,resident
2026-04-17,17:28,20260417-012,Sticky toffee pudding,Dessert,4,6.50,resident
2026-04-17,17:28,20260417-012,Glass of house wine,Drinks,4,5.50,resident
2026-04-17,17:28,20260417-012,Vegetable biryani,Main,4,11.95,resident
2026-04-17,17:28,20260417-012,Sticky toffee pudding,Dessert,4,6.50,resident
2026-04-17,17:28,20260417-012,Pot of tea,Drinks,4,3.25,resident
2026-04-17,17:28,20260417-012,Fish pie,Main,4,13.95,resident
2026-04-17,17:28,20260417-012,Matzo ball soup,Starter,4,8.95,resident
2026-04-17,17:28,20260417-012,Fruit crumble,Dessert,4,6.25,resident
2026-04-17,17:28,20260417-012,Glass of house wine,Drinks,4,5.50,resident
2026-04-17,17:28,20260417-012,Grilled salmon,Main,4,15.00,resident
2026-04-17,17:28,20260417-012,Fruit crumble,Dessert,4,6.25,resident
2026-04-17,17:28,20260417-012,Glass of house wine,Drinks,4,5.50,resident
2026-04-17,17:03,20260417-013,Fish pie,Main,2,13.95,resident
2026-04-17,17:03,20260417-013,Soup of the day,Starter,2,7.95,resident
2026-04-17,17:03,20260417-013,Coffee,Drinks,2,3.00,resident
2026-04-17,17:03,20260417-013,Roast chicken,Main,2,14.50,resident
2026-04-17,17:03,20260417-013,Soup of the day,Starter,2,7.95,resident
2026-04-17,17:03,20260417-013,Pot of tea,Drinks,2,3.25,resident
2026-04-17,16:14,20260417-014,Vegetable biryani,Main,2,11.95,resident
2026-04-17,16:14,20260417-014,Soup of the day,Starter,2,7.95,resident
2026-04-17,16:14,20260417-014,Coffee,Drinks,2,3.00,resident
2026-04-17,16:14,20260417-014,Paneer & spinach curry,Main,2,12.50,resident
2026-04-17,16:14,20260417-014,Pot of tea,Drinks,2,3.25,resident
2026-04-17,14:54,20260417-015,Paneer & spinach curry,Main,2,12.50,resident
2026-04-17,14:54,20260417-015,Fruit crumble,Dessert,2,6.25,resident
2026-04-17,14:54,20260417-015,Fish pie,Main,2,13.95,resident
2026-04-17,14:54,20260417-015,Glass of house wine,Drinks,2,5.50,resident
2026-04-17,15:50,20260417-016,Roast chicken,Main,1,14.50,resident
2026-04-17,15:50,20260417-016,Soup of the day,Starter,1,7.95,resident
2026-04-17,15:50,20260417-016,Coffee,Drinks,1,3.00,resident
2026-04-17,18:56,20260417-017,Vegetable biryani,Main,4,11.95,resident
2026-04-17,18:56,20260417-017,Sticky toffee pudding,Dessert,4,6.50,resident
2026-04-17,18:56,20260417-017,Pot of tea,Drinks,4,3.25,resident
2026-04-17,18:56,20260417-017,Shepherd's pie,Main,4,12.95,resident
2026-04-17,18:56,20260417-017,Pot of tea,Drinks,4,3.25,resident
2026-04-17,18:56,20260417-017,Shepherd's pie,Main,4,12.95,resident
2026-04-17,18:56,20260417-017,Fruit crumble,Dessert,4,6.25,resident
2026-04-17,18:56,20260417-017,Glass of house wine,Drinks,4,5.50,resident
2026-04-17,18:56,20260417-017,Vegetable biryani,Main,4,11.95,resident
2026-04-17,18:56,20260417-017,Pot of tea,Drinks,4,3.25,resident
2026-04-17,15:40,20260417-018,Paneer & spinach curry,Main,3,12.50,resident
2026-04-17,15:40,20260417-018,Pot of tea,Drinks,3,3.25,resident
2026-04-17,15:40,20260417-018,Vegetable biryani,Main,3,11.95,resident
2026-04-17,15:40,20260417-018,Pot of tea,Drinks,3,3.25,resident
2026-04-17,15:40,20260417-018,Shepherd's pie,Main,3,12.95,resident
2026-04-17,15:40,20260417-018,Sticky toffee pudding,Dessert,3,6.50,resident
2026-04-17,15:40,20260417-018,Glass of house wine,Drinks,3,5.50,resident
2026-04-17,14:53,20260417-019,Paneer & spinach curry,Main,2,12.50,resident
2026-04-17,14:53,20260417-019,Fruit crumble,Dessert,2,6.25,resident
2026-04-17,14:53,20260417-019,Glass of house wine,Drinks,2,5.50,resident
2026-04-17,14:53,20260417-019,Fish pie,Main,2,13.95,resident
2026-04-17,14:53,20260417-019,Glass of house wine,Drinks,2,5.50,resident
2026-04-17,13:11,20260417-020,Vegetable biryani,Main,3,11.95,resident
2026-04-17,13:11,20260417-020,Soup of the day,Starter,3,7.95,resident
2026-04-17,13:11,20260417-020,Glass of house wine,Drinks,3,5.50,resident
2026-04-17,13:11,20260417-020,Paneer & spinach curry,Main,3,12.50,resident
2026-04-17,13:11,20260417-020,Pot of tea,Drinks,3,3.25,resident
2026-04-17,13:11,20260417-020,Shepherd's pie,Main,3,12.95,resident
2026-04-17,13:11,20260417-020,Coffee,Drinks,3,3.00,resident
2026-04-17,18:47,20260417-021,Grilled salmon,Main,2,15.00,resident
2026-04-17,18:47,20260417-021,Coffee,Drinks,2,3.00,resident
2026-04-17,18:47,20260417-021,Vegetable biryani,Main,2,11.95,resident
2026-04-17,18:47,20260417-021,Glass of house wine,Drinks,2,5.50,resident
2026-04-17,17:17,20260417-022,Shepherd's pie,Main,2,12.95,resident
2026-04-17,17:17,20260417-022,Matzo ball soup,Starter,2,8.95,resident
2026-04-17,17:17,20260417-022,Sticky toffee pudding,Dessert,2,6.50,resident
2026-04-17,17:17,20260417-022,Pot of tea,Drinks,2,3.25,resident
2026-04-17,17:17,20260417-022,Shepherd's pie,Main,2,12.95,resident
2026-04-17,17:17,20260417-022,Matzo ball soup,Starter,2,8.95,resident
2026-04-17,17:17,20260417-022,Coffee,Drinks,2,3.00,resident
2026-04-17,18:16,20260417-023,Grilled salmon,Main,3,15.00,resident
2026-04-17,18:16,20260417-023,Matzo ball soup,Starter,3,8.95,resident
2026-04-17,18:16,20260417-023,Shepherd's pie,Main,3,12.95,resident
2026-04-17,18:16,20260417-023,Sticky toffee pudding,Dessert,3,6.50,resident
2026-04-17,18:16,20260417-023,Pot of tea,Drinks,3,3.25,resident
2026-04-17,18:16,20260417-023,Vegetable biryani,Main,3,11.95,resident
2026-04-17,18:16,20260417-023,Soup of the day,Starter,3,7.95,resident
2026-04-17,18:16,20260417-023,Glass of house wine,Drinks,3,5.50,resident
2026-04-17,13:55,20260417-024,Paneer & spinach curry,Main,2,12.50,resident
2026-04-17,13:55,20260417-024,Pot of tea,Drinks,2,3.25,resident
2026-04-17,13:55,20260417-024,Shepherd's pie,Main,2,12.95,resident
2026-04-17,13:55,20260417-024,Soup of the day,Starter,2,7.95,resident
2026-04-17,13:55,20260417-024,Fruit crumble,Dessert,2,6.25,resident
2026-04-17,13:55,20260417-024,Pot of tea,Drinks,2,3.25,resident
2026-04-17,18:35,20260417-025,Paneer & spinach curry,Main,2,12.50,resident
2026-04-17,18:35,20260417-025,Matzo ball soup,Starter,2,8.95,resident
2026-04-17,18:35,20260417-025,Fruit crumble,Dessert,2,6.25,resident
2026-04-17,18:35,20260417-025,Coffee,Drinks,2,3.00,resident
2026-04-17,18:35,20260417-025,Fish pie,Main,2,13.95,resident
2026-04-17,18:35,20260417-025,Soup of the day,Starter,2,7.95,resident
2026-04-17,18:35,20260417-025,Glass of house wine,Drinks,2,5.50,resident
2026-04-17,17:00,20260417-026,Roast chicken,Main,2,14.50,resident
2026-04-17,17:00,20260417-026,Glass of house wine,Drinks,2,5.50,resident
2026-04-17,17:00,20260417-026,Shepherd's pie,Main,2,12.95,resident
2026-04-17,17:00,20260417-026,Soup of the day,Starter,2,7.95,resident
2026-04-17,17:00,20260417-026,Sticky toffee pudding,Dessert,2,6.50,resident
2026-04-17,17:00,20260417-026,Pot of tea,Drinks,2,3.25,resident
2026-04-17,15:28,20260417-027,Shepherd's pie,Main,4,12.95,resident
2026-04-17,15:28,20260417-027,Fruit crumble,Dessert,4,6.25,resident
2026-04-17,15:28,20260417-027,Pot of tea,Drinks,4,3.25,resident
2026-04-17,15:28,20260417-027,Roast chicken,Main,4,14.50,resident
2026-04-17,15:28,20260417-027,Sticky toffee pudding,Dessert,4,6.50,resident
2026-04-17,15:28,20260417-027,Fish pie,Main,4,13.95,resident
2026-04-17,15:28,20260417-027,Matzo ball soup,Starter,4,8.95,resident
2026-04-17,15:28,20260417-027,Coffee,Drinks,4,3.00,resident
2026-04-17,15:28,20260417-027,Shepherd's pie,Main,4,12.95,resident
2026-04-17,15:28,20260417-027,Soup of the day,Starter,4,7.95,resident
2026-04-17,15:28,20260417-027,Pot of tea,Drinks,4,3.25,resident
2026-04-17,14:51,20260417-028,Grilled salmon,Main,1,15.00,resident
2026-04-17,15:59,20260417-029,Roast chicken,Main,3,14.50,resident
2026-04-17,15:59,20260417-029,Soup of the day,Starter,3,7.95,resident
2026-04-17,15:59,20260417-029,Glass of house wine,Drinks,3,5.50,resident
2026-04-17,15:59,20260417-029,Paneer & spinach curry,Main,3,12.50,resident
2026-04-17,15:59,20260417-029,Glass of house wine,Drinks,3,5.50,resident
2026-04-17,15:59,20260417-029,Grilled salmon,Main,3,15.00,resident
2026-04-17,15:59,20260417-029,Glass of house wine,Drinks,3,5.50,resident
2026-04-17,13:34,20260417-030,Shepherd's pie,Main,2,12.95,resident
2026-04-17,13:34,20260417-030,Matzo ball soup,Starter,2,8.95,resident
2026-04-17,13:34,20260417-030,Fruit crumble,Dessert,2,6.25,resident
2026-04-17,13:34,20260417-030,Coffee,Drinks,2,3.00,resident
2026-04-17,13:34,20260417-030,Paneer & spinach curry,Main,2,12.50,resident
2026-04-17,13:34,20260417-030,Matzo ball soup,Starter,2,8.95,resident
2026-04-17,13:34,20260417-030,Fruit crumble,Dessert,2,6.25,resident
2026-04-17,13:34,20260417-030,Glass of house wine,Drinks,2,5.50,resident
2026-04-18,16:18,20260418-001,Vegetable biryani,Main,3,11.95,resident
2026-04-18,16:18,20260418-001,Soup of the day,Starter,3,7.95,resident
2026-04-18,16:18,20260418-001,Coffee,Drinks,3,3.00,resident
2026-04-18,16:18,20260418-001,Grilled salmon,Main,3,15.00,resident
2026-04-18,16:18,20260418-001,Fruit crumble,Dessert,3,6.25,resident
2026-04-18,16:18,20260418-001,Pot of tea,Drinks,3,3.25,resident
2026-04-18,16:18,20260418-001,Vegetable biryani,Main,3,11.95,resident
2026-04-18,16:18,20260418-001,Matzo ball soup,Starter,3,8.95,resident
2026-04-18,16:18,20260418-001,Pot of tea,Drinks,3,3.25,resident
2026-04-18,14:10,20260418-002,Grilled salmon,Main,1,15.00,resident
2026-04-18,14:10,20260418-002,Matzo ball soup,Starter,1,8.95,resident
2026-04-18,14:10,20260418-002,Fruit crumble,Dessert,1,6.25,resident
2026-04-18,14:10,20260418-002,Pot of tea,Drinks,1,3.25,resident
2026-04-18,12:35,20260418-003,Shepherd's pie,Main,1,12.95,resident
2026-04-18,12:35,20260418-003,Soup of the day,Starter,1,7.95,resident
2026-04-18,12:35,20260418-003,Sticky toffee pudding,Dessert,1,6.50,resident
2026-04-18,12:35,20260418-003,Coffee,Drinks,1,3.00,resident
2026-04-18,15:35,20260418-004,Shepherd's pie,Main,2,12.95,resident
2026-04-18,15:35,20260418-004,Soup of the day,Starter,2,7.95,resident
2026-04-18,15:35,20260418-004,Coffee,Drinks,2,3.00,resident
2026-04-18,15:35,20260418-004,Vegetable biryani,Main,2,11.95,resident
2026-04-18,15:35,20260418-004,Soup of the day,Starter,2,7.95,resident
2026-04-18,15:35,20260418-004,Fruit crumble,Dessert,2,6.25,resident
2026-04-18,15:35,20260418-004,Coffee,Drinks,2,3.00,resident
2026-04-18,12:01,20260418-005,Paneer & spinach curry,Main,2,12.50,resident
2026-04-18,12:01,20260418-005,Pot of tea,Drinks,2,3.25,resident
2026-04-18,12:01,20260418-005,Fish pie,Main,2,13.95,resident
2026-04-18,12:01,20260418-005,Soup of the day,Starter,2,7.95,resident
2026-04-18,12:01,20260418-005,Sticky toffee pudding,Dessert,2,6.50,resident
2026-04-18,12:57,20260418-006,Grilled salmon,Main,3,15.00,external
2026-04-18,12:57,20260418-006,Matzo ball soup,Starter,3,8.95,external
2026-04-18,12:57,20260418-006,Sticky toffee pudding,Dessert,3,6.50,external
2026-04-18,12:57,20260418-006,Glass of house wine,Drinks,3,5.50,external
2026-04-18,12:57,20260418-006,Vegetable biryani,Main,3,11.95,external
2026-04-18,12:57,20260418-006,Glass of house wine,Drinks,3,5.50,external
2026-04-18,12:57,20260418-006,Shepherd's pie,Main,3,12.95,external
2026-04-18,12:57,20260418-006,Matzo ball soup,Starter,3,8.95,external
2026-04-18,12:57,20260418-006,Glass of house wine,Drinks,3,5.50,external
2026-04-18,13:59,20260418-007,Grilled salmon,Main,4,15.00,resident
2026-04-18,13:59,20260418-007,Coffee,Drinks,4,3.00,resident
2026-04-18,13:59,20260418-007,Fish pie,Main,4,13.95,resident
2026-04-18,13:59,20260418-007,Matzo ball soup,Starter,4,8.95,resident
2026-04-18,13:59,20260418-007,Pot of tea,Drinks,4,3.25,resident
2026-04-18,13:59,20260418-007,Paneer & spinach curry,Main,4,12.50,resident
2026-04-18,13:59,20260418-007,Matzo ball soup,Starter,4,8.95,resident
2026-04-18,13:59,20260418-007,Pot of tea,Drinks,4,3.25,resident
2026-04-18,13:59,20260418-007,Paneer & spinach curry,Main,4,12.50,resident
2026-04-18,13:59,20260418-007,Pot of tea,Drinks,4,3.25,resident
2026-04-18,13:16,20260418-008,Fish pie,Main,2,13.95,resident
2026-04-18,13:16,20260418-008,Pot of tea,Drinks,2,3.25,resident
2026-04-18,13:16,20260418-008,Grilled salmon,Main,2,15.00,resident
2026-04-18,13:16,20260418-008,Soup of the day,Starter,2,7.95,resident
2026-04-18,13:16,20260418-008,Coffee,Drinks,2,3.00,resident
2026-04-18,13:08,20260418-009,Paneer & spinach curry,Main,2,12.50,resident
2026-04-18,13:08,20260418-009,Matzo ball soup,Starter,2,8.95,resident
2026-04-18,13:08,20260418-009,Glass of house wine,Drinks,2,5.50,resident
2026-04-18,13:08,20260418-009,Grilled salmon,Main,2,15.00,resident
2026-04-18,13:08,20260418-009,Fruit crumble,Dessert,2,6.25,resident
2026-04-18,13:08,20260418-009,Pot of tea,Drinks,2,3.25,resident
2026-04-18,13:36,20260418-010,Vegetable biryani,Main,3,11.95,resident
2026-04-18,13:36,20260418-010,Coffee,Drinks,3,3.00,resident
2026-04-18,13:36,20260418-010,Paneer & spinach curry,Main,3,12.50,resident
2026-04-18,13:36,20260418-010,Matzo ball soup,Starter,3,8.95,resident
2026-04-18,13:36,20260418-010,Sticky toffee pudding,Dessert,3,6.50,resident
2026-04-18,13:36,20260418-010,Roast chicken,Main,3,14.50,resident
2026-04-18,18:00,20260418-011,Fish pie,Main,2,13.95,resident
2026-04-18,18:00,20260418-011,Pot of tea,Drinks,2,3.25,resident
2026-04-18,18:00,20260418-011,Paneer & spinach curry,Main,2,12.50,resident
2026-04-18,18:00,20260418-011,Soup of the day,Starter,2,7.95,resident
2026-04-18,18:00,20260418-011,Glass of house wine,Drinks,2,5.50,resident
2026-04-18,16:00,20260418-012,Paneer & spinach curry,Main,4,12.50,resident
2026-04-18,16:00,20260418-012,Pot of tea,Drinks,4,3.25,resident
2026-04-18,16:00,20260418-012,Fish pie,Main,4,13.95,resident
2026-04-18,16:00,20260418-012,Fruit crumble,Dessert,4,6.25,resident
2026-04-18,16:00,20260418-012,Glass of house wine,Drinks,4,5.50,resident
2026-04-18,16:00,20260418-012,Fish pie,Main,4,13.95,resident
2026-04-18,16:00,20260418-012,Matzo ball soup,Starter,4,8.95,resident
2026-04-18,16:00,20260418-012,Coffee,Drinks,4,3.00,resident
2026-04-18,16:00,20260418-012,Paneer & spinach curry,Main,4,12.50,resident
2026-04-18,16:00,20260418-012,Coffee,Drinks,4,3.00,resident
2026-04-18,18:15,20260418-013,Fish pie,Main,2,13.95,resident
2026-04-18,18:15,20260418-013,Soup of the day,Starter,2,7.95,resident
2026-04-18,18:15,20260418-013,Sticky toffee pudding,Dessert,2,6.50,resident
2026-04-18,18:15,20260418-013,Coffee,Drinks,2,3.00,resident
2026-04-18,18:15,20260418-013,Roast chicken,Main,2,14.50,resident
2026-04-18,18:15,20260418-013,Pot of tea,Drinks,2,3.25,resident
2026-04-18,13:58,20260418-014,Fish pie,Main,3,13.95,resident
2026-04-18,13:58,20260418-014,Soup of the day,Starter,3,7.95,resident
2026-04-18,13:58,20260418-014,Coffee,Drinks,3,3.00,resident
2026-04-18,13:58,20260418-014,Vegetable biryani,Main,3,11.95,resident
2026-04-18,13:58,20260418-014,Pot of tea,Drinks,3,3.25,resident
2026-04-18,13:58,20260418-014,Shepherd's pie,Main,3,12.95,resident
2026-04-18,13:58,20260418-014,Soup of the day,Starter,3,7.95,resident
2026-04-18,13:58,20260418-014,Pot of tea,Drinks,3,3.25,resident
2026-04-18,15:40,20260418-015,Fish pie,Main,2,13.95,resident
2026-04-18,15:40,20260418-015,Matzo ball soup,Starter,2,8.95,resident
2026-04-18,15:40,20260418-015,Pot of tea,Drinks,2,3.25,resident
2026-04-18,15:40,20260418-015,Paneer & spinach curry,Main,2,12.50,resident
2026-04-18,15:40,20260418-015,Fruit crumble,Dessert,2,6.25,resident
2026-04-18,15:40,20260418-015,Coffee,Drinks,2,3.00,resident
2026-04-18,14:04,20260418-016,Fish pie,Main,2,13.95,resident
2026-04-18,14:04,20260418-016,Matzo ball soup,Starter,2,8.95,resident
2026-04-18,14:04,20260418-016,Coffee,Drinks,2,3.00,resident
2026-04-18,14:04,20260418-016,Roast chicken,Main,2,14.50,resident
2026-04-18,14:04,20260418-016,Soup of the day,Starter,2,7.95,resident
2026-04-18,14:04,20260418-016,Glass of house wine,Drinks,2,5.50,resident
2026-04-18,16:15,20260418-017,Grilled salmon,Main,1,15.00,resident
2026-04-18,16:15,20260418-017,Glass of house wine,Drinks,1,5.50,resident
2026-04-18,12:21,20260418-018,Grilled salmon,Main,2,15.00,resident
2026-04-18,12:21,20260418-018,Glass of house wine,Drinks,2,5.50,resident
2026-04-18,12:21,20260418-018,Paneer & spinach curry,Main,2,12.50,resident
2026-04-18,12:21,20260418-018,Coffee,Drinks,2,3.00,resident
2026-04-18,13:46,20260418-019,Grilled salmon,Main,2,15.00,resident
2026-04-18,13:46,20260418-019,Pot of tea,Drinks,2,3.25,resident
2026-04-18,13:46,20260418-019,Vegetable biryani,Main,2,11.95,resident
2026-04-18,13:46,20260418-019,Pot of tea,Drinks,2,3.25,resident
2026-04-18,13:11,20260418-020,Grilled salmon,Main,3,15.00,resident
2026-04-18,13:11,20260418-020,Roast chicken,Main,3,14.50,resident
2026-04-18,13:11,20260418-020,Matzo ball soup,Starter,3,8.95,resident
2026-04-18,13:11,20260418-020,Coffee,Drinks,3,3.00,resident
2026-04-18,13:11,20260418-020,Vegetable biryani,Main,3,11.95,resident
2026-04-18,13:11,20260418-020,Soup of the day,Starter,3,7.95,resident
2026-04-18,13:11,20260418-020,Fruit crumble,Dessert,3,6.25,resident
2026-04-18,13:11,20260418-020,Pot of tea,Drinks,3,3.25,resident
2026-04-18,16:43,20260418-021,Shepherd's pie,Main,2,12.95,resident
2026-04-18,16:43,20260418-021,Soup of the day,Starter,2,7.95,resident
2026-04-18,16:43,20260418-021,Fruit crumble,Dessert,2,6.25,resident
2026-04-18,16:43,20260418-021,Coffee,Drinks,2,3.00,resident
2026-04-18,16:43,20260418-021,Roast chicken,Main,2,14.50,resident
2026-04-18,16:43,20260418-021,Soup of the day,Starter,2,7.95,resident
2026-04-18,16:43,20260418-021,Coffee,Drinks,2,3.00,resident
2026-04-18,12:54,20260418-022,Paneer & spinach curry,Main,2,12.50,resident
2026-04-18,12:54,20260418-022,Soup of the day,Starter,2,7.95,resident
2026-04-18,12:54,20260418-022,Sticky toffee pudding,Dessert,2,6.50,resident
2026-04-18,12:54,20260418-022,Pot of tea,Drinks,2,3.25,resident
2026-04-18,12:54,20260418-022,Vegetable biryani,Main,2,11.95,resident
2026-04-18,12:54,20260418-022,Sticky toffee pudding,Dessert,2,6.50,resident
2026-04-18,12:54,20260418-022,Glass of house wine,Drinks,2,5.50,resident
2026-04-18,14:46,20260418-023,Roast chicken,Main,2,14.50,resident
2026-04-18,14:46,20260418-023,Soup of the day,Starter,2,7.95,resident
2026-04-18,14:46,20260418-023,Pot of tea,Drinks,2,3.25,resident
2026-04-18,14:46,20260418-023,Fish pie,Main,2,13.95,resident
2026-04-18,14:46,20260418-023,Fruit crumble,Dessert,2,6.25,resident
2026-04-18,14:46,20260418-023,Glass of house wine,Drinks,2,5.50,resident
2026-04-18,13:14,20260418-024,Shepherd's pie,Main,2,12.95,resident
2026-04-18,13:14,20260418-024,Soup of the day,Starter,2,7.95,resident
2026-04-18,13:14,20260418-024,Glass of house wine,Drinks,2,5.50,resident
2026-04-18,13:14,20260418-024,Fish pie,Main,2,13.95,resident
2026-04-18,13:14,20260418-024,Pot of tea,Drinks,2,3.25,resident
2026-04-18,12:03,20260418-025,Paneer & spinach curry,Main,1,12.50,resident
2026-04-18,12:03,20260418-025,Pot of tea,Drinks,1,3.25,resident
2026-04-18,17:33,20260418-026,Fish pie,Main,2,13.95,resident
2026-04-18,17:33,20260418-026,Matzo ball soup,Starter,2,8.95,resident
2026-04-18,17:33,20260418-026,Pot of tea,Drinks,2,3.25,resident
2026-04-18,17:33,20260418-026,Paneer & spinach curry,Main,2,12.50,resident
2026-04-18,17:33,20260418-026,Soup of the day,Starter,2,7.95,resident
2026-04-18,17:33,20260418-026,Pot of tea,Drinks,2,3.25,resident
2026-04-18,18:42,20260418-027,Roast chicken,Main,2,14.50,resident
2026-04-18,18:42,20260418-027,Sticky toffee pudding,Dessert,2,6.50,resident
2026-04-18,18:42,20260418-027,Pot of tea,Drinks,2,3.25,resident
2026-04-18,18:42,20260418-027,Grilled salmon,Main,2,15.00,resident
2026-04-18,18:42,20260418-027,Glass of house wine,Drinks,2,5.50,resident
2026-04-18,18:59,20260418-028,Shepherd's pie,Main,2,12.95,resident
2026-04-18,18:59,20260418-028,Fruit crumble,Dessert,2,6.25,resident
2026-04-18,18:59,20260418-028,Coffee,Drinks,2,3.00,resident
2026-04-18,18:59,20260418-028,Grilled salmon,Main,2,15.00,resident
2026-04-18,18:59,20260418-028,Soup of the day,Starter,2,7.95,resident
2026-04-18,18:59,20260418-028,Fruit crumble,Dessert,2,6.25,resident
2026-04-18,18:59,20260418-028,Pot of tea,Drinks,2,3.25,resident
2026-04-18,17:54,20260418-029,Roast chicken,Main,4,14.50,resident
2026-04-18,17:54,20260418-029,Pot of tea,Drinks,4,3.25,resident
2026-04-18,17:54,20260418-029,Grilled salmon,Main,4,15.00,resident
2026-04-18,17:54,20260418-029,Sticky toffee pudding,Dessert,4,6.50,resident
2026-04-18,17:54,20260418-029,Pot of tea,Drinks,4,3.25,resident
2026-04-18,17:54,20260418-029,Grilled salmon,Main,4,15.00,resident
2026-04-18,17:54,20260418-029,Pot of tea,Drinks,4,3.25,resident
2026-04-18,17:54,20260418-029,Paneer & spinach curry,Main,4,12.50,resident
2026-04-18,17:54,20260418-029,Glass of house wine,Drinks,4,5.50,resident
2026-04-18,16:25,20260418-030,Grilled salmon,Main,2,15.00,resident
2026-04-18,16:25,20260418-030,Coffee,Drinks,2,3.00,resident
2026-04-18,16:25,20260418-030,Vegetable biryani,Main,2,11.95,resident
2026-04-18,16:25,20260418-030,Sticky toffee pudding,Dessert,2,6.50,resident
2026-04-18,16:25,20260418-030,Glass of house wine,Drinks,2,5.50,resident
2026-04-18,12:43,20260418-031,Grilled salmon,Main,4,15.00,resident
2026-04-18,12:43,20260418-031,Soup of the day,Starter,4,7.95,resident
2026-04-18,12:43,20260418-031,Sticky toffee pudding,Dessert,4,6.50,resident
2026-04-18,12:43,20260418-031,Pot of tea,Drinks,4,3.25,resident
2026-04-18,12:43,20260418-031,Roast chicken,Main,4,14.50,resident
2026-04-18,12:43,20260418-031,Soup of the day,Starter,4,7.95,resident
2026-04-18,12:43,20260418-031,Fruit crumble,Dessert,4,6.25,resident
2026-04-18,12:43,20260418-031,Coffee,Drinks,4,3.00,resident
2026-04-18,12:43,20260418-031,Roast chicken,Main,4,14.50,resident
2026-04-18,12:43,20260418-031,Glass of house wine,Drinks,4,5.50,resident
2026-04-18,12:43,20260418-031,Grilled salmon,Main,4,15.00,resident
2026-04-18,12:43,20260418-031,Matzo ball soup,Starter,4,8.95,resident
2026-04-18,12:43,20260418-031,Pot of tea,Drinks,4,3.25,resident
2026-04-18,18:48,20260418-032,Fish pie,Main,2,13.95,resident
2026-04-18,18:48,20260418-032,Soup of the day,Starter,2,7.95,resident
2026-04-18,18:48,20260418-032,Coffee,Drinks,2,3.00,resident
2026-04-18,18:48,20260418-032,Shepherd's pie,Main,2,12.95,resident
2026-04-18,18:48,20260418-032,Glass of house wine,Drinks,2,5.50,resident
2026-04-20,12:44,20260420-001,Shepherd's pie,Main,2,12.95,resident
2026-04-20,12:44,20260420-001,Matzo ball soup,Starter,2,8.95,resident
2026-04-20,12:44,20260420-001,Fruit crumble,Dessert,2,6.25,resident
2026-04-20,12:44,20260420-001,Coffee,Drinks,2,3.00,resident
2026-04-20,12:44,20260420-001,Roast chicken,Main,2,14.50,resident
2026-04-20,12:44,20260420-001,Fruit crumble,Dessert,2,6.25,resident
2026-04-20,14:06,20260420-002,Shepherd's pie,Main,2,12.95,resident
2026-04-20,14:06,20260420-002,Soup of the day,Starter,2,7.95,resident
2026-04-20,14:06,20260420-002,Glass of house wine,Drinks,2,5.50,resident
2026-04-20,14:06,20260420-002,Fish pie,Main,2,13.95,resident
2026-04-20,14:06,20260420-002,Soup of the day,Starter,2,7.95,resident
2026-04-20,14:06,20260420-002,Fruit crumble,Dessert,2,6.25,resident
2026-04-20,14:06,20260420-002,Pot of tea,Drinks,2,3.25,resident
2026-04-20,14:06,20260420-003,Roast chicken,Main,3,14.50,resident
2026-04-20,14:06,20260420-003,Fruit crumble,Dessert,3,6.25,resident
2026-04-20,14:06,20260420-003,Coffee,Drinks,3,3.00,resident
2026-04-20,14:06,20260420-003,Grilled salmon,Main,3,15.00,resident
2026-04-20,14:06,20260420-003,Matzo ball soup,Starter,3,8.95,resident
2026-04-20,14:06,20260420-003,Coffee,Drinks,3,3.00,resident
2026-04-20,14:06,20260420-003,Fish pie,Main,3,13.95,resident
2026-04-20,14:06,20260420-003,Matzo ball soup,Starter,3,8.95,resident
2026-04-20,14:06,20260420-003,Coffee,Drinks,3,3.00,resident
2026-04-20,12:30,20260420-004,Fish pie,Main,2,13.95,resident
2026-04-20,12:30,20260420-004,Soup of the day,Starter,2,7.95,resident
2026-04-20,12:30,20260420-004,Pot of tea,Drinks,2,3.25,resident
2026-04-20,12:30,20260420-004,Vegetable biryani,Main,2,11.95,resident
2026-04-20,12:30,20260420-004,Matzo ball soup,Starter,2,8.95,resident
2026-04-20,12:30,20260420-004,Pot of tea,Drinks,2,3.25,resident
2026-04-20,14:17,20260420-005,Grilled salmon,Main,2,15.00,resident
2026-04-20,14:17,20260420-005,Soup of the day,Starter,2,7.95,resident
2026-04-20,14:17,20260420-005,Coffee,Drinks,2,3.00,resident
2026-04-20,14:17,20260420-005,Roast chicken,Main,2,14.50,resident
2026-04-20,14:17,20260420-005,Soup of the day,Starter,2,7.95,resident
2026-04-20,12:32,20260420-006,Fish pie,Main,3,13.95,resident
2026-04-20,12:32,20260420-006,Soup of the day,Starter,3,7.95,resident
2026-04-20,12:32,20260420-006,Coffee,Drinks,3,3.00,resident
2026-04-20,12:32,20260420-006,Shepherd's pie,Main,3,12.95,resident
2026-04-20,12:32,20260420-006,Soup of the day,Starter,3,7.95,resident
2026-04-20,12:32,20260420-006,Glass of house wine,Drinks,3,5.50,resident
2026-04-20,12:32,20260420-006,Roast chicken,Main,3,14.50,resident
2026-04-20,12:32,20260420-006,Soup of the day,Starter,3,7.95,resident
2026-04-20,12:32,20260420-006,Pot of tea,Drinks,3,3.25,resident
2026-04-20,14:28,20260420-007,Grilled salmon,Main,2,15.00,external
2026-04-20,14:28,20260420-007,Soup of the day,Starter,2,7.95,external
2026-04-20,14:28,20260420-007,Coffee,Drinks,2,3.00,external
2026-04-20,14:28,20260420-007,Vegetable biryani,Main,2,11.95,external
2026-04-20,14:28,20260420-007,Soup of the day,Starter,2,7.95,external
2026-04-20,14:28,20260420-007,Pot of tea,Drinks,2,3.25,external
2026-04-20,14:20,20260420-008,Vegetable biryani,Main,2,11.95,resident
2026-04-20,14:20,20260420-008,Coffee,Drinks,2,3.00,resident
2026-04-20,14:20,20260420-008,Roast chicken,Main,2,14.50,resident
2026-04-20,14:20,20260420-008,Soup of the day,Starter,2,7.95,resident
2026-04-20,14:20,20260420-008,Sticky toffee pudding,Dessert,2,6.50,resident
2026-04-20,14:20,20260420-008,Glass of house wine,Drinks,2,5.50,resident
2026-04-20,12:51,20260420-009,Fish pie,Main,4,13.95,resident
2026-04-20,12:51,20260420-009,Fruit crumble,Dessert,4,6.25,resident
2026-04-20,12:51,20260420-009,Pot of tea,Drinks,4,3.25,resident
2026-04-20,12:51,20260420-009,Roast chicken,Main,4,14.50,resident
2026-04-20,12:51,20260420-009,Matzo ball soup,Starter,4,8.95,resident
2026-04-20,12:51,20260420-009,Fruit crumble,Dessert,4,6.25,resident
2026-04-20,12:51,20260420-009,Coffee,Drinks,4,3.00,resident
2026-04-20,12:51,20260420-009,Shepherd's pie,Main,4,12.95,resident
2026-04-20,12:51,20260420-009,Pot of tea,Drinks,4,3.25,resident
2026-04-20,12:51,20260420-009,Fish pie,Main,4,13.95,resident
2026-04-20,12:51,20260420-009,Glass of house wine,Drinks,4,5.50,resident
2026-04-20,12:30,20260420-010,Shepherd's pie,Main,2,12.95,resident
2026-04-20,12:30,20260420-010,Glass of house wine,Drinks,2,5.50,resident
2026-04-20,12:30,20260420-010,Roast chicken,Main,2,14.50,resident
2026-04-20,12:30,20260420-010,Soup of the day,Starter,2,7.95,resident
2026-04-20,12:30,20260420-010,Coffee,Drinks,2,3.00,resident
2026-04-20,12:34,20260420-011,Grilled salmon,Main,3,15.00,resident
2026-04-20,12:34,20260420-011,Matzo ball soup,Starter,3,8.95,resident
2026-04-20,12:34,20260420-011,Pot of tea,Drinks,3,3.25,resident
2026-04-20,12:34,20260420-011,Fish pie,Main,3,13.95,resident
2026-04-20,12:34,20260420-011,Fruit crumble,Dessert,3,6.25,resident
2026-04-20,12:34,20260420-011,Pot of tea,Drinks,3,3.25,resident
2026-04-20,12:34,20260420-011,Fish pie,Main,3,13.95,resident
2026-04-20,12:34,20260420-011,Matzo ball soup,Starter,3,8.95,resident
2026-04-20,12:34,20260420-011,Sticky toffee pudding,Dessert,3,6.50,resident
2026-04-20,12:34,20260420-011,Pot of tea,Drinks,3,3.25,resident
2026-04-20,13:20,20260420-012,Fish pie,Main,4,13.95,resident
2026-04-20,13:20,20260420-012,Matzo ball soup,Starter,4,8.95,resident
2026-04-20,13:20,20260420-012,Fruit crumble,Dessert,4,6.25,resident
2026-04-20,13:20,20260420-012,Coffee,Drinks,4,3.00,resident
2026-04-20,13:20,20260420-012,Grilled salmon,Main,4,15.00,resident
2026-04-20,13:20,20260420-012,Sticky toffee pudding,Dessert,4,6.50,resident
2026-04-20,13:20,20260420-012,Glass of house wine,Drinks,4,5.50,resident
2026-04-20,13:20,20260420-012,Roast chicken,Main,4,14.50,resident
2026-04-20,13:20,20260420-012,Pot of tea,Drinks,4,3.25,resident
2026-04-20,13:20,20260420-012,Fish pie,Main,4,13.95,resident
2026-04-20,13:20,20260420-012,Coffee,Drinks,4,3.00,resident
2026-04-21,14:26,20260421-001,Vegetable biryani,Main,2,11.95,resident
2026-04-21,14:26,20260421-001,Pot of tea,Drinks,2,3.25,resident
2026-04-21,14:26,20260421-001,Vegetable biryani,Main,2,11.95,resident
2026-04-21,14:26,20260421-001,Fruit crumble,Dessert,2,6.25,resident
2026-04-21,14:26,20260421-001,Coffee,Drinks,2,3.00,resident
2026-04-21,13:19,20260421-002,Shepherd's pie,Main,4,12.95,resident
2026-04-21,13:19,20260421-002,Pot of tea,Drinks,4,3.25,resident
2026-04-21,13:19,20260421-002,Paneer & spinach curry,Main,4,12.50,resident
2026-04-21,13:19,20260421-002,Glass of house wine,Drinks,4,5.50,resident
2026-04-21,13:19,20260421-002,Roast chicken,Main,4,14.50,resident
2026-04-21,13:19,20260421-002,Sticky toffee pudding,Dessert,4,6.50,resident
2026-04-21,13:19,20260421-002,Coffee,Drinks,4,3.00,resident
2026-04-21,13:19,20260421-002,Grilled salmon,Main,4,15.00,resident
2026-04-21,13:19,20260421-002,Matzo ball soup,Starter,4,8.95,resident
2026-04-21,13:19,20260421-002,Glass of house wine,Drinks,4,5.50,resident
2026-04-21,16:27,20260421-003,Grilled salmon,Main,4,15.00,resident
2026-04-21,16:27,20260421-003,Soup of the day,Starter,4,7.95,resident
2026-04-21,16:27,20260421-003,Fruit crumble,Dessert,4,6.25,resident
2026-04-21,16:27,20260421-003,Glass of house wine,Drinks,4,5.50,resident
2026-04-21,16:27,20260421-003,Roast chicken,Main,4,14.50,resident
2026-04-21,16:27,20260421-003,Soup of the day,Starter,4,7.95,resident
2026-04-21,16:27,20260421-003,Sticky toffee pudding,Dessert,4,6.50,resident
2026-04-21,16:27,20260421-003,Coffee,Drinks,4,3.00,resident
2026-04-21,16:27,20260421-003,Grilled salmon,Main,4,15.00,resident
2026-04-21,16:27,20260421-003,Soup of the day,Starter,4,7.95,resident
2026-04-21,16:27,20260421-003,Coffee,Drinks,4,3.00,resident
2026-04-21,16:27,20260421-003,Fish pie,Main,4,13.95,resident
2026-04-21,16:27,20260421-003,Soup of the day,Starter,4,7.95,resident
2026-04-21,16:27,20260421-003,Coffee,Drinks,4,3.00,resident
2026-04-21,18:19,20260421-004,Roast chicken,Main,1,14.50,resident
2026-04-21,18:19,20260421-004,Sticky toffee pudding,Dessert,1,6.50,resident
2026-04-21,18:19,20260421-004,Pot of tea,Drinks,1,3.25,resident
2026-04-21,12:18,20260421-005,Grilled salmon,Main,1,15.00,resident
2026-04-21,12:18,20260421-005,Pot of tea,Drinks,1,3.25,resident
2026-04-21,14:18,20260421-006,Vegetable biryani,Main,3,11.95,resident
2026-04-21,14:18,20260421-006,Matzo ball soup,Starter,3,8.95,resident
2026-04-21,14:18,20260421-006,Sticky toffee pudding,Dessert,3,6.50,resident
2026-04-21,14:18,20260421-006,Roast chicken,Main,3,14.50,resident
2026-04-21,14:18,20260421-006,Pot of tea,Drinks,3,3.25,resident
2026-04-21,14:18,20260421-006,Roast chicken,Main,3,14.50,resident
2026-04-21,14:18,20260421-006,Sticky toffee pudding,Dessert,3,6.50,resident
2026-04-21,14:18,20260421-006,Coffee,Drinks,3,3.00,resident
2026-04-21,14:04,20260421-007,Vegetable biryani,Main,3,11.95,resident
2026-04-21,14:04,20260421-007,Coffee,Drinks,3,3.00,resident
2026-04-21,14:04,20260421-007,Vegetable biryani,Main,3,11.95,resident
2026-04-21,14:04,20260421-007,Sticky toffee pudding,Dessert,3,6.50,resident
2026-04-21,14:04,20260421-007,Roast chicken,Main,3,14.50,resident
2026-04-21,14:04,20260421-007,Soup of the day,Starter,3,7.95,resident
2026-04-21,14:04,20260421-007,Glass of house wine,Drinks,3,5.50,resident
2026-04-21,18:28,20260421-008,Grilled salmon,Main,2,15.00,resident
2026-04-21,18:28,20260421-008,Sticky toffee pudding,Dessert,2,6.50,resident
2026-04-21,18:28,20260421-008,Coffee,Drinks,2,3.00,resident
2026-04-21,18:28,20260421-008,Fish pie,Main,2,13.95,resident
2026-04-21,18:28,20260421-008,Sticky toffee pudding,Dessert,2,6.50,resident
2026-04-21,18:28,20260421-008,Pot of tea,Drinks,2,3.25,resident
2026-04-21,15:10,20260421-009,Grilled salmon,Main,3,15.00,resident
2026-04-21,15:10,20260421-009,Matzo ball soup,Starter,3,8.95,resident
2026-04-21,15:10,20260421-009,Pot of tea,Drinks,3,3.25,resident
2026-04-21,15:10,20260421-009,Vegetable biryani,Main,3,11.95,resident
2026-04-21,15:10,20260421-009,Fish pie,Main,3,13.95,resident
2026-04-21,15:10,20260421-009,Soup of the day,Starter,3,7.95,resident
2026-04-21,15:10,20260421-009,Coffee,Drinks,3,3.00,resident
2026-04-21,15:51,20260421-010,Roast chicken,Main,2,14.50,resident
2026-04-21,15:51,20260421-010,Sticky toffee pudding,Dessert,2,6.50,resident
2026-04-21,15:51,20260421-010,Glass of house wine,Drinks,2,5.50,resident
2026-04-21,15:51,20260421-010,Shepherd's pie,Main,2,12.95,resident
2026-04-21,15:51,20260421-010,Matzo ball soup,Starter,2,8.95,resident
2026-04-21,14:37,20260421-011,Roast chicken,Main,2,14.50,resident
2026-04-21,14:37,20260421-011,Soup of the day,Starter,2,7.95,resident
2026-04-21,14:37,20260421-011,Glass of house wine,Drinks,2,5.50,resident
2026-04-21,14:37,20260421-011,Paneer & spinach curry,Main,2,12.50,resident
2026-04-21,14:37,20260421-011,Matzo ball soup,Starter,2,8.95,resident
2026-04-21,14:37,20260421-011,Glass of house wine,Drinks,2,5.50,resident
2026-04-21,18:59,20260421-012,Roast chicken,Main,2,14.50,resident
2026-04-21,18:59,20260421-012,Pot of tea,Drinks,2,3.25,resident
2026-04-21,18:59,20260421-012,Roast chicken,Main,2,14.50,resident
2026-04-21,18:59,20260421-012,Glass of house wine,Drinks,2,5.50,resident
2026-04-21,13:53,20260421-013,Shepherd's pie,Main,3,12.95,resident
2026-04-21,13:53,20260421-013,Matzo ball soup,Starter,3,8.95,resident
2026-04-21,13:53,20260421-013,Coffee,Drinks,3,3.00,resident
2026-04-21,13:53,20260421-013,Roast chicken,Main,3,14.50,resident
2026-04-21,13:53,20260421-013,Fruit crumble,Dessert,3,6.25,resident
2026-04-21,13:53,20260421-013,Glass of house wine,Drinks,3,5.50,resident
2026-04-21,13:53,20260421-013,Paneer & spinach curry,Main,3,12.50,resident
2026-04-21,13:53,20260421-013,Soup of the day,Starter,3,7.95,resident
2026-04-21,13:53,20260421-013,Fruit crumble,Dessert,3,6.25,resident
2026-04-21,13:53,20260421-013,Pot of tea,Drinks,3,3.25,resident
2026-04-21,17:49,20260421-014,Paneer & spinach curry,Main,1,12.50,resident
2026-04-21,17:49,20260421-014,Matzo ball soup,Starter,1,8.95,resident
2026-04-21,17:49,20260421-014,Fruit crumble,Dessert,1,6.25,resident
2026-04-21,17:49,20260421-014,Glass of house wine,Drinks,1,5.50,resident
2026-04-21,14:05,20260421-015,Shepherd's pie,Main,2,12.95,resident
2026-04-21,14:05,20260421-015,Soup of the day,Starter,2,7.95,resident
2026-04-21,14:05,20260421-015,Fruit crumble,Dessert,2,6.25,resident
2026-04-21,14:05,20260421-015,Pot of tea,Drinks,2,3.25,resident
2026-04-21,14:05,20260421-015,Grilled salmon,Main,2,15.00,resident
2026-04-21,14:05,20260421-015,Coffee,Drinks,2,3.00,resident
2026-04-21,15:15,20260421-016,Paneer & spinach curry,Main,3,12.50,resident
2026-04-21,15:15,20260421-016,Pot of tea,Drinks,3,3.25,resident
2026-04-21,15:15,20260421-016,Paneer & spinach curry,Main,3,12.50,resident
2026-04-21,15:15,20260421-016,Matzo ball soup,Starter,3,8.95,resident
2026-04-21,15:15,20260421-016,Sticky toffee pudding,Dessert,3,6.50,resident
2026-04-21,15:15,20260421-016,Coffee,Drinks,3,3.00,resident
2026-04-21,15:15,20260421-016,Paneer & spinach curry,Main,3,12.50,resident
2026-04-21,15:15,20260421-016,Soup of the day,Starter,3,7.95,resident
2026-04-21,15:15,20260421-016,Coffee,Drinks,3,3.00,resident
2026-04-21,12:51,20260421-017,Fish pie,Main,4,13.95,resident
2026-04-21,12:51,20260421-017,Matzo ball soup,Starter,4,8.95,resident
2026-04-21,12:51,20260421-017,Vegetable biryani,Main,4,11.95,resident
2026-04-21,12:51,20260421-017,Coffee,Drinks,4,3.00,resident
2026-04-21,12:51,20260421-017,Fish pie,Main,4,13.95,resident
2026-04-21,12:51,20260421-017,Soup of the day,Starter,4,7.95,resident
2026-04-21,12:51,20260421-017,Coffee,Drinks,4,3.00,resident
2026-04-21,12:51,20260421-017,Roast chicken,Main,4,14.50,resident
2026-04-21,12:51,20260421-017,Glass of house wine,Drinks,4,5.50,resident
2026-04-21,18:54,20260421-018,Shepherd's pie,Main,4,12.95,resident
2026-04-21,18:54,20260421-018,Sticky toffee pudding,Dessert,4,6.50,resident
2026-04-21,18:54,20260421-018,Glass of house wine,Drinks,4,5.50,resident
2026-04-21,18:54,20260421-018,Fish pie,Main,4,13.95,resident
2026-04-21,18:54,20260421-018,Soup of the day,Starter,4,7.95,resident
2026-04-21,18:54,20260421-018,Sticky toffee pudding,Dessert,4,6.50,resident
2026-04-21,18:54,20260421-018,Pot of tea,Drinks,4,3.25,resident
2026-04-21,18:54,20260421-018,Fish pie,Main,4,13.95,resident
2026-04-21,18:54,20260421-018,Glass of house wine,Drinks,4,5.50,resident
2026-04-21,18:54,20260421-018,Vegetable biryani,Main,4,11.95,resident
2026-04-21,18:54,20260421-018,Sticky toffee pudding,Dessert,4,6.50,resident
2026-04-21,18:54,20260421-018,Coffee,Drinks,4,3.00,resident
2026-04-21,15:11,20260421-019,Grilled salmon,Main,4,15.00,resident
2026-04-21,15:11,20260421-019,Matzo ball soup,Starter,4,8.95,resident
2026-04-21,15:11,20260421-019,Fruit crumble,Dessert,4,6.25,resident
2026-04-21,15:11,20260421-019,Glass of house wine,Drinks,4,5.50,resident
2026-04-21,15:11,20260421-019,Shepherd's pie,Main,4,12.95,resident
2026-04-21,15:11,20260421-019,Glass of house wine,Drinks,4,5.50,resident
2026-04-21,15:11,20260421-019,Vegetable biryani,Main,4,11.95,resident
2026-04-21,15:11,20260421-019,Glass of house wine,Drinks,4,5.50,resident
2026-04-21,15:11,20260421-019,Vegetable biryani,Main,4,11.95,resident
2026-04-21,15:11,20260421-019,Glass of house wine,Drinks,4,5.50,resident
2026-04-21,12:00,20260421-020,Vegetable biryani,Main,1,11.95,resident
2026-04-21,12:00,20260421-020,Matzo ball soup,Starter,1,8.95,resident
2026-04-21,12:00,20260421-020,Fruit crumble,Dessert,1,6.25,resident
2026-04-21,13:53,20260421-021,Roast chicken,Main,4,14.50,resident
2026-04-21,13:53,20260421-021,Sticky toffee pudding,Dessert,4,6.50,resident
2026-04-21,13:53,20260421-021,Coffee,Drinks,4,3.00,resident
2026-04-21,13:53,20260421-021,Fish pie,Main,4,13.95,resident
2026-04-21,13:53,20260421-021,Coffee,Drinks,4,3.00,resident
2026-04-21,13:53,20260421-021,Grilled salmon,Main,4,15.00,resident
2026-04-21,13:53,20260421-021,Glass of house wine,Drinks,4,5.50,resident
2026-04-21,13:53,20260421-021,Roast chicken,Main,4,14.50,resident
2026-04-21,13:53,20260421-021,Matzo ball soup,Starter,4,8.95,resident
2026-04-21,13:53,20260421-021,Pot of tea,Drinks,4,3.25,resident
2026-04-21,13:25,20260421-022,Shepherd's pie,Main,2,12.95,resident
2026-04-21,13:25,20260421-022,Coffee,Drinks,2,3.00,resident
2026-04-21,13:25,20260421-022,Vegetable biryani,Main,2,11.95,resident
2026-04-21,13:25,20260421-022,Glass of house wine,Drinks,2,5.50,resident
2026-04-22,18:13,20260422-001,Grilled salmon,Main,3,15.00,resident
2026-04-22,18:13,20260422-001,Matzo ball soup,Starter,3,8.95,resident
2026-04-22,18:13,20260422-001,Fruit crumble,Dessert,3,6.25,resident
2026-04-22,18:13,20260422-001,Coffee,Drinks,3,3.00,resident
2026-04-22,18:13,20260422-001,Fish pie,Main,3,13.95,resident
2026-04-22,18:13,20260422-001,Matzo ball soup,Starter,3,8.95,resident
2026-04-22,18:13,20260422-001,Coffee,Drinks,3,3.00,resident
2026-04-22,18:13,20260422-001,Vegetable biryani,Main,3,11.95,resident
2026-04-22,18:13,20260422-001,Sticky toffee pudding,Dessert,3,6.50,resident
2026-04-22,18:13,20260422-001,Glass of house wine,Drinks,3,5.50,resident
2026-04-22,12:59,20260422-002,Shepherd's pie,Main,1,12.95,resident
2026-04-22,12:59,20260422-002,Pot of tea,Drinks,1,3.25,resident
2026-04-22,15:09,20260422-003,Paneer & spinach curry,Main,2,12.50,resident
2026-04-22,15:09,20260422-003,Matzo ball soup,Starter,2,8.95,resident
2026-04-22,15:09,20260422-003,Fruit crumble,Dessert,2,6.25,resident
2026-04-22,15:09,20260422-003,Coffee,Drinks,2,3.00,resident
2026-04-22,15:09,20260422-003,Vegetable biryani,Main,2,11.95,resident
2026-04-22,15:09,20260422-003,Matzo ball soup,Starter,2,8.95,resident
2026-04-22,15:09,20260422-003,Fruit crumble,Dessert,2,6.25,resident
2026-04-22,15:09,20260422-003,Pot of tea,Drinks,2,3.25,resident
2026-04-22,13:56,20260422-004,Shepherd's pie,Main,3,12.95,resident
2026-04-22,13:56,20260422-004,Coffee,Drinks,3,3.00,resident
2026-04-22,13:56,20260422-004,Shepherd's pie,Main,3,12.95,resident
2026-04-22,13:56,20260422-004,Fruit crumble,Dessert,3,6.25,resident
2026-04-22,13:56,20260422-004,Coffee,Drinks,3,3.00,resident
2026-04-22,13:56,20260422-004,Grilled salmon,Main,3,15.00,resident
2026-04-22,13:56,20260422-004,Matzo ball soup,Starter,3,8.95,resident
2026-04-22,13:56,20260422-004,Fruit crumble,Dessert,3,6.25,resident
2026-04-22,13:56,20260422-004,Coffee,Drinks,3,3.00,resident
2026-04-22,18:53,20260422-005,Roast chicken,Main,4,14.50,resident
2026-04-22,18:53,20260422-005,Soup of the day,Starter,4,7.95,resident
2026-04-22,18:53,20260422-005,Sticky toffee pudding,Dessert,4,6.50,resident
2026-04-22,18:53,20260422-005,Glass of house wine,Drinks,4,5.50,resident
2026-04-22,18:53,20260422-005,Grilled salmon,Main,4,15.00,resident
2026-04-22,18:53,20260422-005,Fruit crumble,Dessert,4,6.25,resident
2026-04-22,18:53,20260422-005,Pot of tea,Drinks,4,3.25,resident
2026-04-22,18:53,20260422-005,Paneer & spinach curry,Main,4,12.50,resident
2026-04-22,18:53,20260422-005,Coffee,Drinks,4,3.00,resident
2026-04-22,18:53,20260422-005,Vegetable biryani,Main,4,11.95,resident
2026-04-22,18:53,20260422-005,Glass of house wine,Drinks,4,5.50,resident
2026-04-22,18:28,20260422-006,Roast chicken,Main,2,14.50,resident
2026-04-22,18:28,20260422-006,Glass of house wine,Drinks,2,5.50,resident
2026-04-22,18:28,20260422-006,Vegetable biryani,Main,2,11.95,resident
2026-04-22,18:28,20260422-006,Coffee,Drinks,2,3.00,resident
2026-04-22,16:02,20260422-007,Paneer & spinach curry,Main,2,12.50,external
2026-04-22,16:02,20260422-007,Soup of the day,Starter,2,7.95,external
2026-04-22,16:02,20260422-007,Fruit crumble,Dessert,2,6.25,external
2026-04-22,16:02,20260422-007,Glass of house wine,Drinks,2,5.50,external
2026-04-22,16:02,20260422-007,Shepherd's pie,Main,2,12.95,external
2026-04-22,16:02,20260422-007,Coffee,Drinks,2,3.00,external
2026-04-22,14:23,20260422-008,Grilled salmon,Main,2,15.00,resident
2026-04-22,14:23,20260422-008,Pot of tea,Drinks,2,3.25,resident
2026-04-22,14:23,20260422-008,Grilled salmon,Main,2,15.00,resident
2026-04-22,14:23,20260422-008,Soup of the day,Starter,2,7.95,resident
2026-04-22,14:23,20260422-008,Fruit crumble,Dessert,2,6.25,resident
2026-04-22,14:23,20260422-008,Glass of house wine,Drinks,2,5.50,resident
2026-04-22,15:28,20260422-009,Vegetable biryani,Main,2,11.95,resident
2026-04-22,15:28,20260422-009,Glass of house wine,Drinks,2,5.50,resident
2026-04-22,15:28,20260422-009,Paneer & spinach curry,Main,2,12.50,resident
2026-04-22,15:28,20260422-009,Pot of tea,Drinks,2,3.25,resident
2026-04-22,13:28,20260422-010,Fish pie,Main,2,13.95,resident
2026-04-22,13:28,20260422-010,Fruit crumble,Dessert,2,6.25,resident
2026-04-22,13:28,20260422-010,Pot of tea,Drinks,2,3.25,resident
2026-04-22,13:28,20260422-010,Fish pie,Main,2,13.95,resident
2026-04-22,13:28,20260422-010,Soup of the day,Starter,2,7.95,resident
2026-04-22,13:28,20260422-010,Glass of house wine,Drinks,2,5.50,resident
2026-04-22,15:10,20260422-011,Shepherd's pie,Main,1,12.95,resident
2026-04-22,15:10,20260422-011,Soup of the day,Starter,1,7.95,resident
2026-04-22,15:10,20260422-011,Glass of house wine,Drinks,1,5.50,resident
2026-04-22,18:23,20260422-012,Roast chicken,Main,3,14.50,resident
2026-04-22,18:23,20260422-012,Soup of the day,Starter,3,7.95,resident
2026-04-22,18:23,20260422-012,Sticky toffee pudding,Dessert,3,6.50,resident
2026-04-22,18:23,20260422-012,Pot of tea,Drinks,3,3.25,resident
2026-04-22,18:23,20260422-012,Grilled salmon,Main,3,15.00,resident
2026-04-22,18:23,20260422-012,Soup of the day,Starter,3,7.95,resident
2026-04-22,18:23,20260422-012,Coffee,Drinks,3,3.00,resident
2026-04-22,18:23,20260422-012,Grilled salmon,Main,3,15.00,resident
2026-04-22,18:23,20260422-012,Matzo ball soup,Starter,3,8.95,resident
2026-04-22,18:23,20260422-012,Glass of house wine,Drinks,3,5.50,resident
2026-04-22,18:52,20260422-013,Grilled salmon,Main,2,15.00,resident
2026-04-22,18:52,20260422-013,Pot of tea,Drinks,2,3.25,resident
2026-04-22,18:52,20260422-013,Paneer & spinach curry,Main,2,12.50,resident
2026-04-22,18:52,20260422-013,Fruit crumble,Dessert,2,6.25,resident
2026-04-22,18:52,20260422-013,Coffee,Drinks,2,3.00,resident
2026-04-22,12:52,20260422-014,Grilled salmon,Main,2,15.00,external
2026-04-22,12:52,20260422-014,Pot of tea,Drinks,2,3.25,external
2026-04-22,12:52,20260422-014,Paneer & spinach curry,Main,2,12.50,external
2026-04-22,12:52,20260422-014,Matzo ball soup,Starter,2,8.95,external
2026-04-22,12:52,20260422-014,Glass of house wine,Drinks,2,5.50,external
2026-04-22,14:21,20260422-015,Grilled salmon,Main,2,15.00,resident
2026-04-22,14:21,20260422-015,Pot of tea,Drinks,2,3.25,resident
2026-04-22,14:21,20260422-015,Fish pie,Main,2,13.95,resident
2026-04-22,14:21,20260422-015,Pot of tea,Drinks,2,3.25,resident
2026-04-22,17:48,20260422-016,Roast chicken,Main,2,14.50,resident
2026-04-22,17:48,20260422-016,Pot of tea,Drinks,2,3.25,resident
2026-04-22,17:48,20260422-016,Shepherd's pie,Main,2,12.95,resident
2026-04-22,14:55,20260422-017,Fish pie,Main,3,13.95,resident
2026-04-22,14:55,20260422-017,Coffee,Drinks,3,3.00,resident
2026-04-22,14:55,20260422-017,Paneer & spinach curry,Main,3,12.50,resident
2026-04-22,14:55,20260422-017,Coffee,Drinks,3,3.00,resident
2026-04-22,14:55,20260422-017,Fish pie,Main,3,13.95,resident
2026-04-22,14:55,20260422-017,Soup of the day,Starter,3,7.95,resident
2026-04-22,14:55,20260422-017,Fruit crumble,Dessert,3,6.25,resident
2026-04-22,14:55,20260422-017,Pot of tea,Drinks,3,3.25,resident
2026-04-22,17:48,20260422-018,Grilled salmon,Main,4,15.00,resident
2026-04-22,17:48,20260422-018,Soup of the day,Starter,4,7.95,resident
2026-04-22,17:48,20260422-018,Fruit crumble,Dessert,4,6.25,resident
2026-04-22,17:48,20260422-018,Coffee,Drinks,4,3.00,resident
2026-04-22,17:48,20260422-018,Paneer & spinach curry,Main,4,12.50,resident
2026-04-22,17:48,20260422-018,Soup of the day,Starter,4,7.95,resident
2026-04-22,17:48,20260422-018,Glass of house wine,Drinks,4,5.50,resident
2026-04-22,17:48,20260422-018,Grilled salmon,Main,4,15.00,resident
2026-04-22,17:48,20260422-018,Coffee,Drinks,4,3.00,resident
2026-04-22,17:48,20260422-018,Vegetable biryani,Main,4,11.95,resident
2026-04-22,17:48,20260422-018,Soup of the day,Starter,4,7.95,resident
2026-04-22,17:48,20260422-018,Coffee,Drinks,4,3.00,resident
2026-04-22,13:42,20260422-019,Vegetable biryani,Main,1,11.95,resident
2026-04-22,13:42,20260422-019,Coffee,Drinks,1,3.00,resident
2026-04-22,12:41,20260422-020,Grilled salmon,Main,1,15.00,resident
2026-04-22,12:41,20260422-020,Sticky toffee pudding,Dessert,1,6.50,resident
2026-04-22,12:41,20260422-020,Glass of house wine,Drinks,1,5.50,resident
2026-04-22,13:26,20260422-021,Fish pie,Main,3,13.95,resident
2026-04-22,13:26,20260422-021,Pot of tea,Drinks,3,3.25,resident
2026-04-22,13:26,20260422-021,Grilled salmon,Main,3,15.00,resident
2026-04-22,13:26,20260422-021,Soup of the day,Starter,3,7.95,resident
2026-04-22,13:26,20260422-021,Glass of house wine,Drinks,3,5.50,resident
2026-04-22,13:26,20260422-021,Fish pie,Main,3,13.95,resident
2026-04-22,13:26,20260422-021,Coffee,Drinks,3,3.00,resident
2026-04-22,12:09,20260422-022,Grilled salmon,Main,2,15.00,resident
2026-04-22,12:09,20260422-022,Fruit crumble,Dessert,2,6.25,resident
2026-04-22,12:09,20260422-022,Glass of house wine,Drinks,2,5.50,resident
2026-04-22,12:09,20260422-022,Vegetable biryani,Main,2,11.95,resident
2026-04-22,12:09,20260422-022,Sticky toffee pudding,Dessert,2,6.50,resident
2026-04-22,12:09,20260422-022,Glass of house wine,Drinks,2,5.50,resident
2026-04-22,17:05,20260422-023,Shepherd's pie,Main,3,12.95,resident
2026-04-22,17:05,20260422-023,Coffee,Drinks,3,3.00,resident
2026-04-22,17:05,20260422-023,Paneer & spinach curry,Main,3,12.50,resident
2026-04-22,17:05,20260422-023,Fruit crumble,Dessert,3,6.25,resident
2026-04-22,17:05,20260422-023,Glass of house wine,Drinks,3,5.50,resident
2026-04-22,17:05,20260422-023,Fish pie,Main,3,13.95,resident
2026-04-22,17:05,20260422-023,Matzo ball soup,Starter,3,8.95,resident
2026-04-22,17:05,20260422-023,Pot of tea,Drinks,3,3.25,resident
2026-04-22,12:19,20260422-024,Grilled salmon,Main,2,15.00,resident
2026-04-22,12:19,20260422-024,Matzo ball soup,Starter,2,8.95,resident
2026-04-22,12:19,20260422-024,Glass of house wine,Drinks,2,5.50,resident
2026-04-22,12:19,20260422-024,Roast chicken,Main,2,14.50,resident
2026-04-22,12:19,20260422-024,Matzo ball soup,Starter,2,8.95,resident
2026-04-22,12:19,20260422-024,Pot of tea,Drinks,2,3.25,resident
2026-04-22,13:18,20260422-025,Grilled salmon,Main,2,15.00,resident
2026-04-22,13:18,20260422-025,Sticky toffee pudding,Dessert,2,6.50,resident
2026-04-22,13:18,20260422-025,Glass of house wine,Drinks,2,5.50,resident
2026-04-22,13:18,20260422-025,Vegetable biryani,Main,2,11.95,resident
2026-04-22,13:18,20260422-025,Pot of tea,Drinks,2,3.25,resident
2026-04-22,14:24,20260422-026,Roast chicken,Main,2,14.50,resident
2026-04-22,14:24,20260422-026,Coffee,Drinks,2,3.00,resident
2026-04-22,14:24,20260422-026,Fish pie,Main,2,13.95,resident
2026-04-22,14:24,20260422-026,Soup of the day,Starter,2,7.95,resident
2026-04-22,14:24,20260422-026,Sticky toffee pudding,Dessert,2,6.50,resident
2026-04-22,14:24,20260422-026,Coffee,Drinks,2,3.00,resident
2026-04-23,18:28,20260423-001,Roast chicken,Main,1,14.50,resident
2026-04-23,18:28,20260423-001,Pot of tea,Drinks,1,3.25,resident
2026-04-23,17:18,20260423-002,Grilled salmon,Main,2,15.00,resident
2026-04-23,17:18,20260423-002,Soup of the day,Starter,2,7.95,resident
2026-04-23,17:18,20260423-002,Fruit crumble,Dessert,2,6.25,resident
2026-04-23,17:18,20260423-002,Pot of tea,Drinks,2,3.25,resident
2026-04-23,17:18,20260423-002,Shepherd's pie,Main,2,12.95,resident
2026-04-23,17:18,20260423-002,Coffee,Drinks,2,3.00,resident
2026-04-23,13:07,20260423-003,Roast chicken,Main,1,14.50,resident
2026-04-23,13:07,20260423-003,Coffee,Drinks,1,3.00,resident
2026-04-23,16:51,20260423-004,Fish pie,Main,2,13.95,resident
2026-04-23,16:51,20260423-004,Coffee,Drinks,2,3.00,resident
2026-04-23,16:51,20260423-004,Grilled salmon,Main,2,15.00,resident
2026-04-23,16:51,20260423-004,Fruit crumble,Dessert,2,6.25,resident
2026-04-23,16:51,20260423-004,Pot of tea,Drinks,2,3.25,resident
2026-04-23,14:13,20260423-005,Roast chicken,Main,1,14.50,resident
2026-04-23,14:13,20260423-005,Pot of tea,Drinks,1,3.25,resident
2026-04-23,17:42,20260423-006,Vegetable biryani,Main,2,11.95,resident
2026-04-23,17:42,20260423-006,Coffee,Drinks,2,3.00,resident
2026-04-23,17:42,20260423-006,Fish pie,Main,2,13.95,resident
2026-04-23,17:42,20260423-006,Glass of house wine,Drinks,2,5.50,resident
2026-04-23,17:13,20260423-007,Grilled salmon,Main,3,15.00,resident
2026-04-23,17:13,20260423-007,Pot of tea,Drinks,3,3.25,resident
2026-04-23,17:13,20260423-007,Fish pie,Main,3,13.95,resident
2026-04-23,17:13,20260423-007,Soup of the day,Starter,3,7.95,resident
2026-04-23,17:13,20260423-007,Fruit crumble,Dessert,3,6.25,resident
2026-04-23,17:13,20260423-007,Roast chicken,Main,3,14.50,resident
2026-04-23,17:13,20260423-007,Coffee,Drinks,3,3.00,resident
2026-04-23,15:47,20260423-008,Shepherd's pie,Main,1,12.95,resident
2026-04-23,15:47,20260423-008,Soup of the day,Starter,1,7.95,resident
2026-04-23,15:47,20260423-008,Pot of tea,Drinks,1,3.25,resident
2026-04-23,12:52,20260423-009,Roast chicken,Main,2,14.50,resident
2026-04-23,12:52,20260423-009,Sticky toffee pudding,Dessert,2,6.50,resident
2026-04-23,12:52,20260423-009,Coffee,Drinks,2,3.00,resident
2026-04-23,12:52,20260423-009,Grilled salmon,Main,2,15.00,resident
2026-04-23,12:52,20260423-009,Matzo ball soup,Starter,2,8.95,resident
2026-04-23,12:52,20260423-009,Pot of tea,Drinks,2,3.25,resident
2026-04-23,18:58,20260423-010,Shepherd's pie,Main,3,12.95,resident
2026-04-23,18:58,20260423-010,Soup of the day,Starter,3,7.95,resident
2026-04-23,18:58,20260423-010,Pot of tea,Drinks,3,3.25,resident
2026-04-23,18:58,20260423-010,Roast chicken,Main,3,14.50,resident
2026-04-23,18:58,20260423-010,Fruit crumble,Dessert,3,6.25,resident
2026-04-23,18:58,20260423-010,Pot of tea,Drinks,3,3.25,resident
2026-04-23,18:58,20260423-010,Paneer & spinach curry,Main,3,12.50,resident
2026-04-23,18:58,20260423-010,Coffee,Drinks,3,3.00,resident
2026-04-23,19:00,20260423-011,Grilled salmon,Main,2,15.00,resident
2026-04-23,19:00,20260423-011,Soup of the day,Starter,2,7.95,resident
2026-04-23,19:00,20260423-011,Coffee,Drinks,2,3.00,resident
2026-04-23,19:00,20260423-011,Shepherd's pie,Main,2,12.95,resident
2026-04-23,19:00,20260423-011,Matzo ball soup,Starter,2,8.95,resident
2026-04-23,19:00,20260423-011,Pot of tea,Drinks,2,3.25,resident
2026-04-23,17:44,20260423-012,Shepherd's pie,Main,4,12.95,resident
2026-04-23,17:44,20260423-012,Coffee,Drinks,4,3.00,resident
2026-04-23,17:44,20260423-012,Roast chicken,Main,4,14.50,resident
2026-04-23,17:44,20260423-012,Fruit crumble,Dessert,4,6.25,resident
2026-04-23,17:44,20260423-012,Pot of tea,Drinks,4,3.25,resident
2026-04-23,17:44,20260423-012,Vegetable biryani,Main,4,11.95,resident
2026-04-23,17:44,20260423-012,Glass of house wine,Drinks,4,5.50,resident
2026-04-23,17:44,20260423-012,Fish pie,Main,4,13.95,resident
2026-04-23,17:44,20260423-012,Soup of the day,Starter,4,7.95,resident
2026-04-23,17:44,20260423-012,Coffee,Drinks,4,3.00,resident
2026-04-23,18:30,20260423-013,Shepherd's pie,Main,4,12.95,resident
2026-04-23,18:30,20260423-013,Glass of house wine,Drinks,4,5.50,resident
2026-04-23,18:30,20260423-013,Shepherd's pie,Main,4,12.95,resident
2026-04-23,18:30,20260423-013,Coffee,Drinks,4,3.00,resident
2026-04-23,18:30,20260423-013,Vegetable biryani,Main,4,11.95,resident
2026-04-23,18:30,20260423-013,Grilled salmon,Main,4,15.00,resident
2026-04-23,18:30,20260423-013,Matzo ball soup,Starter,4,8.95,resident
2026-04-23,18:30,20260423-013,Pot of tea,Drinks,4,3.25,resident
2026-04-23,18:03,20260423-014,Fish pie,Main,2,13.95,resident
2026-04-23,18:03,20260423-014,Glass of house wine,Drinks,2,5.50,resident
2026-04-23,18:03,20260423-014,Paneer & spinach curry,Main,2,12.50,resident
2026-04-23,17:45,20260423-015,Vegetable biryani,Main,3,11.95,resident
2026-04-23,17:45,20260423-015,Soup of the day,Starter,3,7.95,resident
2026-04-23,17:45,20260423-015,Glass of house wine,Drinks,3,5.50,resident
2026-04-23,17:45,20260423-015,Fish pie,Main,3,13.95,resident
2026-04-23,17:45,20260423-015,Matzo ball soup,Starter,3,8.95,resident
2026-04-23,17:45,20260423-015,Sticky toffee pudding,Dessert,3,6.50,resident
2026-04-23,17:45,20260423-015,Grilled salmon,Main,3,15.00,resident
2026-04-23,17:45,20260423-015,Matzo ball soup,Starter,3,8.95,resident
2026-04-23,17:45,20260423-015,Coffee,Drinks,3,3.00,resident
2026-04-23,18:56,20260423-016,Vegetable biryani,Main,1,11.95,resident
2026-04-23,18:56,20260423-016,Coffee,Drinks,1,3.00,resident
2026-04-23,14:01,20260423-017,Grilled salmon,Main,2,15.00,resident
2026-04-23,14:01,20260423-017,Matzo ball soup,Starter,2,8.95,resident
2026-04-23,14:01,20260423-017,Coffee,Drinks,2,3.00,resident
2026-04-23,14:01,20260423-017,Grilled salmon,Main,2,15.00,resident
2026-04-23,14:01,20260423-017,Matzo ball soup,Starter,2,8.95,resident
2026-04-23,14:01,20260423-017,Fruit crumble,Dessert,2,6.25,resident
2026-04-23,14:01,20260423-017,Coffee,Drinks,2,3.00,resident
2026-04-23,15:46,20260423-018,Grilled salmon,Main,3,15.00,resident
2026-04-23,15:46,20260423-018,Pot of tea,Drinks,3,3.25,resident
2026-04-23,15:46,20260423-018,Vegetable biryani,Main,3,11.95,resident
2026-04-23,15:46,20260423-018,Matzo ball soup,Starter,3,8.95,resident
2026-04-23,15:46,20260423-018,Sticky toffee pudding,Dessert,3,6.50,resident
2026-04-23,15:46,20260423-018,Roast chicken,Main,3,14.50,resident
2026-04-23,15:46,20260423-018,Matzo ball soup,Starter,3,8.95,resident
2026-04-23,15:46,20260423-018,Glass of house wine,Drinks,3,5.50,resident
2026-04-23,14:15,20260423-019,Vegetable biryani,Main,2,11.95,resident
2026-04-23,14:15,20260423-019,Fruit crumble,Dessert,2,6.25,resident
2026-04-23,14:15,20260423-019,Glass of house wine,Drinks,2,5.50,resident
2026-04-23,14:15,20260423-019,Fish pie,Main,2,13.95,resident
2026-04-23,14:15,20260423-019,Pot of tea,Drinks,2,3.25,resident
2026-04-23,14:34,20260423-020,Vegetable biryani,Main,3,11.95,resident
2026-04-23,14:34,20260423-020,Fruit crumble,Dessert,3,6.25,resident
2026-04-23,14:34,20260423-020,Coffee,Drinks,3,3.00,resident
2026-04-23,14:34,20260423-020,Vegetable biryani,Main,3,11.95,resident
2026-04-23,14:34,20260423-020,Matzo ball soup,Starter,3,8.95,resident
2026-04-23,14:34,20260423-020,Glass of house wine,Drinks,3,5.50,resident
2026-04-23,14:34,20260423-020,Fish pie,Main,3,13.95,resident
2026-04-23,14:34,20260423-020,Glass of house wine,Drinks,3,5.50,resident
2026-04-23,17:16,20260423-021,Vegetable biryani,Main,4,11.95,resident
2026-04-23,17:16,20260423-021,Coffee,Drinks,4,3.00,resident
2026-04-23,17:16,20260423-021,Shepherd's pie,Main,4,12.95,resident
2026-04-23,17:16,20260423-021,Matzo ball soup,Starter,4,8.95,resident
2026-04-23,17:16,20260423-021,Pot of tea,Drinks,4,3.25,resident
2026-04-23,17:16,20260423-021,Roast chicken,Main,4,14.50,resident
2026-04-23,17:16,20260423-021,Soup of the day,Starter,4,7.95,resident
2026-04-23,17:16,20260423-021,Fruit crumble,Dessert,4,6.25,resident
2026-04-23,17:16,20260423-021,Pot of tea,Drinks,4,3.25,resident
2026-04-23,17:16,20260423-021,Shepherd's pie,Main,4,12.95,resident
2026-04-23,17:16,20260423-021,Matzo ball soup,Starter,4,8.95,resident
2026-04-23,17:16,20260423-021,Sticky toffee pudding,Dessert,4,6.50,resident
2026-04-23,18:35,20260423-022,Roast chicken,Main,1,14.50,resident
2026-04-23,18:35,20260423-022,Sticky toffee pudding,Dessert,1,6.50,resident
2026-04-23,18:35,20260423-022,Pot of tea,Drinks,1,3.25,resident
2026-04-23,16:35,20260423-023,Grilled salmon,Main,1,15.00,resident
2026-04-23,13:18,20260423-024,Grilled salmon,Main,3,15.00,external
2026-04-23,13:18,20260423-024,Matzo ball soup,Starter,3,8.95,external
2026-04-23,13:18,20260423-024,Sticky toffee pudding,Dessert,3,6.50,external
2026-04-23,13:18,20260423-024,Pot of tea,Drinks,3,3.25,external
2026-04-23,13:18,20260423-024,Vegetable biryani,Main,3,11.95,external
2026-04-23,13:18,20260423-024,Pot of tea,Drinks,3,3.25,external
2026-04-23,13:18,20260423-024,Shepherd's pie,Main,3,12.95,external
2026-04-23,13:18,20260423-024,Matzo ball soup,Starter,3,8.95,external
2026-04-23,13:18,20260423-024,Glass of house wine,Drinks,3,5.50,external
2026-04-23,12:32,20260423-025,Vegetable biryani,Main,3,11.95,resident
2026-04-23,12:32,20260423-025,Matzo ball soup,Starter,3,8.95,resident
2026-04-23,12:32,20260423-025,Glass of house wine,Drinks,3,5.50,resident
2026-04-23,12:32,20260423-025,Grilled salmon,Main,3,15.00,resident
2026-04-23,12:32,20260423-025,Matzo ball soup,Starter,3,8.95,resident
2026-04-23,12:32,20260423-025,Fruit crumble,Dessert,3,6.25,resident
2026-04-23,12:32,20260423-025,Coffee,Drinks,3,3.00,resident
2026-04-23,12:32,20260423-025,Roast chicken,Main,3,14.50,resident
2026-04-23,12:32,20260423-025,Pot of tea,Drinks,3,3.25,resident
2026-04-23,16:39,20260423-026,Grilled salmon,Main,3,15.00,resident
2026-04-23,16:39,20260423-026,Soup of the day,Starter,3,7.95,resident
2026-04-23,16:39,20260423-026,Coffee,Drinks,3,3.00,resident
2026-04-23,16:39,20260423-026,Fish pie,Main,3,13.95,resident
2026-04-23,16:39,20260423-026,Matzo ball soup,Starter,3,8.95,resident
2026-04-23,16:39,20260423-026,Pot of tea,Drinks,3,3.25,resident
2026-04-23,16:39,20260423-026,Roast chicken,Main,3,14.50,resident
2026-04-23,16:39,20260423-026,Soup of the day,Starter,3,7.95,resident
2026-04-23,16:39,20260423-026,Sticky toffee pudding,Dessert,3,6.50,resident
2026-04-23,16:39,20260423-026,Glass of house wine,Drinks,3,5.50,resident
2026-04-23,13:39,20260423-027,Grilled salmon,Main,3,15.00,resident
2026-04-23,13:39,20260423-027,Coffee,Drinks,3,3.00,resident
2026-04-23,13:39,20260423-027,Vegetable biryani,Main,3,11.95,resident
2026-04-23,13:39,20260423-027,Glass of house wine,Drinks,3,5.50,resident
2026-04-23,13:39,20260423-027,Roast chicken,Main,3,14.50,resident
2026-04-23,13:39,20260423-027,Soup of the day,Starter,3,7.95,resident
2026-04-23,13:39,20260423-027,Coffee,Drinks,3,3.00,resident
2026-04-24,13:11,20260424-001,Fish pie,Main,3,13.95,resident
2026-04-24,13:11,20260424-001,Matzo ball soup,Starter,3,8.95,resident
2026-04-24,13:11,20260424-001,Coffee,Drinks,3,3.00,resident
2026-04-24,13:11,20260424-001,Grilled salmon,Main,3,15.00,resident
2026-04-24,13:11,20260424-001,Soup of the day,Starter,3,7.95,resident
2026-04-24,13:11,20260424-001,Glass of house wine,Drinks,3,5.50,resident
2026-04-24,13:11,20260424-001,Paneer & spinach curry,Main,3,12.50,resident
2026-04-24,13:11,20260424-001,Coffee,Drinks,3,3.00,resident
2026-04-24,13:54,20260424-002,Vegetable biryani,Main,2,11.95,resident
2026-04-24,13:54,20260424-002,Fruit crumble,Dessert,2,6.25,resident
2026-04-24,13:54,20260424-002,Glass of house wine,Drinks,2,5.50,resident
2026-04-24,13:54,20260424-002,Paneer & spinach curry,Main,2,12.50,resident
2026-04-24,13:54,20260424-002,Coffee,Drinks,2,3.00,resident
2026-04-24,13:24,20260424-003,Fish pie,Main,2,13.95,resident
2026-04-24,13:24,20260424-003,Matzo ball soup,Starter,2,8.95,resident
2026-04-24,13:24,20260424-003,Coffee,Drinks,2,3.00,resident
2026-04-24,13:24,20260424-003,Fish pie,Main,2,13.95,resident
2026-04-24,13:24,20260424-003,Glass of house wine,Drinks,2,5.50,resident
2026-04-24,12:32,20260424-004,Fish pie,Main,2,13.95,resident
2026-04-24,12:32,20260424-004,Matzo ball soup,Starter,2,8.95,resident
2026-04-24,12:32,20260424-004,Pot of tea,Drinks,2,3.25,resident
2026-04-24,12:32,20260424-004,Shepherd's pie,Main,2,12.95,resident
2026-04-24,12:32,20260424-004,Fruit crumble,Dessert,2,6.25,resident
2026-04-24,12:32,20260424-004,Coffee,Drinks,2,3.00,resident
2026-04-24,14:20,20260424-005,Paneer & spinach curry,Main,2,12.50,resident
2026-04-24,14:20,20260424-005,Pot of tea,Drinks,2,3.25,resident
2026-04-24,14:20,20260424-005,Vegetable biryani,Main,2,11.95,resident
2026-04-24,14:20,20260424-005,Pot of tea,Drinks,2,3.25,resident
2026-04-24,16:24,20260424-006,Paneer & spinach curry,Main,4,12.50,resident
2026-04-24,16:24,20260424-006,Pot of tea,Drinks,4,3.25,resident
2026-04-24,16:24,20260424-006,Fish pie,Main,4,13.95,resident
2026-04-24,16:24,20260424-006,Matzo ball soup,Starter,4,8.95,resident
2026-04-24,16:24,20260424-006,Fruit crumble,Dessert,4,6.25,resident
2026-04-24,16:24,20260424-006,Glass of house wine,Drinks,4,5.50,resident
2026-04-24,16:24,20260424-006,Paneer & spinach curry,Main,4,12.50,resident
2026-04-24,16:24,20260424-006,Pot of tea,Drinks,4,3.25,resident
2026-04-24,16:24,20260424-006,Paneer & spinach curry,Main,4,12.50,resident
2026-04-24,16:24,20260424-006,Glass of house wine,Drinks,4,5.50,resident
2026-04-24,15:30,20260424-007,Roast chicken,Main,1,14.50,external
2026-04-24,15:30,20260424-007,Matzo ball soup,Starter,1,8.95,external
2026-04-24,15:30,20260424-007,Sticky toffee pudding,Dessert,1,6.50,external
2026-04-24,15:30,20260424-007,Glass of house wine,Drinks,1,5.50,external
2026-04-24,13:32,20260424-008,Shepherd's pie,Main,1,12.95,resident
2026-04-24,13:32,20260424-008,Coffee,Drinks,1,3.00,resident
2026-04-24,14:25,20260424-009,Fish pie,Main,2,13.95,resident
2026-04-24,14:25,20260424-009,Soup of the day,Starter,2,7.95,resident
2026-04-24,14:25,20260424-009,Coffee,Drinks,2,3.00,resident
2026-04-24,14:25,20260424-009,Vegetable biryani,Main,2,11.95,resident
2026-04-24,14:25,20260424-009,Matzo ball soup,Starter,2,8.95,resident
2026-04-24,14:25,20260424-009,Glass of house wine,Drinks,2,5.50,resident
2026-04-24,15:52,20260424-010,Roast chicken,Main,2,14.50,resident
2026-04-24,15:52,20260424-010,Soup of the day,Starter,2,7.95,resident
2026-04-24,15:52,20260424-010,Sticky toffee pudding,Dessert,2,6.50,resident
2026-04-24,15:52,20260424-010,Coffee,Drinks,2,3.00,resident
2026-04-24,15:52,20260424-010,Vegetable biryani,Main,2,11.95,resident
2026-04-24,15:52,20260424-010,Glass of house wine,Drinks,2,5.50,resident
2026-04-24,17:07,20260424-011,Vegetable biryani,Main,4,11.95,external
2026-04-24,17:07,20260424-011,Fruit crumble,Dessert,4,6.25,external
2026-04-24,17:07,20260424-011,Coffee,Drinks,4,3.00,external
2026-04-24,17:07,20260424-011,Vegetable biryani,Main,4,11.95,external
2026-04-24,17:07,20260424-011,Pot of tea,Drinks,4,3.25,external
2026-04-24,17:07,20260424-011,Vegetable biryani,Main,4,11.95,external
2026-04-24,17:07,20260424-011,Matzo ball soup,Starter,4,8.95,external
2026-04-24,17:07,20260424-011,Coffee,Drinks,4,3.00,external
2026-04-24,17:07,20260424-011,Shepherd's pie,Main,4,12.95,external
2026-04-24,17:07,20260424-011,Coffee,Drinks,4,3.00,external
2026-04-24,17:56,20260424-012,Shepherd's pie,Main,3,12.95,resident
2026-04-24,17:56,20260424-012,Soup of the day,Starter,3,7.95,resident
2026-04-24,17:56,20260424-012,Roast chicken,Main,3,14.50,resident
2026-04-24,17:56,20260424-012,Soup of the day,Starter,3,7.95,resident
2026-04-24,17:56,20260424-012,Sticky toffee pudding,Dessert,3,6.50,resident
2026-04-24,17:56,20260424-012,Coffee,Drinks,3,3.00,resident
2026-04-24,17:56,20260424-012,Vegetable biryani,Main,3,11.95,resident
2026-04-24,17:56,20260424-012,Glass of house wine,Drinks,3,5.50,resident
2026-04-24,15:29,20260424-013,Fish pie,Main,3,13.95,resident
2026-04-24,15:29,20260424-013,Soup of the day,Starter,3,7.95,resident
2026-04-24,15:29,20260424-013,Fruit crumble,Dessert,3,6.25,resident
2026-04-24,15:29,20260424-013,Pot of tea,Drinks,3,3.25,resident
2026-04-24,15:29,20260424-013,Grilled salmon,Main,3,15.00,resident
2026-04-24,15:29,20260424-013,Matzo ball soup,Starter,3,8.95,resident
2026-04-24,15:29,20260424-013,Pot of tea,Drinks,3,3.25,resident
2026-04-24,15:29,20260424-013,Paneer & spinach curry,Main,3,12.50,resident
2026-04-24,18:36,20260424-014,Grilled salmon,Main,2,15.00,resident
2026-04-24,18:36,20260424-014,Matzo ball soup,Starter,2,8.95,resident
2026-04-24,18:36,20260424-014,Coffee,Drinks,2,3.00,resident
2026-04-24,18:36,20260424-014,Fish pie,Main,2,13.95,resident
2026-04-24,18:36,20260424-014,Soup of the day,Starter,2,7.95,resident
2026-04-24,18:36,20260424-014,Pot of tea,Drinks,2,3.25,resident
2026-04-24,12:26,20260424-015,Grilled salmon,Main,2,15.00,resident
2026-04-24,12:26,20260424-015,Matzo ball soup,Starter,2,8.95,resident
2026-04-24,12:26,20260424-015,Pot of tea,Drinks,2,3.25,resident
2026-04-24,12:26,20260424-015,Roast chicken,Main,2,14.50,resident
2026-04-24,12:26,20260424-015,Matzo ball soup,Starter,2,8.95,resident
2026-04-24,12:26,20260424-015,Coffee,Drinks,2,3.00,resident
2026-04-24,15:25,20260424-016,Vegetable biryani,Main,4,11.95,resident
2026-04-24,15:25,20260424-016,Matzo ball soup,Starter,4,8.95,resident
2026-04-24,15:25,20260424-016,Pot of tea,Drinks,4,3.25,resident
2026-04-24,15:25,20260424-016,Shepherd's pie,Main,4,12.95,resident
2026-04-24,15:25,20260424-016,Soup of the day,Starter,4,7.95,resident
2026-04-24,15:25,20260424-016,Sticky toffee pudding,Dessert,4,6.50,resident
2026-04-24,15:25,20260424-016,Coffee,Drinks,4,3.00,resident
2026-04-24,15:25,20260424-016,Paneer & spinach curry,Main,4,12.50,resident
2026-04-24,15:25,20260424-016,Matzo ball soup,Starter,4,8.95,resident
2026-04-24,15:25,20260424-016,Glass of house wine,Drinks,4,5.50,resident
2026-04-24,15:25,20260424-016,Shepherd's pie,Main,4,12.95,resident
2026-04-24,15:25,20260424-016,Soup of the day,Starter,4,7.95,resident
2026-04-24,15:25,20260424-016,Glass of house wine,Drinks,4,5.50,resident
2026-04-24,12:46,20260424-017,Grilled salmon,Main,3,15.00,resident
2026-04-24,12:46,20260424-017,Coffee,Drinks,3,3.00,resident
2026-04-24,12:46,20260424-017,Paneer & spinach curry,Main,3,12.50,resident
2026-04-24,12:46,20260424-017,Matzo ball soup,Starter,3,8.95,resident
2026-04-24,12:46,20260424-017,Glass of house wine,Drinks,3,5.50,resident
2026-04-24,12:46,20260424-017,Fish pie,Main,3,13.95,resident
2026-04-24,12:46,20260424-017,Matzo ball soup,Starter,3,8.95,resident
2026-04-24,12:46,20260424-017,Pot of tea,Drinks,3,3.25,resident
2026-04-24,16:22,20260424-018,Vegetable biryani,Main,1,11.95,resident
2026-04-24,16:22,20260424-018,Coffee,Drinks,1,3.00,resident
2026-04-24,18:34,20260424-019,Paneer & spinach curry,Main,2,12.50,resident
2026-04-24,18:34,20260424-019,Pot of tea,Drinks,2,3.25,resident
2026-04-24,18:34,20260424-019,Roast chicken,Main,2,14.50,resident
2026-04-24,18:34,20260424-019,Fruit crumble,Dessert,2,6.25,resident
2026-04-24,18:34,20260424-019,Coffee,Drinks,2,3.00,resident
2026-04-24,13:57,20260424-020,Shepherd's pie,Main,2,12.95,resident
2026-04-24,13:57,20260424-020,Coffee,Drinks,2,3.00,resident
2026-04-24,13:57,20260424-020,Fish pie,Main,2,13.95,resident
2026-04-24,13:57,20260424-020,Soup of the day,Starter,2,7.95,resident
2026-04-24,13:57,20260424-020,Glass of house wine,Drinks,2,5.50,resident
2026-04-24,16:03,20260424-021,Fish pie,Main,4,13.95,resident
2026-04-24,16:03,20260424-021,Sticky toffee pudding,Dessert,4,6.50,resident
2026-04-24,16:03,20260424-021,Glass of house wine,Drinks,4,5.50,resident
2026-04-24,16:03,20260424-021,Grilled salmon,Main,4,15.00,resident
2026-04-24,16:03,20260424-021,Soup of the day,Starter,4,7.95,resident
2026-04-24,16:03,20260424-021,Sticky toffee pudding,Dessert,4,6.50,resident
2026-04-24,16:03,20260424-021,Coffee,Drinks,4,3.00,resident
2026-04-24,16:03,20260424-021,Paneer & spinach curry,Main,4,12.50,resident
2026-04-24,16:03,20260424-021,Matzo ball soup,Starter,4,8.95,resident
2026-04-24,16:03,20260424-021,Sticky toffee pudding,Dessert,4,6.50,resident
2026-04-24,16:03,20260424-021,Coffee,Drinks,4,3.00,resident
2026-04-24,16:03,20260424-021,Vegetable biryani,Main,4,11.95,resident
2026-04-24,16:03,20260424-021,Matzo ball soup,Starter,4,8.95,resident
2026-04-24,16:03,20260424-021,Pot of tea,Drinks,4,3.25,resident
2026-04-24,16:54,20260424-022,Shepherd's pie,Main,3,12.95,resident
2026-04-24,16:54,20260424-022,Soup of the day,Starter,3,7.95,resident
2026-04-24,16:54,20260424-022,Glass of house wine,Drinks,3,5.50,resident
2026-04-24,16:54,20260424-022,Vegetable biryani,Main,3,11.95,resident
2026-04-24,16:54,20260424-022,Pot of tea,Drinks,3,3.25,resident
2026-04-24,16:54,20260424-022,Shepherd's pie,Main,3,12.95,resident
2026-04-24,16:54,20260424-022,Glass of house wine,Drinks,3,5.50,resident
2026-04-24,14:41,20260424-023,Roast chicken,Main,2,14.50,resident
2026-04-24,14:41,20260424-023,Pot of tea,Drinks,2,3.25,resident
2026-04-24,14:41,20260424-023,Paneer & spinach curry,Main,2,12.50,resident
2026-04-24,14:41,20260424-023,Soup of the day,Starter,2,7.95,resident
2026-04-24,14:41,20260424-023,Fruit crumble,Dessert,2,6.25,resident
2026-04-24,13:34,20260424-024,Fish pie,Main,2,13.95,resident
2026-04-24,13:34,20260424-024,Soup of the day,Starter,2,7.95,resident
2026-04-24,13:34,20260424-024,Pot of tea,Drinks,2,3.25,resident
2026-04-24,13:34,20260424-024,Vegetable biryani,Main,2,11.95,resident
2026-04-24,13:34,20260424-024,Matzo ball soup,Starter,2,8.95,resident
2026-04-24,13:34,20260424-024,Coffee,Drinks,2,3.00,resident
2026-04-24,15:15,20260424-025,Grilled salmon,Main,2,15.00,resident
2026-04-24,15:15,20260424-025,Matzo ball soup,Starter,2,8.95,resident
2026-04-24,15:15,20260424-025,Fruit crumble,Dessert,2,6.25,resident
2026-04-24,15:15,20260424-025,Coffee,Drinks,2,3.00,resident
2026-04-24,15:15,20260424-025,Grilled salmon,Main,2,15.00,resident
2026-04-24,15:15,20260424-025,Pot of tea,Drinks,2,3.25,resident
2026-04-24,16:50,20260424-026,Roast chicken,Main,2,14.50,external
2026-04-24,16:50,20260424-026,Fruit crumble,Dessert,2,6.25,external
2026-04-24,16:50,20260424-026,Pot of tea,Drinks,2,3.25,external
2026-04-24,16:50,20260424-026,Shepherd's pie,Main,2,12.95,external
2026-04-24,16:50,20260424-026,Fruit crumble,Dessert,2,6.25,external
2026-04-24,16:50,20260424-026,Coffee,Drinks,2,3.00,external
2026-04-24,12:10,20260424-027,Paneer & spinach curry,Main,2,12.50,resident
2026-04-24,12:10,20260424-027,Pot of tea,Drinks,2,3.25,resident
2026-04-24,12:10,20260424-027,Grilled salmon,Main,2,15.00,resident
2026-04-24,12:10,20260424-027,Pot of tea,Drinks,2,3.25,resident
2026-04-24,18:36,20260424-028,Roast chicken,Main,2,14.50,resident
2026-04-24,18:36,20260424-028,Soup of the day,Starter,2,7.95,resident
2026-04-24,18:36,20260424-028,Fish pie,Main,2,13.95,resident
2026-04-24,18:36,20260424-028,Pot of tea,Drinks,2,3.25,resident
2026-04-24,12:36,20260424-029,Paneer & spinach curry,Main,2,12.50,resident
2026-04-24,12:36,20260424-029,Soup of the day,Starter,2,7.95,resident
2026-04-24,12:36,20260424-029,Pot of tea,Drinks,2,3.25,resident
2026-04-24,12:36,20260424-029,Shepherd's pie,Main,2,12.95,resident
2026-04-24,12:36,20260424-029,Soup of the day,Starter,2,7.95,resident
2026-04-24,16:26,20260424-030,Shepherd's pie,Main,3,12.95,resident
2026-04-24,16:26,20260424-030,Matzo ball soup,Starter,3,8.95,resident
2026-04-24,16:26,20260424-030,Sticky toffee pudding,Dessert,3,6.50,resident
2026-04-24,16:26,20260424-030,Coffee,Drinks,3,3.00,resident
2026-04-24,16:26,20260424-030,Grilled salmon,Main,3,15.00,resident
2026-04-24,16:26,20260424-030,Fruit crumble,Dessert,3,6.25,resident
2026-04-24,16:26,20260424-030,Glass of house wine,Drinks,3,5.50,resident
2026-04-24,16:26,20260424-030,Shepherd's pie,Main,3,12.95,resident
2026-04-24,16:26,20260424-030,Fruit crumble,Dessert,3,6.25,resident
2026-04-24,16:26,20260424-030,Coffee,Drinks,3,3.00,resident
2026-04-24,17:16,20260424-031,Grilled salmon,Main,1,15.00,resident
2026-04-24,17:16,20260424-031,Coffee,Drinks,1,3.00,resident
2026-04-24,13:04,20260424-032,Fish pie,Main,2,13.95,resident
2026-04-24,13:04,20260424-032,Soup of the day,Starter,2,7.95,resident
2026-04-24,13:04,20260424-032,Pot of tea,Drinks,2,3.25,resident
2026-04-24,13:04,20260424-032,Vegetable biryani,Main,2,11.95,resident
2026-04-24,13:04,20260424-032,Coffee,Drinks,2,3.00,resident
2026-04-24,17:02,20260424-033,Grilled salmon,Main,2,15.00,resident
2026-04-24,17:02,20260424-033,Pot of tea,Drinks,2,3.25,resident
2026-04-24,17:02,20260424-033,Vegetable biryani,Main,2,11.95,resident
2026-04-24,17:02,20260424-033,Soup of the day,Starter,2,7.95,resident
2026-04-24,17:02,20260424-033,Glass of house wine,Drinks,2,5.50,resident
2026-04-24,15:31,20260424-034,Paneer & spinach curry,Main,2,12.50,resident
2026-04-24,15:31,20260424-034,Matzo ball soup,Starter,2,8.95,resident
2026-04-24,15:31,20260424-034,Fruit crumble,Dessert,2,6.25,resident
2026-04-24,15:31,20260424-034,Coffee,Drinks,2,3.00,resident
2026-04-24,15:31,20260424-034,Shepherd's pie,Main,2,12.95,resident
2026-04-24,15:31,20260424-034,Pot of tea,Drinks,2,3.25,resident
2026-04-25,13:36,20260425-001,Fish pie,Main,2,13.95,resident
2026-04-25,13:36,20260425-001,Matzo ball soup,Starter,2,8.95,resident
2026-04-25,13:36,20260425-001,Sticky toffee pudding,Dessert,2,6.50,resident
2026-04-25,13:36,20260425-001,Glass of house wine,Drinks,2,5.50,resident
2026-04-25,13:36,20260425-001,Shepherd's pie,Main,2,12.95,resident
2026-04-25,13:36,20260425-001,Sticky toffee pudding,Dessert,2,6.50,resident
2026-04-25,13:36,20260425-001,Glass of house wine,Drinks,2,5.50,resident
2026-04-25,18:42,20260425-002,Paneer & spinach curry,Main,2,12.50,resident
2026-04-25,18:42,20260425-002,Coffee,Drinks,2,3.00,resident
2026-04-25,18:42,20260425-002,Fish pie,Main,2,13.95,resident
2026-04-25,18:42,20260425-002,Soup of the day,Starter,2,7.95,resident
2026-04-25,18:42,20260425-002,Fruit crumble,Dessert,2,6.25,resident
2026-04-25,18:42,20260425-002,Coffee,Drinks,2,3.00,resident
2026-04-25,15:15,20260425-003,Roast chicken,Main,2,14.50,resident
2026-04-25,15:15,20260425-003,Coffee,Drinks,2,3.00,resident
2026-04-25,15:15,20260425-003,Fish pie,Main,2,13.95,resident
2026-04-25,15:15,20260425-003,Fruit crumble,Dessert,2,6.25,resident
2026-04-25,15:15,20260425-003,Glass of house wine,Drinks,2,5.50,resident
2026-04-25,13:46,20260425-004,Grilled salmon,Main,2,15.00,resident
2026-04-25,13:46,20260425-004,Coffee,Drinks,2,3.00,resident
2026-04-25,13:46,20260425-004,Grilled salmon,Main,2,15.00,resident
2026-04-25,13:46,20260425-004,Pot of tea,Drinks,2,3.25,resident
2026-04-25,12:26,20260425-005,Fish pie,Main,1,13.95,resident
2026-04-25,12:26,20260425-005,Fruit crumble,Dessert,1,6.25,resident
2026-04-25,12:26,20260425-005,Glass of house wine,Drinks,1,5.50,resident
2026-04-25,13:01,20260425-006,Fish pie,Main,2,13.95,resident
2026-04-25,13:01,20260425-006,Matzo ball soup,Starter,2,8.95,resident
2026-04-25,13:01,20260425-006,Coffee,Drinks,2,3.00,resident
2026-04-25,13:01,20260425-006,Fish pie,Main,2,13.95,resident
2026-04-25,13:01,20260425-006,Matzo ball soup,Starter,2,8.95,resident
2026-04-25,13:01,20260425-006,Fruit crumble,Dessert,2,6.25,resident
2026-04-25,13:01,20260425-006,Pot of tea,Drinks,2,3.25,resident
2026-04-25,18:28,20260425-007,Roast chicken,Main,4,14.50,resident
2026-04-25,18:28,20260425-007,Matzo ball soup,Starter,4,8.95,resident
2026-04-25,18:28,20260425-007,Glass of house wine,Drinks,4,5.50,resident
2026-04-25,18:28,20260425-007,Fish pie,Main,4,13.95,resident
2026-04-25,18:28,20260425-007,Soup of the day,Starter,4,7.95,resident
2026-04-25,18:28,20260425-007,Glass of house wine,Drinks,4,5.50,resident
2026-04-25,18:28,20260425-007,Grilled salmon,Main,4,15.00,resident
2026-04-25,18:28,20260425-007,Matzo ball soup,Starter,4,8.95,resident
2026-04-25,18:28,20260425-007,Sticky toffee pudding,Dessert,4,6.50,resident
2026-04-25,18:28,20260425-007,Pot of tea,Drinks,4,3.25,resident
2026-04-25,18:28,20260425-007,Paneer & spinach curry,Main,4,12.50,resident
2026-04-25,18:28,20260425-007,Pot of tea,Drinks,4,3.25,resident
2026-04-25,15:59,20260425-008,Vegetable biryani,Main,2,11.95,resident
2026-04-25,15:59,20260425-008,Glass of house wine,Drinks,2,5.50,resident
2026-04-25,15:59,20260425-008,Paneer & spinach curry,Main,2,12.50,resident
2026-04-25,15:59,20260425-008,Coffee,Drinks,2,3.00,resident
2026-04-25,18:15,20260425-009,Roast chicken,Main,2,14.50,resident
2026-04-25,18:15,20260425-009,Pot of tea,Drinks,2,3.25,resident
2026-04-25,18:15,20260425-009,Roast chicken,Main,2,14.50,resident
2026-04-25,18:15,20260425-009,Pot of tea,Drinks,2,3.25,resident
2026-04-25,16:42,20260425-010,Paneer & spinach curry,Main,2,12.50,resident
2026-04-25,16:42,20260425-010,Soup of the day,Starter,2,7.95,resident
2026-04-25,16:42,20260425-010,Sticky toffee pudding,Dessert,2,6.50,resident
2026-04-25,16:42,20260425-010,Coffee,Drinks,2,3.00,resident
2026-04-25,16:42,20260425-010,Fish pie,Main,2,13.95,resident
2026-04-25,16:42,20260425-010,Fruit crumble,Dessert,2,6.25,resident
2026-04-25,16:42,20260425-010,Glass of house wine,Drinks,2,5.50,resident
2026-04-25,15:18,20260425-011,Vegetable biryani,Main,2,11.95,resident
2026-04-25,15:18,20260425-011,Glass of house wine,Drinks,2,5.50,resident
2026-04-25,15:18,20260425-011,Grilled salmon,Main,2,15.00,resident
2026-04-25,15:18,20260425-011,Matzo ball soup,Starter,2,8.95,resident
2026-04-25,15:59,20260425-012,Roast chicken,Main,3,14.50,resident
2026-04-25,15:59,20260425-012,Soup of the day,Starter,3,7.95,resident
2026-04-25,15:59,20260425-012,Glass of house wine,Drinks,3,5.50,resident
2026-04-25,15:59,20260425-012,Vegetable biryani,Main,3,11.95,resident
2026-04-25,15:59,20260425-012,Matzo ball soup,Starter,3,8.95,resident
2026-04-25,15:59,20260425-012,Glass of house wine,Drinks,3,5.50,resident
2026-04-25,15:59,20260425-012,Fish pie,Main,3,13.95,resident
2026-04-25,15:59,20260425-012,Sticky toffee pudding,Dessert,3,6.50,resident
2026-04-25,15:59,20260425-012,Glass of house wine,Drinks,3,5.50,resident
2026-04-25,14:07,20260425-013,Fish pie,Main,2,13.95,resident
2026-04-25,14:07,20260425-013,Coffee,Drinks,2,3.00,resident
2026-04-25,14:07,20260425-013,Vegetable biryani,Main,2,11.95,resident
2026-04-25,14:07,20260425-013,Soup of the day,Starter,2,7.95,resident
2026-04-25,14:07,20260425-013,Glass of house wine,Drinks,2,5.50,resident
2026-04-25,16:41,20260425-014,Paneer & spinach curry,Main,3,12.50,resident
2026-04-25,16:41,20260425-014,Coffee,Drinks,3,3.00,resident
2026-04-25,16:41,20260425-014,Paneer & spinach curry,Main,3,12.50,resident
2026-04-25,16:41,20260425-014,Pot of tea,Drinks,3,3.25,resident
2026-04-25,16:41,20260425-014,Grilled salmon,Main,3,15.00,resident
2026-04-25,16:41,20260425-014,Soup of the day,Starter,3,7.95,resident
2026-04-25,16:41,20260425-014,Glass of house wine,Drinks,3,5.50,resident
2026-04-25,18:21,20260425-015,Shepherd's pie,Main,3,12.95,resident
2026-04-25,18:21,20260425-015,Soup of the day,Starter,3,7.95,resident
2026-04-25,18:21,20260425-015,Sticky toffee pudding,Dessert,3,6.50,resident
2026-04-25,18:21,20260425-015,Vegetable biryani,Main,3,11.95,resident
2026-04-25,18:21,20260425-015,Matzo ball soup,Starter,3,8.95,resident
2026-04-25,18:21,20260425-015,Pot of tea,Drinks,3,3.25,resident
2026-04-25,18:21,20260425-015,Fish pie,Main,3,13.95,resident
2026-04-25,18:21,20260425-015,Soup of the day,Starter,3,7.95,resident
2026-04-25,18:21,20260425-015,Fruit crumble,Dessert,3,6.25,resident
2026-04-25,16:52,20260425-016,Fish pie,Main,2,13.95,resident
2026-04-25,16:52,20260425-016,Soup of the day,Starter,2,7.95,resident
2026-04-25,16:52,20260425-016,Pot of tea,Drinks,2,3.25,resident
2026-04-25,16:52,20260425-016,Vegetable biryani,Main,2,11.95,resident
2026-04-25,16:52,20260425-016,Soup of the day,Starter,2,7.95,resident
2026-04-25,16:52,20260425-016,Pot of tea,Drinks,2,3.25,resident
2026-04-25,18:15,20260425-017,Paneer & spinach curry,Main,4,12.50,resident
2026-04-25,18:15,20260425-017,Sticky toffee pudding,Dessert,4,6.50,resident
2026-04-25,18:15,20260425-017,Pot of tea,Drinks,4,3.25,resident
2026-04-25,18:15,20260425-017,Grilled salmon,Main,4,15.00,resident
2026-04-25,18:15,20260425-017,Coffee,Drinks,4,3.00,resident
2026-04-25,18:15,20260425-017,Paneer & spinach curry,Main,4,12.50,resident
2026-04-25,18:15,20260425-017,Soup of the day,Starter,4,7.95,resident
2026-04-25,18:15,20260425-017,Coffee,Drinks,4,3.00,resident
2026-04-25,18:15,20260425-017,Fish pie,Main,4,13.95,resident
2026-04-25,17:23,20260425-018,Paneer & spinach curry,Main,2,12.50,resident
2026-04-25,17:23,20260425-018,Sticky toffee pudding,Dessert,2,6.50,resident
2026-04-25,17:23,20260425-018,Coffee,Drinks,2,3.00,resident
2026-04-25,17:23,20260425-018,Fish pie,Main,2,13.95,resident
2026-04-25,17:23,20260425-018,Soup of the day,Starter,2,7.95,resident
2026-04-25,17:23,20260425-018,Pot of tea,Drinks,2,3.25,resident
2026-04-25,15:41,20260425-019,Shepherd's pie,Main,1,12.95,resident
2026-04-25,15:41,20260425-019,Soup of the day,Starter,1,7.95,resident
2026-04-25,15:41,20260425-019,Sticky toffee pudding,Dessert,1,6.50,resident
2026-04-25,15:41,20260425-019,Glass of house wine,Drinks,1,5.50,resident
2026-04-25,15:42,20260425-020,Fish pie,Main,2,13.95,resident
2026-04-25,15:42,20260425-020,Pot of tea,Drinks,2,3.25,resident
2026-04-25,15:42,20260425-020,Vegetable biryani,Main,2,11.95,resident
2026-04-25,15:42,20260425-020,Matzo ball soup,Starter,2,8.95,resident
2026-04-25,15:42,20260425-020,Fruit crumble,Dessert,2,6.25,resident
2026-04-25,15:42,20260425-020,Pot of tea,Drinks,2,3.25,resident
2026-04-25,12:45,20260425-021,Shepherd's pie,Main,4,12.95,resident
2026-04-25,12:45,20260425-021,Soup of the day,Starter,4,7.95,resident
2026-04-25,12:45,20260425-021,Fruit crumble,Dessert,4,6.25,resident
2026-04-25,12:45,20260425-021,Glass of house wine,Drinks,4,5.50,resident
2026-04-25,12:45,20260425-021,Paneer & spinach curry,Main,4,12.50,resident
2026-04-25,12:45,20260425-021,Soup of the day,Starter,4,7.95,resident
2026-04-25,12:45,20260425-021,Shepherd's pie,Main,4,12.95,resident
2026-04-25,12:45,20260425-021,Fish pie,Main,4,13.95,resident
2026-04-25,12:45,20260425-021,Soup of the day,Starter,4,7.95,resident
2026-04-25,12:45,20260425-021,Sticky toffee pudding,Dessert,4,6.50,resident
2026-04-25,12:45,20260425-021,Glass of house wine,Drinks,4,5.50,resident
2026-04-25,13:15,20260425-022,Paneer & spinach curry,Main,4,12.50,resident
2026-04-25,13:15,20260425-022,Matzo ball soup,Starter,4,8.95,resident
2026-04-25,13:15,20260425-022,Fruit crumble,Dessert,4,6.25,resident
2026-04-25,13:15,20260425-022,Glass of house wine,Drinks,4,5.50,resident
2026-04-25,13:15,20260425-022,Vegetable biryani,Main,4,11.95,resident
2026-04-25,13:15,20260425-022,Soup of the day,Starter,4,7.95,resident
2026-04-25,13:15,20260425-022,Coffee,Drinks,4,3.00,resident
2026-04-25,13:15,20260425-022,Grilled salmon,Main,4,15.00,resident
2026-04-25,13:15,20260425-022,Sticky toffee pudding,Dessert,4,6.50,resident
2026-04-25,13:15,20260425-022,Glass of house wine,Drinks,4,5.50,resident
2026-04-25,13:15,20260425-022,Fish pie,Main,4,13.95,resident
2026-04-25,13:15,20260425-022,Coffee,Drinks,4,3.00,resident
2026-04-25,15:18,20260425-023,Grilled salmon,Main,1,15.00,resident
2026-04-25,15:18,20260425-023,Glass of house wine,Drinks,1,5.50,resident
2026-04-25,17:32,20260425-024,Shepherd's pie,Main,3,12.95,resident
2026-04-25,17:32,20260425-024,Shepherd's pie,Main,3,12.95,resident
2026-04-25,17:32,20260425-024,Pot of tea,Drinks,3,3.25,resident
2026-04-25,17:32,20260425-024,Shepherd's pie,Main,3,12.95,resident
2026-04-25,17:32,20260425-024,Coffee,Drinks,3,3.00,resident
2026-04-25,16:10,20260425-025,Fish pie,Main,2,13.95,resident
2026-04-25,16:10,20260425-025,Soup of the day,Starter,2,7.95,resident
2026-04-25,16:10,20260425-025,Coffee,Drinks,2,3.00,resident
2026-04-25,16:10,20260425-025,Vegetable biryani,Main,2,11.95,resident
2026-04-25,16:10,20260425-025,Matzo ball soup,Starter,2,8.95,resident
2026-04-25,16:10,20260425-025,Coffee,Drinks,2,3.00,resident
2026-04-25,12:15,20260425-026,Paneer & spinach curry,Main,3,12.50,resident
2026-04-25,12:15,20260425-026,Soup of the day,Starter,3,7.95,resident
2026-04-25,12:15,20260425-026,Glass of house wine,Drinks,3,5.50,resident
2026-04-25,12:15,20260425-026,Shepherd's pie,Main,3,12.95,resident
2026-04-25,12:15,20260425-026,Coffee,Drinks,3,3.00,resident
2026-04-25,12:15,20260425-026,Shepherd's pie,Main,3,12.95,resident
2026-04-25,12:15,20260425-026,Matzo ball soup,Starter,3,8.95,resident
2026-04-25,12:15,20260425-026,Pot of tea,Drinks,3,3.25,resident
2026-04-25,13:07,20260425-027,Fish pie,Main,2,13.95,resident
2026-04-25,13:07,20260425-027,Glass of house wine,Drinks,2,5.50,resident
2026-04-25,13:07,20260425-027,Grilled salmon,Main,2,15.00,resident
2026-04-25,13:07,20260425-027,Coffee,Drinks,2,3.00,resident
2026-04-25,13:14,20260425-028,Vegetable biryani,Main,4,11.95,resident
2026-04-25,13:14,20260425-028,Sticky toffee pudding,Dessert,4,6.50,resident
2026-04-25,13:14,20260425-028,Coffee,Drinks,4,3.00,resident
2026-04-25,13:14,20260425-028,Fish pie,Main,4,13.95,resident
2026-04-25,13:14,20260425-028,Pot of tea,Drinks,4,3.25,resident
2026-04-25,13:14,20260425-028,Shepherd's pie,Main,4,12.95,resident
2026-04-25,13:14,20260425-028,Soup of the day,Starter,4,7.95,resident
2026-04-25,13:14,20260425-028,Sticky toffee pudding,Dessert,4,6.50,resident
2026-04-25,13:14,20260425-028,Glass of house wine,Drinks,4,5.50,resident
2026-04-25,13:14,20260425-028,Vegetable biryani,Main,4,11.95,resident
2026-04-25,13:14,20260425-028,Pot of tea,Drinks,4,3.25,resident
2026-04-25,12:13,20260425-029,Grilled salmon,Main,2,15.00,resident
2026-04-25,12:13,20260425-029,Fruit crumble,Dessert,2,6.25,resident
2026-04-25,12:13,20260425-029,Pot of tea,Drinks,2,3.25,resident
2026-04-25,12:13,20260425-029,Shepherd's pie,Main,2,12.95,resident
2026-04-25,12:13,20260425-029,Sticky toffee pudding,Dessert,2,6.50,resident
2026-04-25,12:13,20260425-029,Pot of tea,Drinks,2,3.25,resident
2026-04-25,14:18,20260425-030,Fish pie,Main,4,13.95,resident
2026-04-25,14:18,20260425-030,Glass of house wine,Drinks,4,5.50,resident
2026-04-25,14:18,20260425-030,Shepherd's pie,Main,4,12.95,resident
2026-04-25,14:18,20260425-030,Pot of tea,Drinks,4,3.25,resident
2026-04-25,14:18,20260425-030,Fish pie,Main,4,13.95,resident
2026-04-25,14:18,20260425-030,Matzo ball soup,Starter,4,8.95,resident
2026-04-25,14:18,20260425-030,Coffee,Drinks,4,3.00,resident
2026-04-25,14:18,20260425-030,Shepherd's pie,Main,4,12.95,resident
2026-04-25,14:18,20260425-030,Pot of tea,Drinks,4,3.25,resident
2026-04-27,14:19,20260427-001,Shepherd's pie,Main,3,12.95,resident
2026-04-27,14:19,20260427-001,Matzo ball soup,Starter,3,8.95,resident
2026-04-27,14:19,20260427-001,Sticky toffee pudding,Dessert,3,6.50,resident
2026-04-27,14:19,20260427-001,Glass of house wine,Drinks,3,5.50,resident
2026-04-27,14:19,20260427-001,Paneer & spinach curry,Main,3,12.50,resident
2026-04-27,14:19,20260427-001,Coffee,Drinks,3,3.00,resident
2026-04-27,14:19,20260427-001,Roast chicken,Main,3,14.50,resident
2026-04-27,14:19,20260427-001,Soup of the day,Starter,3,7.95,resident
2026-04-27,14:19,20260427-001,Coffee,Drinks,3,3.00,resident
2026-04-27,14:10,20260427-002,Fish pie,Main,3,13.95,resident
2026-04-27,14:10,20260427-002,Soup of the day,Starter,3,7.95,resident
2026-04-27,14:10,20260427-002,Sticky toffee pudding,Dessert,3,6.50,resident
2026-04-27,14:10,20260427-002,Vegetable biryani,Main,3,11.95,resident
2026-04-27,14:10,20260427-002,Glass of house wine,Drinks,3,5.50,resident
2026-04-27,14:10,20260427-002,Grilled salmon,Main,3,15.00,resident
2026-04-27,14:10,20260427-002,Soup of the day,Starter,3,7.95,resident
2026-04-27,14:10,20260427-002,Fruit crumble,Dessert,3,6.25,resident
2026-04-27,14:10,20260427-002,Glass of house wine,Drinks,3,5.50,resident
2026-04-27,12:51,20260427-003,Paneer & spinach curry,Main,3,12.50,external
2026-04-27,12:51,20260427-003,Soup of the day,Starter,3,7.95,external
2026-04-27,12:51,20260427-003,Glass of house wine,Drinks,3,5.50,external
2026-04-27,12:51,20260427-003,Shepherd's pie,Main,3,12.95,external
2026-04-27,12:51,20260427-003,Soup of the day,Starter,3,7.95,external
2026-04-27,12:51,20260427-003,Pot of tea,Drinks,3,3.25,external
2026-04-27,12:51,20260427-003,Roast chicken,Main,3,14.50,external
2026-04-27,12:51,20260427-003,Soup of the day,Starter,3,7.95,external
2026-04-27,12:51,20260427-003,Coffee,Drinks,3,3.00,external
2026-04-27,12:37,20260427-004,Paneer & spinach curry,Main,1,12.50,resident
2026-04-27,12:37,20260427-004,Matzo ball soup,Starter,1,8.95,resident
2026-04-27,12:37,20260427-004,Glass of house wine,Drinks,1,5.50,resident
2026-04-27,12:12,20260427-005,Fish pie,Main,4,13.95,resident
2026-04-27,12:12,20260427-005,Soup of the day,Starter,4,7.95,resident
2026-04-27,12:12,20260427-005,Pot of tea,Drinks,4,3.25,resident
2026-04-27,12:12,20260427-005,Vegetable biryani,Main,4,11.95,resident
2026-04-27,12:12,20260427-005,Soup of the day,Starter,4,7.95,resident
2026-04-27,12:12,20260427-005,Glass of house wine,Drinks,4,5.50,resident
2026-04-27,12:12,20260427-005,Paneer & spinach curry,Main,4,12.50,resident
2026-04-27,12:12,20260427-005,Soup of the day,Starter,4,7.95,resident
2026-04-27,12:12,20260427-005,Coffee,Drinks,4,3.00,resident
2026-04-27,12:12,20260427-005,Roast chicken,Main,4,14.50,resident
2026-04-27,12:12,20260427-005,Matzo ball soup,Starter,4,8.95,resident
2026-04-27,12:12,20260427-005,Fruit crumble,Dessert,4,6.25,resident
2026-04-27,12:12,20260427-005,Pot of tea,Drinks,4,3.25,resident
2026-04-27,12:53,20260427-006,Roast chicken,Main,2,14.50,resident
2026-04-27,12:53,20260427-006,Glass of house wine,Drinks,2,5.50,resident
2026-04-27,12:53,20260427-006,Grilled salmon,Main,2,15.00,resident
2026-04-27,13:21,20260427-007,Vegetable biryani,Main,2,11.95,resident
2026-04-27,13:21,20260427-007,Pot of tea,Drinks,2,3.25,resident
2026-04-27,13:21,20260427-007,Vegetable biryani,Main,2,11.95,resident
2026-04-27,13:21,20260427-007,Coffee,Drinks,2,3.00,resident
2026-04-27,13:14,20260427-008,Roast chicken,Main,2,14.50,resident
2026-04-27,13:14,20260427-008,Soup of the day,Starter,2,7.95,resident
2026-04-27,13:14,20260427-008,Coffee,Drinks,2,3.00,resident
2026-04-27,13:14,20260427-008,Vegetable biryani,Main,2,11.95,resident
2026-04-27,13:14,20260427-008,Pot of tea,Drinks,2,3.25,resident
2026-04-27,12:02,20260427-009,Grilled salmon,Main,2,15.00,resident
2026-04-27,12:02,20260427-009,Matzo ball soup,Starter,2,8.95,resident
2026-04-27,12:02,20260427-009,Fruit crumble,Dessert,2,6.25,resident
2026-04-27,12:02,20260427-009,Glass of house wine,Drinks,2,5.50,resident
2026-04-27,12:02,20260427-009,Paneer & spinach curry,Main,2,12.50,resident
2026-04-27,12:02,20260427-009,Matzo ball soup,Starter,2,8.95,resident
2026-04-27,12:02,20260427-009,Coffee,Drinks,2,3.00,resident
2026-04-27,14:02,20260427-010,Roast chicken,Main,4,14.50,resident
2026-04-27,14:02,20260427-010,Coffee,Drinks,4,3.00,resident
2026-04-27,14:02,20260427-010,Vegetable biryani,Main,4,11.95,resident
2026-04-27,14:02,20260427-010,Coffee,Drinks,4,3.00,resident
2026-04-27,14:02,20260427-010,Roast chicken,Main,4,14.50,resident
2026-04-27,14:02,20260427-010,Fruit crumble,Dessert,4,6.25,resident
2026-04-27,14:02,20260427-010,Glass of house wine,Drinks,4,5.50,resident
2026-04-27,14:02,20260427-010,Vegetable biryani,Main,4,11.95,resident
2026-04-27,14:02,20260427-010,Pot of tea,Drinks,4,3.25,resident
2026-04-27,13:11,20260427-011,Paneer & spinach curry,Main,4,12.50,resident
2026-04-27,13:11,20260427-011,Pot of tea,Drinks,4,3.25,resident
2026-04-27,13:11,20260427-011,Shepherd's pie,Main,4,12.95,resident
2026-04-27,13:11,20260427-011,Matzo ball soup,Starter,4,8.95,resident
2026-04-27,13:11,20260427-011,Coffee,Drinks,4,3.00,resident
2026-04-27,13:11,20260427-011,Paneer & spinach curry,Main,4,12.50,resident
2026-04-27,13:11,20260427-011,Sticky toffee pudding,Dessert,4,6.50,resident
2026-04-27,13:11,20260427-011,Glass of house wine,Drinks,4,5.50,resident
2026-04-27,13:11,20260427-011,Shepherd's pie,Main,4,12.95,resident
2026-04-27,13:11,20260427-011,Fruit crumble,Dessert,4,6.25,resident
2026-04-27,13:11,20260427-011,Pot of tea,Drinks,4,3.25,resident
2026-04-28,12:22,20260428-001,Vegetable biryani,Main,1,11.95,resident
2026-04-28,12:22,20260428-001,Sticky toffee pudding,Dessert,1,6.50,resident
2026-04-28,12:22,20260428-001,Coffee,Drinks,1,3.00,resident
2026-04-28,12:11,20260428-002,Paneer & spinach curry,Main,3,12.50,resident
2026-04-28,12:11,20260428-002,Sticky toffee pudding,Dessert,3,6.50,resident
2026-04-28,12:11,20260428-002,Glass of house wine,Drinks,3,5.50,resident
2026-04-28,12:11,20260428-002,Paneer & spinach curry,Main,3,12.50,resident
2026-04-28,12:11,20260428-002,Glass of house wine,Drinks,3,5.50,resident
2026-04-28,12:11,20260428-002,Roast chicken,Main,3,14.50,resident
2026-04-28,12:11,20260428-002,Matzo ball soup,Starter,3,8.95,resident
2026-04-28,12:11,20260428-002,Fruit crumble,Dessert,3,6.25,resident
2026-04-28,12:11,20260428-002,Glass of house wine,Drinks,3,5.50,resident
2026-04-28,18:51,20260428-003,Fish pie,Main,4,13.95,resident
2026-04-28,18:51,20260428-003,Soup of the day,Starter,4,7.95,resident
2026-04-28,18:51,20260428-003,Pot of tea,Drinks,4,3.25,resident
2026-04-28,18:51,20260428-003,Fish pie,Main,4,13.95,resident
2026-04-28,18:51,20260428-003,Matzo ball soup,Starter,4,8.95,resident
2026-04-28,18:51,20260428-003,Sticky toffee pudding,Dessert,4,6.50,resident
2026-04-28,18:51,20260428-003,Pot of tea,Drinks,4,3.25,resident
2026-04-28,18:51,20260428-003,Grilled salmon,Main,4,15.00,resident
2026-04-28,18:51,20260428-003,Coffee,Drinks,4,3.00,resident
2026-04-28,18:51,20260428-003,Vegetable biryani,Main,4,11.95,resident
2026-04-28,18:51,20260428-003,Soup of the day,Starter,4,7.95,resident
2026-04-28,18:51,20260428-003,Coffee,Drinks,4,3.00,resident
2026-04-28,18:26,20260428-004,Vegetable biryani,Main,2,11.95,resident
2026-04-28,18:26,20260428-004,Soup of the day,Starter,2,7.95,resident
2026-04-28,18:26,20260428-004,Fruit crumble,Dessert,2,6.25,resident
2026-04-28,18:26,20260428-004,Coffee,Drinks,2,3.00,resident
2026-04-28,18:26,20260428-004,Shepherd's pie,Main,2,12.95,resident
2026-04-28,18:26,20260428-004,Coffee,Drinks,2,3.00,resident
2026-04-28,15:06,20260428-005,Grilled salmon,Main,2,15.00,resident
2026-04-28,15:06,20260428-005,Fruit crumble,Dessert,2,6.25,resident
2026-04-28,15:06,20260428-005,Glass of house wine,Drinks,2,5.50,resident
2026-04-28,15:06,20260428-005,Shepherd's pie,Main,2,12.95,resident
2026-04-28,15:06,20260428-005,Soup of the day,Starter,2,7.95,resident
2026-04-28,15:06,20260428-005,Coffee,Drinks,2,3.00,resident
2026-04-28,13:05,20260428-006,Shepherd's pie,Main,2,12.95,resident
2026-04-28,13:05,20260428-006,Pot of tea,Drinks,2,3.25,resident
2026-04-28,13:05,20260428-006,Paneer & spinach curry,Main,2,12.50,resident
2026-04-28,13:05,20260428-006,Pot of tea,Drinks,2,3.25,resident
2026-04-28,16:06,20260428-007,Paneer & spinach curry,Main,2,12.50,resident
2026-04-28,16:06,20260428-007,Soup of the day,Starter,2,7.95,resident
2026-04-28,16:06,20260428-007,Coffee,Drinks,2,3.00,resident
2026-04-28,16:06,20260428-007,Vegetable biryani,Main,2,11.95,resident
2026-04-28,16:06,20260428-007,Sticky toffee pudding,Dessert,2,6.50,resident
2026-04-28,16:06,20260428-007,Coffee,Drinks,2,3.00,resident
2026-04-28,12:58,20260428-008,Shepherd's pie,Main,3,12.95,resident
2026-04-28,12:58,20260428-008,Matzo ball soup,Starter,3,8.95,resident
2026-04-28,12:58,20260428-008,Coffee,Drinks,3,3.00,resident
2026-04-28,12:58,20260428-008,Roast chicken,Main,3,14.50,resident
2026-04-28,12:58,20260428-008,Coffee,Drinks,3,3.00,resident
2026-04-28,12:58,20260428-008,Paneer & spinach curry,Main,3,12.50,resident
2026-04-28,12:58,20260428-008,Coffee,Drinks,3,3.00,resident
2026-04-28,18:26,20260428-009,Roast chicken,Main,3,14.50,resident
2026-04-28,18:26,20260428-009,Glass of house wine,Drinks,3,5.50,resident
2026-04-28,18:26,20260428-009,Vegetable biryani,Main,3,11.95,resident
2026-04-28,18:26,20260428-009,Fruit crumble,Dessert,3,6.25,resident
2026-04-28,18:26,20260428-009,Coffee,Drinks,3,3.00,resident
2026-04-28,18:26,20260428-009,Grilled salmon,Main,3,15.00,resident
2026-04-28,18:26,20260428-009,Soup of the day,Starter,3,7.95,resident
2026-04-28,16:58,20260428-010,Vegetable biryani,Main,4,11.95,external
2026-04-28,16:58,20260428-010,Matzo ball soup,Starter,4,8.95,external
2026-04-28,16:58,20260428-010,Coffee,Drinks,4,3.00,external
2026-04-28,16:58,20260428-010,Roast chicken,Main,4,14.50,external
2026-04-28,16:58,20260428-010,Soup of the day,Starter,4,7.95,external
2026-04-28,16:58,20260428-010,Fruit crumble,Dessert,4,6.25,external
2026-04-28,16:58,20260428-010,Glass of house wine,Drinks,4,5.50,external
2026-04-28,16:58,20260428-010,Grilled salmon,Main,4,15.00,external
2026-04-28,16:58,20260428-010,Pot of tea,Drinks,4,3.25,external
2026-04-28,16:58,20260428-010,Shepherd's pie,Main,4,12.95,external
2026-04-28,16:58,20260428-010,Glass of house wine,Drinks,4,5.50,external
2026-04-28,15:04,20260428-011,Fish pie,Main,2,13.95,resident
2026-04-28,15:04,20260428-011,Matzo ball soup,Starter,2,8.95,resident
2026-04-28,15:04,20260428-011,Sticky toffee pudding,Dessert,2,6.50,resident
2026-04-28,15:04,20260428-011,Glass of house wine,Drinks,2,5.50,resident
2026-04-28,15:04,20260428-011,Shepherd's pie,Main,2,12.95,resident
2026-04-28,15:04,20260428-011,Glass of house wine,Drinks,2,5.50,resident
2026-04-28,15:53,20260428-012,Grilled salmon,Main,3,15.00,resident
2026-04-28,15:53,20260428-012,Pot of tea,Drinks,3,3.25,resident
2026-04-28,15:53,20260428-012,Vegetable biryani,Main,3,11.95,resident
2026-04-28,15:53,20260428-012,Pot of tea,Drinks,3,3.25,resident
2026-04-28,15:53,20260428-012,Roast chicken,Main,3,14.50,resident
2026-04-28,15:53,20260428-012,Pot of tea,Drinks,3,3.25,resident
2026-04-28,16:39,20260428-013,Roast chicken,Main,2,14.50,resident
2026-04-28,16:39,20260428-013,Glass of house wine,Drinks,2,5.50,resident
2026-04-28,16:39,20260428-013,Shepherd's pie,Main,2,12.95,resident
2026-04-28,16:39,20260428-013,Fruit crumble,Dessert,2,6.25,resident
2026-04-28,16:39,20260428-013,Glass of house wine,Drinks,2,5.50,resident
2026-04-28,12:45,20260428-014,Grilled salmon,Main,3,15.00,resident
2026-04-28,12:45,20260428-014,Pot of tea,Drinks,3,3.25,resident
2026-04-28,12:45,20260428-014,Vegetable biryani,Main,3,11.95,resident
2026-04-28,12:45,20260428-014,Matzo ball soup,Starter,3,8.95,resident
2026-04-28,12:45,20260428-014,Glass of house wine,Drinks,3,5.50,resident
2026-04-28,12:45,20260428-014,Shepherd's pie,Main,3,12.95,resident
2026-04-28,12:45,20260428-014,Pot of tea,Drinks,3,3.25,resident
2026-04-28,18:48,20260428-015,Fish pie,Main,4,13.95,resident
2026-04-28,18:48,20260428-015,Soup of the day,Starter,4,7.95,resident
2026-04-28,18:48,20260428-015,Glass of house wine,Drinks,4,5.50,resident
2026-04-28,18:48,20260428-015,Shepherd's pie,Main,4,12.95,resident
2026-04-28,18:48,20260428-015,Glass of house wine,Drinks,4,5.50,resident
2026-04-28,18:48,20260428-015,Grilled salmon,Main,4,15.00,resident
2026-04-28,18:48,20260428-015,Sticky toffee pudding,Dessert,4,6.50,resident
2026-04-28,18:48,20260428-015,Glass of house wine,Drinks,4,5.50,resident
2026-04-28,18:48,20260428-015,Paneer & spinach curry,Main,4,12.50,resident
2026-04-28,18:48,20260428-015,Soup of the day,Starter,4,7.95,resident
2026-04-28,18:48,20260428-015,Fruit crumble,Dessert,4,6.25,resident
2026-04-28,18:48,20260428-015,Glass of house wine,Drinks,4,5.50,resident
2026-04-28,17:02,20260428-016,Grilled salmon,Main,1,15.00,resident
2026-04-28,17:02,20260428-016,Matzo ball soup,Starter,1,8.95,resident
2026-04-28,17:02,20260428-016,Sticky toffee pudding,Dessert,1,6.50,resident
2026-04-28,17:02,20260428-016,Coffee,Drinks,1,3.00,resident
2026-04-28,14:55,20260428-017,Fish pie,Main,3,13.95,resident
2026-04-28,14:55,20260428-017,Coffee,Drinks,3,3.00,resident
2026-04-28,14:55,20260428-017,Shepherd's pie,Main,3,12.95,resident
2026-04-28,14:55,20260428-017,Fruit crumble,Dessert,3,6.25,resident
2026-04-28,14:55,20260428-017,Glass of house wine,Drinks,3,5.50,resident
2026-04-28,14:55,20260428-017,Vegetable biryani,Main,3,11.95,resident
2026-04-28,14:55,20260428-017,Fruit crumble,Dessert,3,6.25,resident
2026-04-28,14:55,20260428-017,Glass of house wine,Drinks,3,5.50,resident
2026-04-28,15:24,20260428-018,Shepherd's pie,Main,1,12.95,resident
2026-04-28,15:24,20260428-018,Pot of tea,Drinks,1,3.25,resident
2026-04-28,16:02,20260428-019,Vegetable biryani,Main,3,11.95,resident
2026-04-28,16:02,20260428-019,Fruit crumble,Dessert,3,6.25,resident
2026-04-28,16:02,20260428-019,Pot of tea,Drinks,3,3.25,resident
2026-04-28,16:02,20260428-019,Vegetable biryani,Main,3,11.95,resident
2026-04-28,16:02,20260428-019,Fruit crumble,Dessert,3,6.25,resident
2026-04-28,16:02,20260428-019,Shepherd's pie,Main,3,12.95,resident
2026-04-28,16:02,20260428-019,Glass of house wine,Drinks,3,5.50,resident
2026-04-28,14:10,20260428-020,Shepherd's pie,Main,3,12.95,resident
2026-04-28,14:10,20260428-020,Coffee,Drinks,3,3.00,resident
2026-04-28,14:10,20260428-020,Fish pie,Main,3,13.95,resident
2026-04-28,14:10,20260428-020,Paneer & spinach curry,Main,3,12.50,resident
2026-04-28,14:10,20260428-020,Glass of house wine,Drinks,3,5.50,resident
2026-04-28,12:53,20260428-021,Paneer & spinach curry,Main,1,12.50,resident
2026-04-28,12:53,20260428-021,Soup of the day,Starter,1,7.95,resident
2026-04-28,12:53,20260428-021,Sticky toffee pudding,Dessert,1,6.50,resident
2026-04-28,12:53,20260428-021,Glass of house wine,Drinks,1,5.50,resident
2026-04-29,12:30,20260429-001,Paneer & spinach curry,Main,2,12.50,resident
2026-04-29,12:30,20260429-001,Matzo ball soup,Starter,2,8.95,resident
2026-04-29,12:30,20260429-001,Vegetable biryani,Main,2,11.95,resident
2026-04-29,12:30,20260429-001,Soup of the day,Starter,2,7.95,resident
2026-04-29,12:30,20260429-001,Fruit crumble,Dessert,2,6.25,resident
2026-04-29,12:30,20260429-001,Pot of tea,Drinks,2,3.25,resident
2026-04-29,18:06,20260429-002,Roast chicken,Main,4,14.50,resident
2026-04-29,18:06,20260429-002,Soup of the day,Starter,4,7.95,resident
2026-04-29,18:06,20260429-002,Pot of tea,Drinks,4,3.25,resident
2026-04-29,18:06,20260429-002,Grilled salmon,Main,4,15.00,resident
2026-04-29,18:06,20260429-002,Glass of house wine,Drinks,4,5.50,resident
2026-04-29,18:06,20260429-002,Grilled salmon,Main,4,15.00,resident
2026-04-29,18:06,20260429-002,Soup of the day,Starter,4,7.95,resident
2026-04-29,18:06,20260429-002,Coffee,Drinks,4,3.00,resident
2026-04-29,18:06,20260429-002,Shepherd's pie,Main,4,12.95,resident
2026-04-29,18:06,20260429-002,Coffee,Drinks,4,3.00,resident
2026-04-29,13:55,20260429-003,Grilled salmon,Main,1,15.00,external
2026-04-29,13:55,20260429-003,Coffee,Drinks,1,3.00,external
2026-04-29,17:49,20260429-004,Roast chicken,Main,2,14.50,resident
2026-04-29,17:49,20260429-004,Pot of tea,Drinks,2,3.25,resident
2026-04-29,17:49,20260429-004,Paneer & spinach curry,Main,2,12.50,resident
2026-04-29,17:49,20260429-004,Soup of the day,Starter,2,7.95,resident
2026-04-29,17:49,20260429-004,Glass of house wine,Drinks,2,5.50,resident
2026-04-29,15:16,20260429-005,Paneer & spinach curry,Main,2,12.50,resident
2026-04-29,15:16,20260429-005,Pot of tea,Drinks,2,3.25,resident
2026-04-29,15:16,20260429-005,Roast chicken,Main,2,14.50,resident
2026-04-29,15:16,20260429-005,Glass of house wine,Drinks,2,5.50,resident
2026-04-29,17:03,20260429-006,Shepherd's pie,Main,1,12.95,resident
2026-04-29,17:03,20260429-006,Soup of the day,Starter,1,7.95,resident
2026-04-29,12:08,20260429-007,Roast chicken,Main,3,14.50,external
2026-04-29,12:08,20260429-007,Matzo ball soup,Starter,3,8.95,external
2026-04-29,12:08,20260429-007,Coffee,Drinks,3,3.00,external
2026-04-29,12:08,20260429-007,Vegetable biryani,Main,3,11.95,external
2026-04-29,12:08,20260429-007,Glass of house wine,Drinks,3,5.50,external
2026-04-29,12:08,20260429-007,Vegetable biryani,Main,3,11.95,external
2026-04-29,12:08,20260429-007,Matzo ball soup,Starter,3,8.95,external
2026-04-29,12:08,20260429-007,Sticky toffee pudding,Dessert,3,6.50,external
2026-04-29,12:08,20260429-007,Glass of house wine,Drinks,3,5.50,external
2026-04-29,17:16,20260429-008,Grilled salmon,Main,4,15.00,external
2026-04-29,17:16,20260429-008,Sticky toffee pudding,Dessert,4,6.50,external
2026-04-29,17:16,20260429-008,Roast chicken,Main,4,14.50,external
2026-04-29,17:16,20260429-008,Sticky toffee pudding,Dessert,4,6.50,external
2026-04-29,17:16,20260429-008,Glass of house wine,Drinks,4,5.50,external
2026-04-29,17:16,20260429-008,Shepherd's pie,Main,4,12.95,external
2026-04-29,17:16,20260429-008,Glass of house wine,Drinks,4,5.50,external
2026-04-29,17:16,20260429-008,Paneer & spinach curry,Main,4,12.50,external
2026-04-29,17:16,20260429-008,Pot of tea,Drinks,4,3.25,external
2026-04-29,16:54,20260429-009,Paneer & spinach curry,Main,4,12.50,resident
2026-04-29,16:54,20260429-009,Pot of tea,Drinks,4,3.25,resident
2026-04-29,16:54,20260429-009,Paneer & spinach curry,Main,4,12.50,resident
2026-04-29,16:54,20260429-009,Soup of the day,Starter,4,7.95,resident
2026-04-29,16:54,20260429-009,Fruit crumble,Dessert,4,6.25,resident
2026-04-29,16:54,20260429-009,Pot of tea,Drinks,4,3.25,resident
2026-04-29,16:54,20260429-009,Fish pie,Main,4,13.95,resident
2026-04-29,16:54,20260429-009,Matzo ball soup,Starter,4,8.95,resident
2026-04-29,16:54,20260429-009,Fruit crumble,Dessert,4,6.25,resident
2026-04-29,16:54,20260429-009,Glass of house wine,Drinks,4,5.50,resident
2026-04-29,16:54,20260429-009,Shepherd's pie,Main,4,12.95,resident
2026-04-29,16:54,20260429-009,Matzo ball soup,Starter,4,8.95,resident
2026-04-29,16:54,20260429-009,Sticky toffee pudding,Dessert,4,6.50,resident
2026-04-29,16:54,20260429-009,Pot of tea,Drinks,4,3.25,resident
2026-04-29,17:55,20260429-010,Shepherd's pie,Main,2,12.95,resident
2026-04-29,17:55,20260429-010,Fruit crumble,Dessert,2,6.25,resident
2026-04-29,17:55,20260429-010,Pot of tea,Drinks,2,3.25,resident
2026-04-29,17:55,20260429-010,Fish pie,Main,2,13.95,resident
2026-04-29,17:55,20260429-010,Sticky toffee pudding,Dessert,2,6.50,resident
2026-04-29,17:55,20260429-010,Pot of tea,Drinks,2,3.25,resident
2026-04-29,18:40,20260429-011,Shepherd's pie,Main,1,12.95,resident
2026-04-29,18:40,20260429-011,Matzo ball soup,Starter,1,8.95,resident
2026-04-29,18:40,20260429-011,Sticky toffee pudding,Dessert,1,6.50,resident
2026-04-29,18:40,20260429-011,Coffee,Drinks,1,3.00,resident
2026-04-29,16:19,20260429-012,Grilled salmon,Main,4,15.00,resident
2026-04-29,16:19,20260429-012,Sticky toffee pudding,Dessert,4,6.50,resident
2026-04-29,16:19,20260429-012,Glass of house wine,Drinks,4,5.50,resident
2026-04-29,16:19,20260429-012,Shepherd's pie,Main,4,12.95,resident
2026-04-29,16:19,20260429-012,Sticky toffee pudding,Dessert,4,6.50,resident
2026-04-29,16:19,20260429-012,Pot of tea,Drinks,4,3.25,resident
2026-04-29,16:19,20260429-012,Fish pie,Main,4,13.95,resident
2026-04-29,16:19,20260429-012,Soup of the day,Starter,4,7.95,resident
2026-04-29,16:19,20260429-012,Pot of tea,Drinks,4,3.25,resident
2026-04-29,16:19,20260429-012,Roast chicken,Main,4,14.50,resident
2026-04-29,16:19,20260429-012,Coffee,Drinks,4,3.00,resident
2026-04-29,12:59,20260429-013,Fish pie,Main,2,13.95,resident
2026-04-29,12:59,20260429-013,Glass of house wine,Drinks,2,5.50,resident
2026-04-29,12:59,20260429-013,Grilled salmon,Main,2,15.00,resident
2026-04-29,12:59,20260429-013,Sticky toffee pudding,Dessert,2,6.50,resident
2026-04-29,12:59,20260429-013,Glass of house wine,Drinks,2,5.50,resident
2026-04-29,13:42,20260429-014,Fish pie,Main,3,13.95,resident
2026-04-29,13:42,20260429-014,Soup of the day,Starter,3,7.95,resident
2026-04-29,13:42,20260429-014,Fruit crumble,Dessert,3,6.25,resident
2026-04-29,13:42,20260429-014,Coffee,Drinks,3,3.00,resident
2026-04-29,13:42,20260429-014,Shepherd's pie,Main,3,12.95,resident
2026-04-29,13:42,20260429-014,Soup of the day,Starter,3,7.95,resident
2026-04-29,13:42,20260429-014,Sticky toffee pudding,Dessert,3,6.50,resident
2026-04-29,13:42,20260429-014,Coffee,Drinks,3,3.00,resident
2026-04-29,13:42,20260429-014,Fish pie,Main,3,13.95,resident
2026-04-29,13:42,20260429-014,Matzo ball soup,Starter,3,8.95,resident
2026-04-29,13:42,20260429-014,Glass of house wine,Drinks,3,5.50,resident
2026-04-29,15:54,20260429-015,Paneer & spinach curry,Main,3,12.50,resident
2026-04-29,15:54,20260429-015,Soup of the day,Starter,3,7.95,resident
2026-04-29,15:54,20260429-015,Pot of tea,Drinks,3,3.25,resident
2026-04-29,15:54,20260429-015,Vegetable biryani,Main,3,11.95,resident
2026-04-29,15:54,20260429-015,Glass of house wine,Drinks,3,5.50,resident
2026-04-29,15:54,20260429-015,Shepherd's pie,Main,3,12.95,resident
2026-04-29,15:56,20260429-016,Grilled salmon,Main,2,15.00,resident
2026-04-29,15:56,20260429-016,Matzo ball soup,Starter,2,8.95,resident
2026-04-29,15:56,20260429-016,Fruit crumble,Dessert,2,6.25,resident
2026-04-29,15:56,20260429-016,Coffee,Drinks,2,3.00,resident
2026-04-29,15:56,20260429-016,Vegetable biryani,Main,2,11.95,resident
2026-04-29,15:56,20260429-016,Pot of tea,Drinks,2,3.25,resident
2026-04-29,16:00,20260429-017,Vegetable biryani,Main,1,11.95,resident
2026-04-29,16:00,20260429-017,Soup of the day,Starter,1,7.95,resident
2026-04-29,16:00,20260429-017,Coffee,Drinks,1,3.00,resident
2026-04-29,14:03,20260429-018,Roast chicken,Main,2,14.50,resident
2026-04-29,14:03,20260429-018,Pot of tea,Drinks,2,3.25,resident
2026-04-29,14:03,20260429-018,Fish pie,Main,2,13.95,resident
2026-04-29,14:03,20260429-018,Fruit crumble,Dessert,2,6.25,resident
2026-04-29,14:03,20260429-018,Glass of house wine,Drinks,2,5.50,resident
2026-04-29,16:52,20260429-019,Roast chicken,Main,2,14.50,resident
2026-04-29,16:52,20260429-019,Coffee,Drinks,2,3.00,resident
2026-04-29,16:52,20260429-019,Fish pie,Main,2,13.95,resident
2026-04-29,16:52,20260429-019,Pot of tea,Drinks,2,3.25,resident
2026-04-29,12:36,20260429-020,Grilled salmon,Main,3,15.00,resident
2026-04-29,12:36,20260429-020,Matzo ball soup,Starter,3,8.95,resident
2026-04-29,12:36,20260429-020,Fruit crumble,Dessert,3,6.25,resident
2026-04-29,12:36,20260429-020,Pot of tea,Drinks,3,3.25,resident
2026-04-29,12:36,20260429-020,Vegetable biryani,Main,3,11.95,resident
2026-04-29,12:36,20260429-020,Coffee,Drinks,3,3.00,resident
2026-04-29,12:36,20260429-020,Grilled salmon,Main,3,15.00,resident
2026-04-29,12:26,20260429-021,Paneer & spinach curry,Main,2,12.50,resident
2026-04-29,12:26,20260429-021,Fruit crumble,Dessert,2,6.25,resident
2026-04-29,12:26,20260429-021,Pot of tea,Drinks,2,3.25,resident
2026-04-29,12:26,20260429-021,Roast chicken,Main,2,14.50,resident
2026-04-29,12:26,20260429-021,Pot of tea,Drinks,2,3.25,resident
2026-04-30,12:39,20260430-001,Paneer & spinach curry,Main,2,12.50,resident
2026-04-30,12:39,20260430-001,Matzo ball soup,Starter,2,8.95,resident
2026-04-30,12:39,20260430-001,Pot of tea,Drinks,2,3.25,resident
2026-04-30,12:39,20260430-001,Grilled salmon,Main,2,15.00,resident
2026-04-30,12:39,20260430-001,Soup of the day,Starter,2,7.95,resident
2026-04-30,12:39,20260430-001,Glass of house wine,Drinks,2,5.50,resident
2026-04-30,15:47,20260430-002,Roast chicken,Main,2,14.50,resident
2026-04-30,15:47,20260430-002,Matzo ball soup,Starter,2,8.95,resident
2026-04-30,15:47,20260430-002,Sticky toffee pudding,Dessert,2,6.50,resident
2026-04-30,15:47,20260430-002,Pot of tea,Drinks,2,3.25,resident
2026-04-30,15:47,20260430-002,Paneer & spinach curry,Main,2,12.50,resident
2026-04-30,15:47,20260430-002,Soup of the day,Starter,2,7.95,resident
2026-04-30,15:47,20260430-002,Pot of tea,Drinks,2,3.25,resident
2026-04-30,16:31,20260430-003,Shepherd's pie,Main,2,12.95,resident
2026-04-30,16:31,20260430-003,Pot of tea,Drinks,2,3.25,resident
2026-04-30,16:31,20260430-003,Paneer & spinach curry,Main,2,12.50,resident
2026-04-30,16:31,20260430-003,Soup of the day,Starter,2,7.95,resident
2026-04-30,16:31,20260430-003,Glass of house wine,Drinks,2,5.50,resident
2026-04-30,15:53,20260430-004,Vegetable biryani,Main,2,11.95,resident
2026-04-30,15:53,20260430-004,Coffee,Drinks,2,3.00,resident
2026-04-30,15:53,20260430-004,Grilled salmon,Main,2,15.00,resident
2026-04-30,15:53,20260430-004,Glass of house wine,Drinks,2,5.50,resident
2026-04-30,14:42,20260430-005,Shepherd's pie,Main,1,12.95,resident
2026-04-30,14:42,20260430-005,Matzo ball soup,Starter,1,8.95,resident
2026-04-30,14:42,20260430-005,Sticky toffee pudding,Dessert,1,6.50,resident
2026-04-30,14:42,20260430-005,Coffee,Drinks,1,3.00,resident
2026-04-30,15:49,20260430-006,Fish pie,Main,1,13.95,resident
2026-04-30,15:49,20260430-006,Sticky toffee pudding,Dessert,1,6.50,resident
2026-04-30,15:49,20260430-006,Pot of tea,Drinks,1,3.25,resident
2026-04-30,15:54,20260430-007,Fish pie,Main,1,13.95,resident
2026-04-30,15:54,20260430-007,Soup of the day,Starter,1,7.95,resident
2026-04-30,15:54,20260430-007,Coffee,Drinks,1,3.00,resident
2026-04-30,18:26,20260430-008,Vegetable biryani,Main,4,11.95,resident
2026-04-30,18:26,20260430-008,Coffee,Drinks,4,3.00,resident
2026-04-30,18:26,20260430-008,Paneer & spinach curry,Main,4,12.50,resident
2026-04-30,18:26,20260430-008,Fish pie,Main,4,13.95,resident
2026-04-30,18:26,20260430-008,Sticky toffee pudding,Dessert,4,6.50,resident
2026-04-30,18:26,20260430-008,Coffee,Drinks,4,3.00,resident
2026-04-30,18:26,20260430-008,Shepherd's pie,Main,4,12.95,resident
2026-04-30,18:26,20260430-008,Soup of the day,Starter,4,7.95,resident
2026-04-30,18:26,20260430-008,Sticky toffee pudding,Dessert,4,6.50,resident
2026-04-30,18:26,20260430-008,Glass of house wine,Drinks,4,5.50,resident
2026-04-30,14:22,20260430-009,Roast chicken,Main,4,14.50,resident
2026-04-30,14:22,20260430-009,Glass of house wine,Drinks,4,5.50,resident
2026-04-30,14:22,20260430-009,Vegetable biryani,Main,4,11.95,resident
2026-04-30,14:22,20260430-009,Soup of the day,Starter,4,7.95,resident
2026-04-30,14:22,20260430-009,Sticky toffee pudding,Dessert,4,6.50,resident
2026-04-30,14:22,20260430-009,Paneer & spinach curry,Main,4,12.50,resident
2026-04-30,14:22,20260430-009,Soup of the day,Starter,4,7.95,resident
2026-04-30,14:22,20260430-009,Glass of house wine,Drinks,4,5.50,resident
2026-04-30,14:22,20260430-009,Paneer & spinach curry,Main,4,12.50,resident
2026-04-30,14:22,20260430-009,Soup of the day,Starter,4,7.95,resident
2026-04-30,14:22,20260430-009,Coffee,Drinks,4,3.00,resident
2026-04-30,15:32,20260430-010,Paneer & spinach curry,Main,2,12.50,resident
2026-04-30,15:32,20260430-010,Soup of the day,Starter,2,7.95,resident
2026-04-30,15:32,20260430-010,Coffee,Drinks,2,3.00,resident
2026-04-30,15:32,20260430-010,Vegetable biryani,Main,2,11.95,resident
2026-04-30,15:32,20260430-010,Matzo ball soup,Starter,2,8.95,resident
2026-04-30,15:32,20260430-010,Fruit crumble,Dessert,2,6.25,resident
2026-04-30,15:32,20260430-010,Coffee,Drinks,2,3.00,resident
2026-04-30,12:45,20260430-011,Grilled salmon,Main,3,15.00,external
2026-04-30,12:45,20260430-011,Coffee,Drinks,3,3.00,external
2026-04-30,12:45,20260430-011,Fish pie,Main,3,13.95,external
2026-04-30,12:45,20260430-011,Soup of the day,Starter,3,7.95,external
2026-04-30,12:45,20260430-011,Fruit crumble,Dessert,3,6.25,external
2026-04-30,12:45,20260430-011,Coffee,Drinks,3,3.00,external
2026-04-30,12:45,20260430-011,Vegetable biryani,Main,3,11.95,external
2026-04-30,12:45,20260430-011,Soup of the day,Starter,3,7.95,external
2026-04-30,12:45,20260430-011,Sticky toffee pudding,Dessert,3,6.50,external
2026-04-30,12:45,20260430-011,Pot of tea,Drinks,3,3.25,external
2026-04-30,17:25,20260430-012,Grilled salmon,Main,2,15.00,resident
2026-04-30,17:25,20260430-012,Sticky toffee pudding,Dessert,2,6.50,resident
2026-04-30,17:25,20260430-012,Coffee,Drinks,2,3.00,resident
2026-04-30,17:25,20260430-012,Fish pie,Main,2,13.95,resident
2026-04-30,17:25,20260430-012,Soup of the day,Starter,2,7.95,resident
2026-04-30,15:05,20260430-013,Vegetable biryani,Main,2,11.95,resident
2026-04-30,15:05,20260430-013,Soup of the day,Starter,2,7.95,resident
2026-04-30,15:05,20260430-013,Coffee,Drinks,2,3.00,resident
2026-04-30,15:05,20260430-013,Roast chicken,Main,2,14.50,resident
2026-04-30,15:05,20260430-013,Matzo ball soup,Starter,2,8.95,resident
2026-04-30,15:05,20260430-013,Glass of house wine,Drinks,2,5.50,resident
2026-04-30,17:54,20260430-014,Fish pie,Main,2,13.95,resident
2026-04-30,17:54,20260430-014,Soup of the day,Starter,2,7.95,resident
2026-04-30,17:54,20260430-014,Paneer & spinach curry,Main,2,12.50,resident
2026-04-30,17:54,20260430-014,Soup of the day,Starter,2,7.95,resident
2026-04-30,18:32,20260430-015,Roast chicken,Main,2,14.50,resident
2026-04-30,18:32,20260430-015,Fruit crumble,Dessert,2,6.25,resident
2026-04-30,18:32,20260430-015,Coffee,Drinks,2,3.00,resident
2026-04-30,18:32,20260430-015,Grilled salmon,Main,2,15.00,resident
2026-04-30,18:32,20260430-015,Fruit crumble,Dessert,2,6.25,resident
2026-04-30,18:32,20260430-015,Pot of tea,Drinks,2,3.25,resident
2026-04-30,12:06,20260430-016,Paneer & spinach curry,Main,3,12.50,resident
2026-04-30,12:06,20260430-016,Soup of the day,Starter,3,7.95,resident
2026-04-30,12:06,20260430-016,Fish pie,Main,3,13.95,resident
2026-04-30,12:06,20260430-016,Matzo ball soup,Starter,3,8.95,resident
2026-04-30,12:06,20260430-016,Coffee,Drinks,3,3.00,resident
2026-04-30,12:06,20260430-016,Vegetable biryani,Main,3,11.95,resident
2026-04-30,12:06,20260430-016,Pot of tea,Drinks,3,3.25,resident
2026-04-30,18:27,20260430-017,Shepherd's pie,Main,2,12.95,resident
2026-04-30,18:27,20260430-017,Sticky toffee pudding,Dessert,2,6.50,resident
2026-04-30,18:27,20260430-017,Shepherd's pie,Main,2,12.95,resident
2026-04-30,18:27,20260430-017,Soup of the day,Starter,2,7.95,resident
2026-04-30,18:27,20260430-017,Fruit crumble,Dessert,2,6.25,resident
2026-04-30,18:27,20260430-017,Pot of tea,Drinks,2,3.25,resident
2026-04-30,14:55,20260430-018,Paneer & spinach curry,Main,3,12.50,resident
2026-04-30,14:55,20260430-018,Matzo ball soup,Starter,3,8.95,resident
2026-04-30,14:55,20260430-018,Sticky toffee pudding,Dessert,3,6.50,resident
2026-04-30,14:55,20260430-018,Pot of tea,Drinks,3,3.25,resident
2026-04-30,14:55,20260430-018,Fish pie,Main,3,13.95,resident
2026-04-30,14:55,20260430-018,Matzo ball soup,Starter,3,8.95,resident
2026-04-30,14:55,20260430-018,Glass of house wine,Drinks,3,5.50,resident
2026-04-30,14:55,20260430-018,Roast chicken,Main,3,14.50,resident
2026-04-30,14:55,20260430-018,Glass of house wine,Drinks,3,5.50,resident
2026-04-30,16:22,20260430-019,Shepherd's pie,Main,3,12.95,resident
2026-04-30,16:22,20260430-019,Soup of the day,Starter,3,7.95,resident
2026-04-30,16:22,20260430-019,Fruit crumble,Dessert,3,6.25,resident
2026-04-30,16:22,20260430-019,Coffee,Drinks,3,3.00,resident
2026-04-30,16:22,20260430-019,Roast chicken,Main,3,14.50,resident
2026-04-30,16:22,20260430-019,Sticky toffee pudding,Dessert,3,6.50,resident
2026-04-30,16:22,20260430-019,Pot of tea,Drinks,3,3.25,resident
2026-04-30,16:22,20260430-019,Roast chicken,Main,3,14.50,resident
2026-04-30,16:22,20260430-019,Soup of the day,Starter,3,7.95,resident
2026-04-30,16:22,20260430-019,Glass of house wine,Drinks,3,5.50,resident
2026-04-30,18:13,20260430-020,Vegetable biryani,Main,2,11.95,resident
2026-04-30,18:13,20260430-020,Sticky toffee pudding,Dessert,2,6.50,resident
2026-04-30,18:13,20260430-020,Coffee,Drinks,2,3.00,resident
2026-04-30,18:13,20260430-020,Paneer & spinach curry,Main,2,12.50,resident
2026-04-30,18:13,20260430-020,Matzo ball soup,Starter,2,8.95,resident
2026-04-30,18:13,20260430-020,Glass of house wine,Drinks,2,5.50,resident
2026-04-30,18:02,20260430-021,Grilled salmon,Main,2,15.00,resident
2026-04-30,18:02,20260430-021,Fish pie,Main,2,13.95,resident
2026-04-30,18:02,20260430-021,Pot of tea,Drinks,2,3.25,resident
2026-04-30,18:29,20260430-022,Roast chicken,Main,2,14.50,resident
2026-04-30,18:29,20260430-022,Pot of tea,Drinks,2,3.25,resident
2026-04-30,18:29,20260430-022,Paneer & spinach curry,Main,2,12.50,resident
2026-04-30,18:29,20260430-022,Fruit crumble,Dessert,2,6.25,resident
2026-04-30,18:29,20260430-022,Pot of tea,Drinks,2,3.25,resident
2026-04-30,18:16,20260430-023,Shepherd's pie,Main,2,12.95,resident
2026-04-30,18:16,20260430-023,Soup of the day,Starter,2,7.95,resident
2026-04-30,18:16,20260430-023,Fruit crumble,Dessert,2,6.25,resident
2026-04-30,18:16,20260430-023,Glass of house wine,Drinks,2,5.50,resident
2026-04-30,18:16,20260430-023,Shepherd's pie,Main,2,12.95,resident
2026-04-30,18:16,20260430-023,Coffee,Drinks,2,3.00,resident
2026-04-30,15:22,20260430-024,Grilled salmon,Main,2,15.00,resident
2026-04-30,15:22,20260430-024,Fruit crumble,Dessert,2,6.25,resident
2026-04-30,15:22,20260430-024,Pot of tea,Drinks,2,3.25,resident
2026-04-30,15:22,20260430-024,Roast chicken,Main,2,14.50,resident
2026-04-30,15:22,20260430-024,Pot of tea,Drinks,2,3.25,resident
2026-04-30,13:42,20260430-025,Shepherd's pie,Main,1,12.95,resident
2026-04-30,13:42,20260430-025,Soup of the day,Starter,1,7.95,resident
2026-04-30,13:42,20260430-025,Coffee,Drinks,1,3.00,resident
2026-04-30,14:19,20260430-026,Grilled salmon,Main,2,15.00,resident
2026-04-30,14:19,20260430-026,Coffee,Drinks,2,3.00,resident
2026-04-30,14:19,20260430-026,Shepherd's pie,Main,2,12.95,resident
2026-04-30,14:19,20260430-026,Fruit crumble,Dessert,2,6.25,resident
2026-04-30,14:19,20260430-026,Glass of house wine,Drinks,2,5.50,resident
2026-04-30,17:21,20260430-027,Roast chicken,Main,2,14.50,resident
2026-04-30,17:21,20260430-027,Matzo ball soup,Starter,2,8.95,resident
2026-04-30,17:21,20260430-027,Glass of house wine,Drinks,2,5.50,resident
2026-04-30,17:21,20260430-027,Fish pie,Main,2,13.95,resident
2026-04-30,17:21,20260430-027,Soup of the day,Starter,2,7.95,resident
2026-04-30,17:21,20260430-027,Sticky toffee pudding,Dessert,2,6.50,resident
2026-04-30,17:21,20260430-027,Coffee,Drinks,2,3.00,resident
2026-04-30,16:12,20260430-028,Fish pie,Main,2,13.95,resident
2026-04-30,16:12,20260430-028,Soup of the day,Starter,2,7.95,resident
2026-04-30,16:12,20260430-028,Pot of tea,Drinks,2,3.25,resident
2026-04-30,16:12,20260430-028,Vegetable biryani,Main,2,11.95,resident
2026-04-30,16:12,20260430-028,Pot of tea,Drinks,2,3.25,resident
2026-04-30,15:16,20260430-029,Shepherd's pie,Main,4,12.95,resident
2026-04-30,15:16,20260430-029,Matzo ball soup,Starter,4,8.95,resident
2026-04-30,15:16,20260430-029,Fruit crumble,Dessert,4,6.25,resident
2026-04-30,15:16,20260430-029,Glass of house wine,Drinks,4,5.50,resident
2026-04-30,15:16,20260430-029,Shepherd's pie,Main,4,12.95,resident
2026-04-30,15:16,20260430-029,Soup of the day,Starter,4,7.95,resident
2026-04-30,15:16,20260430-029,Coffee,Drinks,4,3.00,resident
2026-04-30,15:16,20260430-029,Grilled salmon,Main,4,15.00,resident
2026-04-30,15:16,20260430-029,Pot of tea,Drinks,4,3.25,resident
2026-04-30,15:16,20260430-029,Fish pie,Main,4,13.95,resident
2026-04-30,15:16,20260430-029,Coffee,Drinks,4,3.00,resident
2026-05-01,12:19,20260501-001,Shepherd's pie,Main,2,12.95,resident
2026-05-01,12:19,20260501-001,Coffee,Drinks,2,3.00,resident
2026-05-01,12:19,20260501-001,Vegetable biryani,Main,2,11.95,resident
2026-05-01,12:19,20260501-001,Soup of the day,Starter,2,7.95,resident
2026-05-01,12:19,20260501-001,Pot of tea,Drinks,2,3.25,resident
2026-05-01,12:51,20260501-002,Fish pie,Main,3,13.95,resident
2026-05-01,12:51,20260501-002,Soup of the day,Starter,3,7.95,resident
2026-05-01,12:51,20260501-002,Fruit crumble,Dessert,3,6.25,resident
2026-05-01,12:51,20260501-002,Pot of tea,Drinks,3,3.25,resident
2026-05-01,12:51,20260501-002,Shepherd's pie,Main,3,12.95,resident
2026-05-01,12:51,20260501-002,Coffee,Drinks,3,3.00,resident
2026-05-01,12:51,20260501-002,Fish pie,Main,3,13.95,resident
2026-05-01,12:51,20260501-002,Matzo ball soup,Starter,3,8.95,resident
2026-05-01,12:51,20260501-002,Fruit crumble,Dessert,3,6.25,resident
2026-05-01,12:51,20260501-002,Pot of tea,Drinks,3,3.25,resident
2026-05-01,18:07,20260501-003,Roast chicken,Main,4,14.50,resident
2026-05-01,18:07,20260501-003,Fruit crumble,Dessert,4,6.25,resident
2026-05-01,18:07,20260501-003,Pot of tea,Drinks,4,3.25,resident
2026-05-01,18:07,20260501-003,Roast chicken,Main,4,14.50,resident
2026-05-01,18:07,20260501-003,Fruit crumble,Dessert,4,6.25,resident
2026-05-01,18:07,20260501-003,Pot of tea,Drinks,4,3.25,resident
2026-05-01,18:07,20260501-003,Fish pie,Main,4,13.95,resident
2026-05-01,18:07,20260501-003,Soup of the day,Starter,4,7.95,resident
2026-05-01,18:07,20260501-003,Coffee,Drinks,4,3.00,resident
2026-05-01,18:07,20260501-003,Fish pie,Main,4,13.95,resident
2026-05-01,18:07,20260501-003,Glass of house wine,Drinks,4,5.50,resident
2026-05-01,17:38,20260501-004,Grilled salmon,Main,2,15.00,resident
2026-05-01,17:38,20260501-004,Fruit crumble,Dessert,2,6.25,resident
2026-05-01,17:38,20260501-004,Grilled salmon,Main,2,15.00,resident
2026-05-01,17:38,20260501-004,Glass of house wine,Drinks,2,5.50,resident
2026-05-01,17:50,20260501-005,Shepherd's pie,Main,1,12.95,resident
2026-05-01,17:50,20260501-005,Matzo ball soup,Starter,1,8.95,resident
2026-05-01,17:50,20260501-005,Glass of house wine,Drinks,1,5.50,resident
2026-05-01,13:22,20260501-006,Vegetable biryani,Main,2,11.95,resident
2026-05-01,13:22,20260501-006,Matzo ball soup,Starter,2,8.95,resident
2026-05-01,13:22,20260501-006,Sticky toffee pudding,Dessert,2,6.50,resident
2026-05-01,13:22,20260501-006,Coffee,Drinks,2,3.00,resident
2026-05-01,13:22,20260501-006,Paneer & spinach curry,Main,2,12.50,resident
2026-05-01,13:22,20260501-006,Pot of tea,Drinks,2,3.25,resident
2026-05-01,13:21,20260501-007,Roast chicken,Main,1,14.50,resident
2026-05-01,13:21,20260501-007,Soup of the day,Starter,1,7.95,resident
2026-05-01,13:21,20260501-007,Coffee,Drinks,1,3.00,resident
2026-05-01,16:08,20260501-008,Roast chicken,Main,4,14.50,resident
2026-05-01,16:08,20260501-008,Fruit crumble,Dessert,4,6.25,resident
2026-05-01,16:08,20260501-008,Coffee,Drinks,4,3.00,resident
2026-05-01,16:08,20260501-008,Shepherd's pie,Main,4,12.95,resident
2026-05-01,16:08,20260501-008,Pot of tea,Drinks,4,3.25,resident
2026-05-01,16:08,20260501-008,Grilled salmon,Main,4,15.00,resident
2026-05-01,16:08,20260501-008,Sticky toffee pudding,Dessert,4,6.50,resident
2026-05-01,16:08,20260501-008,Coffee,Drinks,4,3.00,resident
2026-05-01,16:08,20260501-008,Vegetable biryani,Main,4,11.95,resident
2026-05-01,16:08,20260501-008,Matzo ball soup,Starter,4,8.95,resident
2026-05-01,16:08,20260501-008,Sticky toffee pudding,Dessert,4,6.50,resident
2026-05-01,16:08,20260501-008,Pot of tea,Drinks,4,3.25,resident
2026-05-01,18:17,20260501-009,Grilled salmon,Main,3,15.00,resident
2026-05-01,18:17,20260501-009,Glass of house wine,Drinks,3,5.50,resident
2026-05-01,18:17,20260501-009,Fish pie,Main,3,13.95,resident
2026-05-01,18:17,20260501-009,Pot of tea,Drinks,3,3.25,resident
2026-05-01,18:17,20260501-009,Shepherd's pie,Main,3,12.95,resident
2026-05-01,18:17,20260501-009,Pot of tea,Drinks,3,3.25,resident
2026-05-01,14:06,20260501-010,Fish pie,Main,2,13.95,resident
2026-05-01,14:06,20260501-010,Soup of the day,Starter,2,7.95,resident
2026-05-01,14:06,20260501-010,Coffee,Drinks,2,3.00,resident
2026-05-01,14:06,20260501-010,Vegetable biryani,Main,2,11.95,resident
2026-05-01,14:06,20260501-010,Matzo ball soup,Starter,2,8.95,resident
2026-05-01,14:06,20260501-010,Glass of house wine,Drinks,2,5.50,resident
2026-05-01,14:38,20260501-011,Grilled salmon,Main,2,15.00,resident
2026-05-01,14:38,20260501-011,Matzo ball soup,Starter,2,8.95,resident
2026-05-01,14:38,20260501-011,Pot of tea,Drinks,2,3.25,resident
2026-05-01,14:38,20260501-011,Roast chicken,Main,2,14.50,resident
2026-05-01,12:46,20260501-012,Fish pie,Main,2,13.95,resident
2026-05-01,12:46,20260501-012,Matzo ball soup,Starter,2,8.95,resident
2026-05-01,12:46,20260501-012,Coffee,Drinks,2,3.00,resident
2026-05-01,12:46,20260501-012,Grilled salmon,Main,2,15.00,resident
2026-05-01,12:46,20260501-012,Matzo ball soup,Starter,2,8.95,resident
2026-05-01,12:46,20260501-012,Sticky toffee pudding,Dessert,2,6.50,resident
2026-05-01,12:46,20260501-012,Coffee,Drinks,2,3.00,resident
2026-05-01,15:31,20260501-013,Paneer & spinach curry,Main,2,12.50,resident
2026-05-01,15:31,20260501-013,Coffee,Drinks,2,3.00,resident
2026-05-01,15:31,20260501-013,Grilled salmon,Main,2,15.00,resident
2026-05-01,15:31,20260501-013,Matzo ball soup,Starter,2,8.95,resident
2026-05-01,15:31,20260501-013,Coffee,Drinks,2,3.00,resident
2026-05-01,15:52,20260501-014,Roast chicken,Main,3,14.50,resident
2026-05-01,15:52,20260501-014,Fruit crumble,Dessert,3,6.25,resident
2026-05-01,15:52,20260501-014,Glass of house wine,Drinks,3,5.50,resident
2026-05-01,15:52,20260501-014,Shepherd's pie,Main,3,12.95,resident
2026-05-01,15:52,20260501-014,Soup of the day,Starter,3,7.95,resident
2026-05-01,15:52,20260501-014,Sticky toffee pudding,Dessert,3,6.50,resident
2026-05-01,15:52,20260501-014,Glass of house wine,Drinks,3,5.50,resident
2026-05-01,15:52,20260501-014,Grilled salmon,Main,3,15.00,resident
2026-05-01,15:52,20260501-014,Coffee,Drinks,3,3.00,resident
2026-05-01,18:45,20260501-015,Shepherd's pie,Main,2,12.95,resident
2026-05-01,18:45,20260501-015,Coffee,Drinks,2,3.00,resident
2026-05-01,18:45,20260501-015,Paneer & spinach curry,Main,2,12.50,resident
2026-05-01,18:45,20260501-015,Fruit crumble,Dessert,2,6.25,resident
2026-05-01,18:45,20260501-015,Pot of tea,Drinks,2,3.25,resident
2026-05-01,16:52,20260501-016,Roast chicken,Main,2,14.50,resident
2026-05-01,16:52,20260501-016,Coffee,Drinks,2,3.00,resident
2026-05-01,16:52,20260501-016,Shepherd's pie,Main,2,12.95,resident
2026-05-01,16:52,20260501-016,Matzo ball soup,Starter,2,8.95,resident
2026-05-01,16:52,20260501-016,Fruit crumble,Dessert,2,6.25,resident
2026-05-01,16:52,20260501-016,Glass of house wine,Drinks,2,5.50,resident
2026-05-01,13:27,20260501-017,Roast chicken,Main,4,14.50,resident
2026-05-01,13:27,20260501-017,Soup of the day,Starter,4,7.95,resident
2026-05-01,13:27,20260501-017,Grilled salmon,Main,4,15.00,resident
2026-05-01,13:27,20260501-017,Sticky toffee pudding,Dessert,4,6.50,resident
2026-05-01,13:27,20260501-017,Coffee,Drinks,4,3.00,resident
2026-05-01,13:27,20260501-017,Paneer & spinach curry,Main,4,12.50,resident
2026-05-01,13:27,20260501-017,Soup of the day,Starter,4,7.95,resident
2026-05-01,13:27,20260501-017,Glass of house wine,Drinks,4,5.50,resident
2026-05-01,13:27,20260501-017,Fish pie,Main,4,13.95,resident
2026-05-01,13:27,20260501-017,Sticky toffee pudding,Dessert,4,6.50,resident
2026-05-01,13:27,20260501-017,Pot of tea,Drinks,4,3.25,resident
2026-05-01,14:28,20260501-018,Fish pie,Main,1,13.95,resident
2026-05-01,14:28,20260501-018,Coffee,Drinks,1,3.00,resident
2026-05-01,12:05,20260501-019,Paneer & spinach curry,Main,2,12.50,resident
2026-05-01,12:05,20260501-019,Pot of tea,Drinks,2,3.25,resident
2026-05-01,12:05,20260501-019,Shepherd's pie,Main,2,12.95,resident
2026-05-01,12:05,20260501-019,Sticky toffee pudding,Dessert,2,6.50,resident
2026-05-01,12:05,20260501-019,Glass of house wine,Drinks,2,5.50,resident
2026-05-01,16:01,20260501-020,Vegetable biryani,Main,4,11.95,resident
2026-05-01,16:01,20260501-020,Coffee,Drinks,4,3.00,resident
2026-05-01,16:01,20260501-020,Roast chicken,Main,4,14.50,resident
2026-05-01,16:01,20260501-020,Soup of the day,Starter,4,7.95,resident
2026-05-01,16:01,20260501-020,Fruit crumble,Dessert,4,6.25,resident
2026-05-01,16:01,20260501-020,Glass of house wine,Drinks,4,5.50,resident
2026-05-01,16:01,20260501-020,Vegetable biryani,Main,4,11.95,resident
2026-05-01,16:01,20260501-020,Matzo ball soup,Starter,4,8.95,resident
2026-05-01,16:01,20260501-020,Fruit crumble,Dessert,4,6.25,resident
2026-05-01,16:01,20260501-020,Shepherd's pie,Main,4,12.95,resident
2026-05-01,16:01,20260501-020,Soup of the day,Starter,4,7.95,resident
2026-05-01,16:01,20260501-020,Glass of house wine,Drinks,4,5.50,resident
2026-05-01,13:05,20260501-021,Paneer & spinach curry,Main,2,12.50,resident
2026-05-01,13:05,20260501-021,Coffee,Drinks,2,3.00,resident
2026-05-01,13:05,20260501-021,Vegetable biryani,Main,2,11.95,resident
2026-05-01,13:05,20260501-021,Pot of tea,Drinks,2,3.25,resident
2026-05-01,18:17,20260501-022,Fish pie,Main,1,13.95,resident
2026-05-01,18:17,20260501-022,Pot of tea,Drinks,1,3.25,resident
2026-05-01,12:27,20260501-023,Roast chicken,Main,1,14.50,resident
2026-05-01,12:27,20260501-023,Fruit crumble,Dessert,1,6.25,resident
2026-05-01,12:27,20260501-023,Coffee,Drinks,1,3.00,resident
2026-05-01,12:20,20260501-024,Grilled salmon,Main,4,15.00,resident
2026-05-01,12:20,20260501-024,Coffee,Drinks,4,3.00,resident
2026-05-01,12:20,20260501-024,Fish pie,Main,4,13.95,resident
2026-05-01,12:20,20260501-024,Matzo ball soup,Starter,4,8.95,resident
2026-05-01,12:20,20260501-024,Fruit crumble,Dessert,4,6.25,resident
2026-05-01,12:20,20260501-024,Glass of house wine,Drinks,4,5.50,resident
2026-05-01,12:20,20260501-024,Vegetable biryani,Main,4,11.95,resident
2026-05-01,12:20,20260501-024,Glass of house wine,Drinks,4,5.50,resident
2026-05-01,12:20,20260501-024,Roast chicken,Main,4,14.50,resident
2026-05-01,12:20,20260501-024,Glass of house wine,Drinks,4,5.50,resident
2026-05-01,17:46,20260501-025,Paneer & spinach curry,Main,3,12.50,resident
2026-05-01,17:46,20260501-025,Matzo ball soup,Starter,3,8.95,resident
2026-05-01,17:46,20260501-025,Coffee,Drinks,3,3.00,resident
2026-05-01,17:46,20260501-025,Paneer & spinach curry,Main,3,12.50,resident
2026-05-01,17:46,20260501-025,Matzo ball soup,Starter,3,8.95,resident
2026-05-01,17:46,20260501-025,Pot of tea,Drinks,3,3.25,resident
2026-05-01,17:46,20260501-025,Grilled salmon,Main,3,15.00,resident
2026-05-01,17:46,20260501-025,Coffee,Drinks,3,3.00,resident
2026-05-01,15:51,20260501-026,Grilled salmon,Main,2,15.00,resident
2026-05-01,15:51,20260501-026,Glass of house wine,Drinks,2,5.50,resident
2026-05-01,15:51,20260501-026,Roast chicken,Main,2,14.50,resident
2026-05-01,15:51,20260501-026,Sticky toffee pudding,Dessert,2,6.50,resident
2026-05-01,15:51,20260501-026,Pot of tea,Drinks,2,3.25,resident
2026-05-01,12:47,20260501-027,Fish pie,Main,2,13.95,resident
2026-05-01,12:47,20260501-027,Soup of the day,Starter,2,7.95,resident
2026-05-01,12:47,20260501-027,Sticky toffee pudding,Dessert,2,6.50,resident
2026-05-01,12:47,20260501-027,Coffee,Drinks,2,3.00,resident
2026-05-01,12:47,20260501-027,Paneer & spinach curry,Main,2,12.50,resident
2026-05-01,12:47,20260501-027,Glass of house wine,Drinks,2,5.50,resident
2026-05-01,18:16,20260501-028,Paneer & spinach curry,Main,3,12.50,resident
2026-05-01,18:16,20260501-028,Glass of house wine,Drinks,3,5.50,resident
2026-05-01,18:16,20260501-028,Paneer & spinach curry,Main,3,12.50,resident
2026-05-01,18:16,20260501-028,Pot of tea,Drinks,3,3.25,resident
2026-05-01,18:16,20260501-028,Vegetable biryani,Main,3,11.95,resident
2026-05-01,18:16,20260501-028,Fruit crumble,Dessert,3,6.25,resident
2026-05-01,18:16,20260501-028,Pot of tea,Drinks,3,3.25,resident
2026-05-01,15:38,20260501-029,Vegetable biryani,Main,2,11.95,resident
2026-05-01,15:38,20260501-029,Soup of the day,Starter,2,7.95,resident
2026-05-01,15:38,20260501-029,Coffee,Drinks,2,3.00,resident
2026-05-01,15:38,20260501-029,Shepherd's pie,Main,2,12.95,resident
2026-05-01,15:38,20260501-029,Pot of tea,Drinks,2,3.25,resident
2026-05-02,15:33,20260502-001,Paneer & spinach curry,Main,1,12.50,resident
2026-05-02,15:33,20260502-001,Soup of the day,Starter,1,7.95,resident
2026-05-02,15:33,20260502-001,Coffee,Drinks,1,3.00,resident
2026-05-02,18:54,20260502-002,Fish pie,Main,2,13.95,resident
2026-05-02,18:54,20260502-002,Soup of the day,Starter,2,7.95,resident
2026-05-02,18:54,20260502-002,Pot of tea,Drinks,2,3.25,resident
2026-05-02,18:54,20260502-002,Roast chicken,Main,2,14.50,resident
2026-05-02,18:54,20260502-002,Matzo ball soup,Starter,2,8.95,resident
2026-05-02,18:54,20260502-002,Fruit crumble,Dessert,2,6.25,resident
2026-05-02,18:54,20260502-002,Pot of tea,Drinks,2,3.25,resident
2026-05-02,18:21,20260502-003,Shepherd's pie,Main,2,12.95,resident
2026-05-02,18:21,20260502-003,Soup of the day,Starter,2,7.95,resident
2026-05-02,18:21,20260502-003,Grilled salmon,Main,2,15.00,resident
2026-05-02,18:21,20260502-003,Soup of the day,Starter,2,7.95,resident
2026-05-02,18:21,20260502-003,Sticky toffee pudding,Dessert,2,6.50,resident
2026-05-02,18:21,20260502-003,Glass of house wine,Drinks,2,5.50,resident
2026-05-02,13:36,20260502-004,Fish pie,Main,1,13.95,resident
2026-05-02,13:36,20260502-004,Sticky toffee pudding,Dessert,1,6.50,resident
2026-05-02,13:36,20260502-004,Pot of tea,Drinks,1,3.25,resident
2026-05-02,13:37,20260502-005,Shepherd's pie,Main,3,12.95,resident
2026-05-02,13:37,20260502-005,Soup of the day,Starter,3,7.95,resident
2026-05-02,13:37,20260502-005,Sticky toffee pudding,Dessert,3,6.50,resident
2026-05-02,13:37,20260502-005,Grilled salmon,Main,3,15.00,resident
2026-05-02,13:37,20260502-005,Coffee,Drinks,3,3.00,resident
2026-05-02,13:37,20260502-005,Vegetable biryani,Main,3,11.95,resident
2026-05-02,13:37,20260502-005,Soup of the day,Starter,3,7.95,resident
2026-05-02,13:37,20260502-005,Glass of house wine,Drinks,3,5.50,resident
2026-05-02,17:22,20260502-006,Shepherd's pie,Main,1,12.95,resident
2026-05-02,17:22,20260502-006,Pot of tea,Drinks,1,3.25,resident
2026-05-02,14:28,20260502-007,Shepherd's pie,Main,2,12.95,external
2026-05-02,14:28,20260502-007,Coffee,Drinks,2,3.00,external
2026-05-02,14:28,20260502-007,Shepherd's pie,Main,2,12.95,external
2026-05-02,14:28,20260502-007,Matzo ball soup,Starter,2,8.95,external
2026-05-02,14:28,20260502-007,Pot of tea,Drinks,2,3.25,external
2026-05-02,17:31,20260502-008,Shepherd's pie,Main,1,12.95,resident
2026-05-02,17:31,20260502-008,Soup of the day,Starter,1,7.95,resident
2026-05-02,17:31,20260502-008,Glass of house wine,Drinks,1,5.50,resident
2026-05-02,16:00,20260502-009,Fish pie,Main,3,13.95,resident
2026-05-02,16:00,20260502-009,Coffee,Drinks,3,3.00,resident
2026-05-02,16:00,20260502-009,Grilled salmon,Main,3,15.00,resident
2026-05-02,16:00,20260502-009,Fruit crumble,Dessert,3,6.25,resident
2026-05-02,16:00,20260502-009,Pot of tea,Drinks,3,3.25,resident
2026-05-02,16:00,20260502-009,Shepherd's pie,Main,3,12.95,resident
2026-05-02,16:00,20260502-009,Coffee,Drinks,3,3.00,resident
2026-05-02,13:22,20260502-010,Paneer & spinach curry,Main,3,12.50,resident
2026-05-02,13:22,20260502-010,Fruit crumble,Dessert,3,6.25,resident
2026-05-02,13:22,20260502-010,Glass of house wine,Drinks,3,5.50,resident
2026-05-02,13:22,20260502-010,Vegetable biryani,Main,3,11.95,resident
2026-05-02,13:22,20260502-010,Shepherd's pie,Main,3,12.95,resident
2026-05-02,13:22,20260502-010,Matzo ball soup,Starter,3,8.95,resident
2026-05-02,14:13,20260502-011,Fish pie,Main,2,13.95,resident
2026-05-02,14:13,20260502-011,Matzo ball soup,Starter,2,8.95,resident
2026-05-02,14:13,20260502-011,Glass of house wine,Drinks,2,5.50,resident
2026-05-02,14:13,20260502-011,Fish pie,Main,2,13.95,resident
2026-05-02,14:13,20260502-011,Matzo ball soup,Starter,2,8.95,resident
2026-05-02,18:33,20260502-012,Vegetable biryani,Main,3,11.95,external
2026-05-02,18:33,20260502-012,Matzo ball soup,Starter,3,8.95,external
2026-05-02,18:33,20260502-012,Pot of tea,Drinks,3,3.25,external
2026-05-02,18:33,20260502-012,Roast chicken,Main,3,14.50,external
2026-05-02,18:33,20260502-012,Pot of tea,Drinks,3,3.25,external
2026-05-02,18:33,20260502-012,Roast chicken,Main,3,14.50,external
2026-05-02,18:33,20260502-012,Coffee,Drinks,3,3.00,external
2026-05-02,16:47,20260502-013,Roast chicken,Main,1,14.50,external
2026-05-02,16:47,20260502-013,Matzo ball soup,Starter,1,8.95,external
2026-05-02,14:29,20260502-014,Vegetable biryani,Main,1,11.95,resident
2026-05-02,14:29,20260502-014,Pot of tea,Drinks,1,3.25,resident
2026-05-02,13:02,20260502-015,Shepherd's pie,Main,3,12.95,resident
2026-05-02,13:02,20260502-015,Coffee,Drinks,3,3.00,resident
2026-05-02,13:02,20260502-015,Shepherd's pie,Main,3,12.95,resident
2026-05-02,13:02,20260502-015,Matzo ball soup,Starter,3,8.95,resident
2026-05-02,13:02,20260502-015,Fruit crumble,Dessert,3,6.25,resident
2026-05-02,13:02,20260502-015,Pot of tea,Drinks,3,3.25,resident
2026-05-02,13:02,20260502-015,Grilled salmon,Main,3,15.00,resident
2026-05-02,13:02,20260502-015,Fruit crumble,Dessert,3,6.25,resident
2026-05-02,13:02,20260502-015,Glass of house wine,Drinks,3,5.50,resident
2026-05-02,15:29,20260502-016,Vegetable biryani,Main,2,11.95,resident
2026-05-02,15:29,20260502-016,Glass of house wine,Drinks,2,5.50,resident
2026-05-02,15:29,20260502-016,Roast chicken,Main,2,14.50,resident
2026-05-02,15:29,20260502-016,Pot of tea,Drinks,2,3.25,resident
2026-05-02,18:35,20260502-017,Roast chicken,Main,2,14.50,resident
2026-05-02,18:35,20260502-017,Matzo ball soup,Starter,2,8.95,resident
2026-05-02,18:35,20260502-017,Coffee,Drinks,2,3.00,resident
2026-05-02,18:35,20260502-017,Roast chicken,Main,2,14.50,resident
2026-05-02,18:35,20260502-017,Coffee,Drinks,2,3.00,resident
2026-05-02,15:34,20260502-018,Grilled salmon,Main,4,15.00,resident
2026-05-02,15:34,20260502-018,Pot of tea,Drinks,4,3.25,resident
2026-05-02,15:34,20260502-018,Paneer & spinach curry,Main,4,12.50,resident
2026-05-02,15:34,20260502-018,Soup of the day,Starter,4,7.95,resident
2026-05-02,15:34,20260502-018,Glass of house wine,Drinks,4,5.50,resident
2026-05-02,15:34,20260502-018,Shepherd's pie,Main,4,12.95,resident
2026-05-02,15:34,20260502-018,Matzo ball soup,Starter,4,8.95,resident
2026-05-02,15:34,20260502-018,Pot of tea,Drinks,4,3.25,resident
2026-05-02,15:34,20260502-018,Shepherd's pie,Main,4,12.95,resident
2026-05-02,15:34,20260502-018,Pot of tea,Drinks,4,3.25,resident
2026-05-02,14:34,20260502-019,Vegetable biryani,Main,1,11.95,resident
2026-05-02,14:34,20260502-019,Matzo ball soup,Starter,1,8.95,resident
2026-05-02,14:34,20260502-019,Glass of house wine,Drinks,1,5.50,resident
2026-05-02,14:39,20260502-020,Grilled salmon,Main,2,15.00,resident
2026-05-02,14:39,20260502-020,Matzo ball soup,Starter,2,8.95,resident
2026-05-02,14:39,20260502-020,Glass of house wine,Drinks,2,5.50,resident
2026-05-02,14:39,20260502-020,Paneer & spinach curry,Main,2,12.50,resident
2026-05-02,14:39,20260502-020,Glass of house wine,Drinks,2,5.50,resident
2026-05-02,17:21,20260502-021,Roast chicken,Main,2,14.50,resident
2026-05-02,17:21,20260502-021,Matzo ball soup,Starter,2,8.95,resident
2026-05-02,17:21,20260502-021,Glass of house wine,Drinks,2,5.50,resident
2026-05-02,17:21,20260502-021,Paneer & spinach curry,Main,2,12.50,resident
2026-05-02,17:21,20260502-022,Vegetable biryani,Main,2,11.95,resident
2026-05-02,17:21,20260502-022,Soup of the day,Starter,2,7.95,resident
2026-05-02,17:21,20260502-022,Sticky toffee pudding,Dessert,2,6.50,resident
2026-05-02,17:21,20260502-022,Pot of tea,Drinks,2,3.25,resident
2026-05-02,17:21,20260502-022,Fish pie,Main,2,13.95,resident
2026-05-02,17:21,20260502-022,Matzo ball soup,Starter,2,8.95,resident
2026-05-02,17:21,20260502-022,Glass of house wine,Drinks,2,5.50,resident
2026-05-02,15:30,20260502-023,Roast chicken,Main,3,14.50,resident
2026-05-02,15:30,20260502-023,Matzo ball soup,Starter,3,8.95,resident
2026-05-02,15:30,20260502-023,Pot of tea,Drinks,3,3.25,resident
2026-05-02,15:30,20260502-023,Vegetable biryani,Main,3,11.95,resident
2026-05-02,15:30,20260502-023,Soup of the day,Starter,3,7.95,resident
2026-05-02,15:30,20260502-023,Pot of tea,Drinks,3,3.25,resident
2026-05-02,15:30,20260502-023,Shepherd's pie,Main,3,12.95,resident
2026-05-02,15:30,20260502-023,Pot of tea,Drinks,3,3.25,resident
2026-05-02,16:18,20260502-024,Grilled salmon,Main,1,15.00,resident
2026-05-02,16:18,20260502-024,Pot of tea,Drinks,1,3.25,resident
2026-05-02,15:53,20260502-025,Grilled salmon,Main,2,15.00,resident
2026-05-02,15:53,20260502-025,Soup of the day,Starter,2,7.95,resident
2026-05-02,15:53,20260502-025,Coffee,Drinks,2,3.00,resident
2026-05-02,15:53,20260502-025,Roast chicken,Main,2,14.50,resident
2026-05-02,15:53,20260502-025,Soup of the day,Starter,2,7.95,resident
2026-05-02,15:53,20260502-025,Sticky toffee pudding,Dessert,2,6.50,resident
2026-05-02,15:53,20260502-025,Pot of tea,Drinks,2,3.25,resident
2026-05-02,14:30,20260502-026,Fish pie,Main,2,13.95,resident
2026-05-02,14:30,20260502-026,Soup of the day,Starter,2,7.95,resident
2026-05-02,14:30,20260502-026,Fruit crumble,Dessert,2,6.25,resident
2026-05-02,14:30,20260502-026,Glass of house wine,Drinks,2,5.50,resident
2026-05-02,14:30,20260502-026,Grilled salmon,Main,2,15.00,resident
2026-05-02,14:30,20260502-026,Fruit crumble,Dessert,2,6.25,resident
2026-05-02,14:30,20260502-026,Glass of house wine,Drinks,2,5.50,resident
2026-05-02,14:38,20260502-027,Paneer & spinach curry,Main,2,12.50,resident
2026-05-02,14:38,20260502-027,Pot of tea,Drinks,2,3.25,resident
2026-05-02,14:38,20260502-027,Fish pie,Main,2,13.95,resident
2026-05-02,14:38,20260502-027,Pot of tea,Drinks,2,3.25,resident
2026-05-02,14:46,20260502-028,Vegetable biryani,Main,3,11.95,resident
2026-05-02,14:46,20260502-028,Pot of tea,Drinks,3,3.25,resident
2026-05-02,14:46,20260502-028,Vegetable biryani,Main,3,11.95,resident
2026-05-02,14:46,20260502-028,Soup of the day,Starter,3,7.95,resident
2026-05-02,14:46,20260502-028,Coffee,Drinks,3,3.00,resident
2026-05-02,14:46,20260502-028,Grilled salmon,Main,3,15.00,resident
2026-05-02,14:46,20260502-028,Soup of the day,Starter,3,7.95,resident
2026-05-02,14:46,20260502-028,Pot of tea,Drinks,3,3.25,resident
2026-05-02,17:16,20260502-029,Roast chicken,Main,1,14.50,resident
2026-05-02,17:16,20260502-029,Pot of tea,Drinks,1,3.25,resident
2026-05-02,17:37,20260502-030,Fish pie,Main,1,13.95,resident
2026-05-02,17:37,20260502-030,Sticky toffee pudding,Dessert,1,6.50,resident
2026-05-02,17:37,20260502-030,Coffee,Drinks,1,3.00,resident
2026-05-02,15:47,20260502-031,Vegetable biryani,Main,3,11.95,resident
2026-05-02,15:47,20260502-031,Coffee,Drinks,3,3.00,resident
2026-05-02,15:47,20260502-031,Roast chicken,Main,3,14.50,resident
2026-05-02,15:47,20260502-031,Matzo ball soup,Starter,3,8.95,resident
2026-05-02,15:47,20260502-031,Pot of tea,Drinks,3,3.25,resident
2026-05-02,15:47,20260502-031,Paneer & spinach curry,Main,3,12.50,resident
2026-05-02,15:47,20260502-031,Matzo ball soup,Starter,3,8.95,resident
2026-05-02,15:47,20260502-031,Glass of house wine,Drinks,3,5.50,resident
2026-05-02,13:18,20260502-032,Shepherd's pie,Main,3,12.95,resident
2026-05-02,13:18,20260502-032,Fruit crumble,Dessert,3,6.25,resident
2026-05-02,13:18,20260502-032,Coffee,Drinks,3,3.00,resident
2026-05-02,13:18,20260502-032,Paneer & spinach curry,Main,3,12.50,resident
2026-05-02,13:18,20260502-032,Soup of the day,Starter,3,7.95,resident
2026-05-02,13:18,20260502-032,Fruit crumble,Dessert,3,6.25,resident
2026-05-02,13:18,20260502-032,Coffee,Drinks,3,3.00,resident
2026-05-02,13:18,20260502-032,Roast chicken,Main,3,14.50,resident
2026-05-02,13:18,20260502-032,Matzo ball soup,Starter,3,8.95,resident
2026-05-02,13:18,20260502-032,Pot of tea,Drinks,3,3.25,resident
2026-05-02,15:17,20260502-033,Paneer & spinach curry,Main,3,12.50,resident
2026-05-02,15:17,20260502-033,Soup of the day,Starter,3,7.95,resident
2026-05-02,15:17,20260502-033,Glass of house wine,Drinks,3,5.50,resident
2026-05-02,15:17,20260502-033,Grilled salmon,Main,3,15.00,resident
2026-05-02,15:17,20260502-033,Matzo ball soup,Starter,3,8.95,resident
2026-05-02,15:17,20260502-033,Sticky toffee pudding,Dessert,3,6.50,resident
2026-05-02,15:17,20260502-033,Pot of tea,Drinks,3,3.25,resident
2026-05-02,15:17,20260502-033,Fish pie,Main,3,13.95,resident
2026-05-02,15:17,20260502-033,Soup of the day,Starter,3,7.95,resident
2026-05-02,15:17,20260502-033,Pot of tea,Drinks,3,3.25,resident
2026-05-02,13:12,20260502-034,Fish pie,Main,3,13.95,resident
2026-05-02,13:12,20260502-034,Coffee,Drinks,3,3.00,resident
2026-05-02,13:12,20260502-034,Shepherd's pie,Main,3,12.95,resident
2026-05-02,13:12,20260502-034,Soup of the day,Starter,3,7.95,resident
2026-05-02,13:12,20260502-034,Coffee,Drinks,3,3.00,resident
2026-05-02,13:12,20260502-034,Fish pie,Main,3,13.95,resident
2026-05-02,13:12,20260502-034,Soup of the day,Starter,3,7.95,resident
2026-05-02,13:12,20260502-034,Fruit crumble,Dessert,3,6.25,resident
2026-05-02,13:12,20260502-034,Pot of tea,Drinks,3,3.25,resident
2026-05-02,17:23,20260502-035,Vegetable biryani,Main,2,11.95,resident
2026-05-02,17:23,20260502-035,Matzo ball soup,Starter,2,8.95,resident
2026-05-02,17:23,20260502-035,Pot of tea,Drinks,2,3.25,resident
2026-05-02,17:23,20260502-035,Shepherd's pie,Main,2,12.95,resident
2026-05-02,17:23,20260502-035,Coffee,Drinks,2,3.00,resident
2026-05-02,13:47,20260502-036,Paneer & spinach curry,Main,3,12.50,resident
2026-05-02,13:47,20260502-036,Coffee,Drinks,3,3.00,resident
2026-05-02,13:47,20260502-036,Grilled salmon,Main,3,15.00,resident
2026-05-02,13:47,20260502-036,Fruit crumble,Dessert,3,6.25,resident
2026-05-02,13:47,20260502-036,Pot of tea,Drinks,3,3.25,resident
2026-05-02,13:47,20260502-036,Vegetable biryani,Main,3,11.95,resident
2026-05-02,13:47,20260502-036,Matzo ball soup,Starter,3,8.95,resident
2026-05-02,13:47,20260502-036,Pot of tea,Drinks,3,3.25,resident
2026-05-02,17:44,20260502-037,Vegetable biryani,Main,4,11.95,resident
2026-05-02,17:44,20260502-037,Pot of tea,Drinks,4,3.25,resident
2026-05-02,17:44,20260502-037,Grilled salmon,Main,4,15.00,resident
2026-05-02,17:44,20260502-037,Coffee,Drinks,4,3.00,resident
2026-05-02,17:44,20260502-037,Shepherd's pie,Main,4,12.95,resident
2026-05-02,17:44,20260502-037,Coffee,Drinks,4,3.00,resident
2026-05-02,17:44,20260502-037,Paneer & spinach curry,Main,4,12.50,resident
2026-05-02,17:44,20260502-037,Matzo ball soup,Starter,4,8.95,resident
2026-05-02,17:44,20260502-037,Fruit crumble,Dessert,4,6.25,resident
2026-05-02,13:53,20260502-038,Paneer & spinach curry,Main,2,12.50,resident
2026-05-02,13:53,20260502-038,Coffee,Drinks,2,3.00,resident
2026-05-02,13:53,20260502-038,Grilled salmon,Main,2,15.00,resident
2026-05-02,13:53,20260502-038,Matzo ball soup,Starter,2,8.95,resident
2026-05-02,13:53,20260502-038,Fruit crumble,Dessert,2,6.25,resident
2026-05-02,16:12,20260502-039,Grilled salmon,Main,1,15.00,resident
2026-05-02,16:12,20260502-039,Fruit crumble,Dessert,1,6.25,resident
2026-05-02,16:12,20260502-039,Glass of house wine,Drinks,1,5.50,resident
2026-05-04,13:20,20260504-001,Fish pie,Main,2,13.95,external
2026-05-04,13:20,20260504-001,Matzo ball soup,Starter,2,8.95,external
2026-05-04,13:20,20260504-001,Coffee,Drinks,2,3.00,external
2026-05-04,13:20,20260504-001,Roast chicken,Main,2,14.50,external
2026-05-04,13:20,20260504-001,Fruit crumble,Dessert,2,6.25,external
2026-05-04,13:20,20260504-001,Pot of tea,Drinks,2,3.25,external
2026-05-04,14:02,20260504-002,Roast chicken,Main,1,14.50,resident
2026-05-04,14:02,20260504-002,Glass of house wine,Drinks,1,5.50,resident
2026-05-04,13:01,20260504-003,Roast chicken,Main,1,14.50,resident
2026-05-04,13:01,20260504-003,Glass of house wine,Drinks,1,5.50,resident
2026-05-04,13:52,20260504-004,Grilled salmon,Main,2,15.00,resident
2026-05-04,13:52,20260504-004,Matzo ball soup,Starter,2,8.95,resident
2026-05-04,13:52,20260504-004,Sticky toffee pudding,Dessert,2,6.50,resident
2026-05-04,13:52,20260504-004,Shepherd's pie,Main,2,12.95,resident
2026-05-04,13:52,20260504-004,Matzo ball soup,Starter,2,8.95,resident
2026-05-04,13:52,20260504-004,Coffee,Drinks,2,3.00,resident
2026-05-04,13:50,20260504-005,Grilled salmon,Main,1,15.00,resident
2026-05-04,13:50,20260504-005,Matzo ball soup,Starter,1,8.95,resident
2026-05-04,13:50,20260504-005,Fruit crumble,Dessert,1,6.25,resident
2026-05-04,13:50,20260504-005,Pot of tea,Drinks,1,3.25,resident
2026-05-04,12:02,20260504-006,Shepherd's pie,Main,2,12.95,resident
2026-05-04,12:02,20260504-006,Pot of tea,Drinks,2,3.25,resident
2026-05-04,12:02,20260504-006,Grilled salmon,Main,2,15.00,resident
2026-05-04,12:02,20260504-006,Glass of house wine,Drinks,2,5.50,resident
2026-05-04,12:17,20260504-007,Fish pie,Main,1,13.95,resident
2026-05-04,12:17,20260504-007,Fruit crumble,Dessert,1,6.25,resident
2026-05-04,12:17,20260504-007,Pot of tea,Drinks,1,3.25,resident
2026-05-04,12:47,20260504-008,Roast chicken,Main,2,14.50,resident
2026-05-04,12:47,20260504-008,Soup of the day,Starter,2,7.95,resident
2026-05-04,12:47,20260504-008,Coffee,Drinks,2,3.00,resident
2026-05-04,12:47,20260504-008,Paneer & spinach curry,Main,2,12.50,resident
2026-05-04,12:47,20260504-008,Matzo ball soup,Starter,2,8.95,resident
2026-05-04,12:47,20260504-008,Fruit crumble,Dessert,2,6.25,resident
2026-05-04,12:47,20260504-008,Glass of house wine,Drinks,2,5.50,resident
2026-05-04,14:12,20260504-009,Grilled salmon,Main,4,15.00,resident
2026-05-04,14:12,20260504-009,Matzo ball soup,Starter,4,8.95,resident
2026-05-04,14:12,20260504-009,Coffee,Drinks,4,3.00,resident
2026-05-04,14:12,20260504-009,Shepherd's pie,Main,4,12.95,resident
2026-05-04,14:12,20260504-009,Matzo ball soup,Starter,4,8.95,resident
2026-05-04,14:12,20260504-009,Glass of house wine,Drinks,4,5.50,resident
2026-05-04,14:12,20260504-009,Fish pie,Main,4,13.95,resident
2026-05-04,14:12,20260504-009,Vegetable biryani,Main,4,11.95,resident
2026-05-04,14:12,20260504-009,Pot of tea,Drinks,4,3.25,resident
2026-05-04,13:24,20260504-010,Shepherd's pie,Main,2,12.95,resident
2026-05-04,13:24,20260504-010,Coffee,Drinks,2,3.00,resident
2026-05-04,13:24,20260504-010,Grilled salmon,Main,2,15.00,resident
2026-05-04,13:24,20260504-010,Matzo ball soup,Starter,2,8.95,resident
2026-05-04,13:24,20260504-010,Pot of tea,Drinks,2,3.25,resident
2026-05-04,13:24,20260504-011,Shepherd's pie,Main,3,12.95,resident
2026-05-04,13:24,20260504-011,Matzo ball soup,Starter,3,8.95,resident
2026-05-04,13:24,20260504-011,Glass of house wine,Drinks,3,5.50,resident
2026-05-04,13:24,20260504-011,Paneer & spinach curry,Main,3,12.50,resident
2026-05-04,13:24,20260504-011,Matzo ball soup,Starter,3,8.95,resident
2026-05-04,13:24,20260504-011,Fruit crumble,Dessert,3,6.25,resident
2026-05-04,13:24,20260504-011,Pot of tea,Drinks,3,3.25,resident
2026-05-04,13:24,20260504-011,Paneer & spinach curry,Main,3,12.50,resident
2026-05-04,13:24,20260504-011,Matzo ball soup,Starter,3,8.95,resident
2026-05-04,13:24,20260504-011,Fruit crumble,Dessert,3,6.25,resident
2026-05-04,13:24,20260504-011,Coffee,Drinks,3,3.00,resident
2026-05-04,13:26,20260504-012,Fish pie,Main,3,13.95,resident
2026-05-04,13:26,20260504-012,Matzo ball soup,Starter,3,8.95,resident
2026-05-04,13:26,20260504-012,Fruit crumble,Dessert,3,6.25,resident
2026-05-04,13:26,20260504-012,Roast chicken,Main,3,14.50,resident
2026-05-04,13:26,20260504-012,Sticky toffee pudding,Dessert,3,6.50,resident
2026-05-04,13:26,20260504-012,Glass of house wine,Drinks,3,5.50,resident
2026-05-04,13:26,20260504-012,Shepherd's pie,Main,3,12.95,resident
2026-05-04,13:26,20260504-012,Soup of the day,Starter,3,7.95,resident
2026-05-04,13:51,20260504-013,Roast chicken,Main,4,14.50,resident
2026-05-04,13:51,20260504-013,Matzo ball soup,Starter,4,8.95,resident
2026-05-04,13:51,20260504-013,Pot of tea,Drinks,4,3.25,resident
2026-05-04,13:51,20260504-013,Paneer & spinach curry,Main,4,12.50,resident
2026-05-04,13:51,20260504-013,Soup of the day,Starter,4,7.95,resident
2026-05-04,13:51,20260504-013,Glass of house wine,Drinks,4,5.50,resident
2026-05-04,13:51,20260504-013,Vegetable biryani,Main,4,11.95,resident
2026-05-04,13:51,20260504-013,Glass of house wine,Drinks,4,5.50,resident
2026-05-04,13:51,20260504-013,Fish pie,Main,4,13.95,resident
2026-05-04,13:51,20260504-013,Soup of the day,Starter,4,7.95,resident
2026-05-04,13:51,20260504-013,Coffee,Drinks,4,3.00,resident
2026-05-04,12:53,20260504-014,Shepherd's pie,Main,3,12.95,resident
2026-05-04,12:53,20260504-014,Pot of tea,Drinks,3,3.25,resident
2026-05-04,12:53,20260504-014,Grilled salmon,Main,3,15.00,resident
2026-05-04,12:53,20260504-014,Glass of house wine,Drinks,3,5.50,resident
2026-05-04,12:53,20260504-014,Grilled salmon,Main,3,15.00,resident
2026-05-04,12:53,20260504-014,Soup of the day,Starter,3,7.95,resident
2026-05-04,12:53,20260504-014,Glass of house wine,Drinks,3,5.50,resident
2026-05-04,14:29,20260504-015,Fish pie,Main,2,13.95,resident
2026-05-04,14:29,20260504-015,Matzo ball soup,Starter,2,8.95,resident
2026-05-04,14:29,20260504-015,Glass of house wine,Drinks,2,5.50,resident
2026-05-04,14:29,20260504-015,Shepherd's pie,Main,2,12.95,resident
2026-05-05,16:39,20260505-001,Paneer & spinach curry,Main,2,12.50,resident
2026-05-05,16:39,20260505-001,Sticky toffee pudding,Dessert,2,6.50,resident
2026-05-05,16:39,20260505-001,Pot of tea,Drinks,2,3.25,resident
2026-05-05,16:39,20260505-001,Paneer & spinach curry,Main,2,12.50,resident
2026-05-05,16:39,20260505-001,Soup of the day,Starter,2,7.95,resident
2026-05-05,16:39,20260505-001,Fruit crumble,Dessert,2,6.25,resident
2026-05-05,16:39,20260505-001,Pot of tea,Drinks,2,3.25,resident
2026-05-05,18:25,20260505-002,Vegetable biryani,Main,1,11.95,resident
2026-05-05,18:25,20260505-002,Fruit crumble,Dessert,1,6.25,resident
2026-05-05,18:25,20260505-002,Pot of tea,Drinks,1,3.25,resident
2026-05-05,15:27,20260505-003,Grilled salmon,Main,4,15.00,resident
2026-05-05,15:27,20260505-003,Matzo ball soup,Starter,4,8.95,resident
2026-05-05,15:27,20260505-003,Coffee,Drinks,4,3.00,resident
2026-05-05,15:27,20260505-003,Fish pie,Main,4,13.95,resident
2026-05-05,15:27,20260505-003,Coffee,Drinks,4,3.00,resident
2026-05-05,15:27,20260505-003,Grilled salmon,Main,4,15.00,resident
2026-05-05,15:27,20260505-003,Sticky toffee pudding,Dessert,4,6.50,resident
2026-05-05,15:27,20260505-003,Glass of house wine,Drinks,4,5.50,resident
2026-05-05,15:27,20260505-003,Grilled salmon,Main,4,15.00,resident
2026-05-05,15:27,20260505-003,Soup of the day,Starter,4,7.95,resident
2026-05-05,15:27,20260505-003,Pot of tea,Drinks,4,3.25,resident
2026-05-05,13:05,20260505-004,Grilled salmon,Main,2,15.00,resident
2026-05-05,13:05,20260505-004,Soup of the day,Starter,2,7.95,resident
2026-05-05,13:05,20260505-004,Fruit crumble,Dessert,2,6.25,resident
2026-05-05,13:05,20260505-004,Coffee,Drinks,2,3.00,resident
2026-05-05,13:05,20260505-004,Grilled salmon,Main,2,15.00,resident
2026-05-05,13:05,20260505-004,Sticky toffee pudding,Dessert,2,6.50,resident
2026-05-05,13:05,20260505-004,Glass of house wine,Drinks,2,5.50,resident
2026-05-05,14:49,20260505-005,Vegetable biryani,Main,1,11.95,resident
2026-05-05,14:49,20260505-005,Pot of tea,Drinks,1,3.25,resident
2026-05-05,12:32,20260505-006,Fish pie,Main,4,13.95,resident
2026-05-05,12:32,20260505-006,Fruit crumble,Dessert,4,6.25,resident
2026-05-05,12:32,20260505-006,Pot of tea,Drinks,4,3.25,resident
2026-05-05,12:32,20260505-006,Fish pie,Main,4,13.95,resident
2026-05-05,12:32,20260505-006,Matzo ball soup,Starter,4,8.95,resident
2026-05-05,12:32,20260505-006,Fruit crumble,Dessert,4,6.25,resident
2026-05-05,12:32,20260505-006,Glass of house wine,Drinks,4,5.50,resident
2026-05-05,12:32,20260505-006,Shepherd's pie,Main,4,12.95,resident
2026-05-05,12:32,20260505-006,Matzo ball soup,Starter,4,8.95,resident
2026-05-05,12:32,20260505-006,Sticky toffee pudding,Dessert,4,6.50,resident
2026-05-05,12:32,20260505-006,Pot of tea,Drinks,4,3.25,resident
2026-05-05,12:32,20260505-006,Roast chicken,Main,4,14.50,resident
2026-05-05,12:32,20260505-006,Soup of the day,Starter,4,7.95,resident
2026-05-05,15:34,20260505-007,Roast chicken,Main,1,14.50,resident
2026-05-05,15:34,20260505-007,Matzo ball soup,Starter,1,8.95,resident
2026-05-05,15:34,20260505-007,Sticky toffee pudding,Dessert,1,6.50,resident
2026-05-05,15:34,20260505-007,Coffee,Drinks,1,3.00,resident
2026-05-05,13:21,20260505-008,Paneer & spinach curry,Main,2,12.50,resident
2026-05-05,13:21,20260505-008,Glass of house wine,Drinks,2,5.50,resident
2026-05-05,13:21,20260505-008,Roast chicken,Main,2,14.50,resident
2026-05-05,13:21,20260505-008,Pot of tea,Drinks,2,3.25,resident
2026-05-05,14:48,20260505-009,Shepherd's pie,Main,2,12.95,resident
2026-05-05,14:48,20260505-009,Glass of house wine,Drinks,2,5.50,resident
2026-05-05,14:48,20260505-009,Shepherd's pie,Main,2,12.95,resident
2026-05-05,14:48,20260505-009,Soup of the day,Starter,2,7.95,resident
2026-05-05,14:48,20260505-009,Coffee,Drinks,2,3.00,resident
2026-05-05,13:31,20260505-010,Grilled salmon,Main,2,15.00,resident
2026-05-05,13:31,20260505-010,Soup of the day,Starter,2,7.95,resident
2026-05-05,13:31,20260505-010,Pot of tea,Drinks,2,3.25,resident
2026-05-05,13:31,20260505-010,Shepherd's pie,Main,2,12.95,resident
2026-05-05,13:31,20260505-010,Sticky toffee pudding,Dessert,2,6.50,resident
2026-05-05,13:31,20260505-010,Pot of tea,Drinks,2,3.25,resident
2026-05-05,12:34,20260505-011,Grilled salmon,Main,2,15.00,resident
2026-05-05,12:34,20260505-011,Coffee,Drinks,2,3.00,resident
2026-05-05,12:34,20260505-011,Roast chicken,Main,2,14.50,resident
2026-05-05,12:34,20260505-011,Sticky toffee pudding,Dessert,2,6.50,resident
2026-05-05,12:34,20260505-011,Coffee,Drinks,2,3.00,resident
2026-05-05,13:24,20260505-012,Vegetable biryani,Main,2,11.95,resident
2026-05-05,13:24,20260505-012,Matzo ball soup,Starter,2,8.95,resident
2026-05-05,13:24,20260505-012,Fruit crumble,Dessert,2,6.25,resident
2026-05-05,13:24,20260505-012,Coffee,Drinks,2,3.00,resident
2026-05-05,13:24,20260505-012,Fish pie,Main,2,13.95,resident
2026-05-05,13:24,20260505-012,Matzo ball soup,Starter,2,8.95,resident
2026-05-05,13:24,20260505-012,Sticky toffee pudding,Dessert,2,6.50,resident
2026-05-05,13:24,20260505-012,Coffee,Drinks,2,3.00,resident
2026-05-05,12:34,20260505-013,Grilled salmon,Main,2,15.00,resident
2026-05-05,12:34,20260505-013,Soup of the day,Starter,2,7.95,resident
2026-05-05,12:34,20260505-013,Fruit crumble,Dessert,2,6.25,resident
2026-05-05,12:34,20260505-013,Glass of house wine,Drinks,2,5.50,resident
2026-05-05,12:34,20260505-013,Roast chicken,Main,2,14.50,resident
2026-05-05,12:34,20260505-013,Sticky toffee pudding,Dessert,2,6.50,resident
2026-05-05,12:34,20260505-013,Pot of tea,Drinks,2,3.25,resident
2026-05-05,18:30,20260505-014,Paneer & spinach curry,Main,1,12.50,external
2026-05-05,18:30,20260505-014,Soup of the day,Starter,1,7.95,external
2026-05-05,18:30,20260505-014,Sticky toffee pudding,Dessert,1,6.50,external
2026-05-05,18:30,20260505-014,Pot of tea,Drinks,1,3.25,external
2026-05-05,12:24,20260505-015,Vegetable biryani,Main,2,11.95,resident
2026-05-05,12:24,20260505-015,Pot of tea,Drinks,2,3.25,resident
2026-05-05,12:24,20260505-015,Paneer & spinach curry,Main,2,12.50,resident
2026-05-05,12:24,20260505-015,Matzo ball soup,Starter,2,8.95,resident
2026-05-05,12:24,20260505-015,Fruit crumble,Dessert,2,6.25,resident
2026-05-05,12:24,20260505-015,Coffee,Drinks,2,3.00,resident
2026-05-05,14:02,20260505-016,Roast chicken,Main,2,14.50,resident
2026-05-05,14:02,20260505-016,Matzo ball soup,Starter,2,8.95,resident
2026-05-05,14:02,20260505-016,Sticky toffee pudding,Dessert,2,6.50,resident
2026-05-05,14:02,20260505-016,Glass of house wine,Drinks,2,5.50,resident
2026-05-05,14:02,20260505-016,Roast chicken,Main,2,14.50,resident
2026-05-05,14:02,20260505-016,Glass of house wine,Drinks,2,5.50,resident
2026-05-05,12:55,20260505-017,Paneer & spinach curry,Main,2,12.50,resident
2026-05-05,12:55,20260505-017,Sticky toffee pudding,Dessert,2,6.50,resident
2026-05-05,12:55,20260505-017,Shepherd's pie,Main,2,12.95,resident
2026-05-05,12:55,20260505-017,Sticky toffee pudding,Dessert,2,6.50,resident
2026-05-05,12:55,20260505-017,Pot of tea,Drinks,2,3.25,resident
2026-05-05,17:34,20260505-018,Shepherd's pie,Main,1,12.95,resident
2026-05-05,17:34,20260505-018,Matzo ball soup,Starter,1,8.95,resident
2026-05-05,17:34,20260505-018,Fruit crumble,Dessert,1,6.25,resident
2026-05-05,17:34,20260505-018,Pot of tea,Drinks,1,3.25,resident
2026-05-05,13:51,20260505-019,Vegetable biryani,Main,1,11.95,resident
2026-05-05,13:51,20260505-019,Coffee,Drinks,1,3.00,resident
2026-05-05,16:51,20260505-020,Roast chicken,Main,4,14.50,resident
2026-05-05,16:51,20260505-020,Coffee,Drinks,4,3.00,resident
2026-05-05,16:51,20260505-020,Grilled salmon,Main,4,15.00,resident
2026-05-05,16:51,20260505-020,Matzo ball soup,Starter,4,8.95,resident
2026-05-05,16:51,20260505-020,Pot of tea,Drinks,4,3.25,resident
2026-05-05,16:51,20260505-020,Grilled salmon,Main,4,15.00,resident
2026-05-05,16:51,20260505-020,Fruit crumble,Dessert,4,6.25,resident
2026-05-05,16:51,20260505-020,Pot of tea,Drinks,4,3.25,resident
2026-05-05,16:51,20260505-020,Fish pie,Main,4,13.95,resident
2026-05-05,16:51,20260505-020,Glass of house wine,Drinks,4,5.50,resident
2026-05-05,13:03,20260505-021,Grilled salmon,Main,3,15.00,resident
2026-05-05,13:03,20260505-021,Matzo ball soup,Starter,3,8.95,resident
2026-05-05,13:03,20260505-021,Pot of tea,Drinks,3,3.25,resident
2026-05-05,13:03,20260505-021,Paneer & spinach curry,Main,3,12.50,resident
2026-05-05,13:03,20260505-021,Soup of the day,Starter,3,7.95,resident
2026-05-05,13:03,20260505-021,Sticky toffee pudding,Dessert,3,6.50,resident
2026-05-05,13:03,20260505-021,Coffee,Drinks,3,3.00,resident
2026-05-05,13:03,20260505-021,Shepherd's pie,Main,3,12.95,resident
2026-05-05,13:03,20260505-021,Fruit crumble,Dessert,3,6.25,resident
2026-05-05,13:03,20260505-021,Coffee,Drinks,3,3.00,resident
2026-05-05,18:45,20260505-022,Grilled salmon,Main,1,15.00,resident
2026-05-05,18:45,20260505-022,Coffee,Drinks,1,3.00,resident
2026-05-05,13:45,20260505-023,Grilled salmon,Main,2,15.00,resident
2026-05-05,13:45,20260505-023,Glass of house wine,Drinks,2,5.50,resident
2026-05-05,13:45,20260505-023,Shepherd's pie,Main,2,12.95,resident
2026-05-05,13:45,20260505-023,Sticky toffee pudding,Dessert,2,6.50,resident
2026-05-05,13:45,20260505-023,Pot of tea,Drinks,2,3.25,resident
2026-05-05,12:26,20260505-024,Fish pie,Main,4,13.95,resident
2026-05-05,12:26,20260505-024,Sticky toffee pudding,Dessert,4,6.50,resident
2026-05-05,12:26,20260505-024,Coffee,Drinks,4,3.00,resident
2026-05-05,12:26,20260505-024,Fish pie,Main,4,13.95,resident
2026-05-05,12:26,20260505-024,Matzo ball soup,Starter,4,8.95,resident
2026-05-05,12:26,20260505-024,Glass of house wine,Drinks,4,5.50,resident
2026-05-05,12:26,20260505-024,Fish pie,Main,4,13.95,resident
2026-05-05,12:26,20260505-024,Matzo ball soup,Starter,4,8.95,resident
2026-05-05,12:26,20260505-024,Pot of tea,Drinks,4,3.25,resident
2026-05-05,12:26,20260505-024,Grilled salmon,Main,4,15.00,resident
2026-05-05,12:26,20260505-024,Soup of the day,Starter,4,7.95,resident
2026-05-05,12:26,20260505-024,Fruit crumble,Dessert,4,6.25,resident
2026-05-05,12:26,20260505-024,Glass of house wine,Drinks,4,5.50,resident
2026-05-06,18:13,20260506-001,Shepherd's pie,Main,3,12.95,resident
2026-05-06,18:13,20260506-001,Soup of the day,Starter,3,7.95,resident
2026-05-06,18:13,20260506-001,Paneer & spinach curry,Main,3,12.50,resident
2026-05-06,18:13,20260506-001,Soup of the day,Starter,3,7.95,resident
2026-05-06,18:13,20260506-001,Pot of tea,Drinks,3,3.25,resident
2026-05-06,18:13,20260506-001,Roast chicken,Main,3,14.50,resident
2026-05-06,18:13,20260506-001,Sticky toffee pudding,Dessert,3,6.50,resident
2026-05-06,18:13,20260506-001,Pot of tea,Drinks,3,3.25,resident
2026-05-06,18:24,20260506-002,Vegetable biryani,Main,2,11.95,resident
2026-05-06,18:24,20260506-002,Glass of house wine,Drinks,2,5.50,resident
2026-05-06,18:24,20260506-002,Shepherd's pie,Main,2,12.95,resident
2026-05-06,18:24,20260506-002,Glass of house wine,Drinks,2,5.50,resident
2026-05-06,17:23,20260506-003,Roast chicken,Main,3,14.50,resident
2026-05-06,17:23,20260506-003,Pot of tea,Drinks,3,3.25,resident
2026-05-06,17:23,20260506-003,Grilled salmon,Main,3,15.00,resident
2026-05-06,17:23,20260506-003,Matzo ball soup,Starter,3,8.95,resident
2026-05-06,17:23,20260506-003,Fish pie,Main,3,13.95,resident
2026-05-06,17:23,20260506-003,Matzo ball soup,Starter,3,8.95,resident
2026-05-06,17:00,20260506-004,Roast chicken,Main,2,14.50,resident
2026-05-06,17:00,20260506-004,Fruit crumble,Dessert,2,6.25,resident
2026-05-06,17:00,20260506-004,Pot of tea,Drinks,2,3.25,resident
2026-05-06,17:00,20260506-004,Grilled salmon,Main,2,15.00,resident
2026-05-06,17:00,20260506-004,Soup of the day,Starter,2,7.95,resident
2026-05-06,17:00,20260506-004,Coffee,Drinks,2,3.00,resident
2026-05-06,12:45,20260506-005,Vegetable biryani,Main,4,11.95,resident
2026-05-06,12:45,20260506-005,Sticky toffee pudding,Dessert,4,6.50,resident
2026-05-06,12:45,20260506-005,Glass of house wine,Drinks,4,5.50,resident
2026-05-06,12:45,20260506-005,Grilled salmon,Main,4,15.00,resident
2026-05-06,12:45,20260506-005,Soup of the day,Starter,4,7.95,resident
2026-05-06,12:45,20260506-005,Sticky toffee pudding,Dessert,4,6.50,resident
2026-05-06,12:45,20260506-005,Glass of house wine,Drinks,4,5.50,resident
2026-05-06,12:45,20260506-005,Roast chicken,Main,4,14.50,resident
2026-05-06,12:45,20260506-005,Glass of house wine,Drinks,4,5.50,resident
2026-05-06,12:45,20260506-005,Shepherd's pie,Main,4,12.95,resident
2026-05-06,12:45,20260506-005,Soup of the day,Starter,4,7.95,resident
2026-05-06,12:45,20260506-005,Sticky toffee pudding,Dessert,4,6.50,resident
2026-05-06,12:45,20260506-005,Glass of house wine,Drinks,4,5.50,resident
2026-05-06,15:50,20260506-006,Fish pie,Main,4,13.95,resident
2026-05-06,15:50,20260506-006,Matzo ball soup,Starter,4,8.95,resident
2026-05-06,15:50,20260506-006,Glass of house wine,Drinks,4,5.50,resident
2026-05-06,15:50,20260506-006,Shepherd's pie,Main,4,12.95,resident
2026-05-06,15:50,20260506-006,Matzo ball soup,Starter,4,8.95,resident
2026-05-06,15:50,20260506-006,Glass of house wine,Drinks,4,5.50,resident
2026-05-06,15:50,20260506-006,Shepherd's pie,Main,4,12.95,resident
2026-05-06,15:50,20260506-006,Matzo ball soup,Starter,4,8.95,resident
2026-05-06,15:50,20260506-006,Sticky toffee pudding,Dessert,4,6.50,resident
2026-05-06,15:50,20260506-006,Coffee,Drinks,4,3.00,resident
2026-05-06,15:50,20260506-006,Roast chicken,Main,4,14.50,resident
2026-05-06,15:50,20260506-006,Soup of the day,Starter,4,7.95,resident
2026-05-06,15:50,20260506-006,Pot of tea,Drinks,4,3.25,resident
2026-05-06,12:49,20260506-007,Roast chicken,Main,4,14.50,resident
2026-05-06,12:49,20260506-007,Soup of the day,Starter,4,7.95,resident
2026-05-06,12:49,20260506-007,Pot of tea,Drinks,4,3.25,resident
2026-05-06,12:49,20260506-007,Shepherd's pie,Main,4,12.95,resident
2026-05-06,12:49,20260506-007,Soup of the day,Starter,4,7.95,resident
2026-05-06,12:49,20260506-007,Coffee,Drinks,4,3.00,resident
2026-05-06,12:49,20260506-007,Grilled salmon,Main,4,15.00,resident
2026-05-06,12:49,20260506-007,Matzo ball soup,Starter,4,8.95,resident
2026-05-06,12:49,20260506-007,Coffee,Drinks,4,3.00,resident
2026-05-06,12:49,20260506-007,Roast chicken,Main,4,14.50,resident
2026-05-06,12:49,20260506-007,Coffee,Drinks,4,3.00,resident
2026-05-06,17:08,20260506-008,Vegetable biryani,Main,1,11.95,resident
2026-05-06,17:08,20260506-008,Matzo ball soup,Starter,1,8.95,resident
2026-05-06,17:08,20260506-008,Coffee,Drinks,1,3.00,resident
2026-05-06,15:31,20260506-009,Roast chicken,Main,2,14.50,resident
2026-05-06,15:31,20260506-009,Glass of house wine,Drinks,2,5.50,resident
2026-05-06,15:31,20260506-009,Paneer & spinach curry,Main,2,12.50,resident
2026-05-06,15:31,20260506-009,Coffee,Drinks,2,3.00,resident
2026-05-06,16:08,20260506-010,Vegetable biryani,Main,2,11.95,resident
2026-05-06,16:08,20260506-010,Fruit crumble,Dessert,2,6.25,resident
2026-05-06,16:08,20260506-010,Grilled salmon,Main,2,15.00,resident
2026-05-06,16:08,20260506-010,Glass of house wine,Drinks,2,5.50,resident
2026-05-06,16:26,20260506-011,Grilled salmon,Main,1,15.00,resident
2026-05-06,16:26,20260506-011,Sticky toffee pudding,Dessert,1,6.50,resident
2026-05-06,16:26,20260506-011,Coffee,Drinks,1,3.00,resident
2026-05-06,15:59,20260506-012,Shepherd's pie,Main,2,12.95,resident
2026-05-06,15:59,20260506-012,Glass of house wine,Drinks,2,5.50,resident
2026-05-06,15:59,20260506-012,Fish pie,Main,2,13.95,resident
2026-05-06,15:59,20260506-012,Pot of tea,Drinks,2,3.25,resident
2026-05-06,13:22,20260506-013,Paneer & spinach curry,Main,3,12.50,resident
2026-05-06,13:22,20260506-013,Glass of house wine,Drinks,3,5.50,resident
2026-05-06,13:22,20260506-013,Shepherd's pie,Main,3,12.95,resident
2026-05-06,13:22,20260506-013,Coffee,Drinks,3,3.00,resident
2026-05-06,13:22,20260506-013,Grilled salmon,Main,3,15.00,resident
2026-05-06,13:22,20260506-013,Fruit crumble,Dessert,3,6.25,resident
2026-05-06,13:22,20260506-013,Coffee,Drinks,3,3.00,resident
2026-05-06,17:07,20260506-014,Paneer & spinach curry,Main,3,12.50,resident
2026-05-06,17:07,20260506-014,Soup of the day,Starter,3,7.95,resident
2026-05-06,17:07,20260506-014,Coffee,Drinks,3,3.00,resident
2026-05-06,17:07,20260506-014,Shepherd's pie,Main,3,12.95,resident
2026-05-06,17:07,20260506-014,Sticky toffee pudding,Dessert,3,6.50,resident
2026-05-06,17:07,20260506-014,Glass of house wine,Drinks,3,5.50,resident
2026-05-06,17:07,20260506-014,Paneer & spinach curry,Main,3,12.50,resident
2026-05-06,17:07,20260506-014,Glass of house wine,Drinks,3,5.50,resident
2026-05-06,14:40,20260506-015,Vegetable biryani,Main,2,11.95,resident
2026-05-06,14:40,20260506-015,Sticky toffee pudding,Dessert,2,6.50,resident
2026-05-06,14:40,20260506-015,Coffee,Drinks,2,3.00,resident
2026-05-06,14:40,20260506-015,Paneer & spinach curry,Main,2,12.50,resident
2026-05-06,17:39,20260506-016,Fish pie,Main,1,13.95,resident
2026-05-06,17:39,20260506-016,Matzo ball soup,Starter,1,8.95,resident
2026-05-06,17:39,20260506-016,Glass of house wine,Drinks,1,5.50,resident
2026-05-06,13:52,20260506-017,Shepherd's pie,Main,4,12.95,resident
2026-05-06,13:52,20260506-017,Soup of the day,Starter,4,7.95,resident
2026-05-06,13:52,20260506-017,Sticky toffee pudding,Dessert,4,6.50,resident
2026-05-06,13:52,20260506-017,Pot of tea,Drinks,4,3.25,resident
2026-05-06,13:52,20260506-017,Grilled salmon,Main,4,15.00,resident
2026-05-06,13:52,20260506-017,Soup of the day,Starter,4,7.95,resident
2026-05-06,13:52,20260506-017,Glass of house wine,Drinks,4,5.50,resident
2026-05-06,13:52,20260506-017,Shepherd's pie,Main,4,12.95,resident
2026-05-06,13:52,20260506-017,Soup of the day,Starter,4,7.95,resident
2026-05-06,13:52,20260506-017,Sticky toffee pudding,Dessert,4,6.50,resident
2026-05-06,13:52,20260506-017,Coffee,Drinks,4,3.00,resident
2026-05-06,13:52,20260506-017,Fish pie,Main,4,13.95,resident
2026-05-06,13:52,20260506-017,Sticky toffee pudding,Dessert,4,6.50,resident
2026-05-06,13:52,20260506-017,Coffee,Drinks,4,3.00,resident
2026-05-06,18:57,20260506-018,Fish pie,Main,2,13.95,resident
2026-05-06,18:57,20260506-018,Coffee,Drinks,2,3.00,resident
2026-05-06,18:57,20260506-018,Paneer & spinach curry,Main,2,12.50,resident
2026-05-06,18:57,20260506-018,Glass of house wine,Drinks,2,5.50,resident
2026-05-06,13:39,20260506-019,Vegetable biryani,Main,2,11.95,resident
2026-05-06,13:39,20260506-019,Matzo ball soup,Starter,2,8.95,resident
2026-05-06,13:39,20260506-019,Sticky toffee pudding,Dessert,2,6.50,resident
2026-05-06,13:39,20260506-019,Coffee,Drinks,2,3.00,resident
2026-05-06,13:39,20260506-019,Shepherd's pie,Main,2,12.95,resident
2026-05-06,13:39,20260506-019,Pot of tea,Drinks,2,3.25,resident
2026-05-06,13:47,20260506-020,Grilled salmon,Main,3,15.00,resident
2026-05-06,13:47,20260506-020,Matzo ball soup,Starter,3,8.95,resident
2026-05-06,13:47,20260506-020,Glass of house wine,Drinks,3,5.50,resident
2026-05-06,13:47,20260506-020,Fish pie,Main,3,13.95,resident
2026-05-06,13:47,20260506-020,Soup of the day,Starter,3,7.95,resident
2026-05-06,13:47,20260506-020,Glass of house wine,Drinks,3,5.50,resident
2026-05-06,13:47,20260506-020,Paneer & spinach curry,Main,3,12.50,resident
2026-05-06,13:47,20260506-020,Sticky toffee pudding,Dessert,3,6.50,resident
2026-05-06,13:47,20260506-020,Pot of tea,Drinks,3,3.25,resident
2026-05-07,12:48,20260507-001,Fish pie,Main,2,13.95,resident
2026-05-07,12:48,20260507-001,Soup of the day,Starter,2,7.95,resident
2026-05-07,12:48,20260507-001,Sticky toffee pudding,Dessert,2,6.50,resident
2026-05-07,12:48,20260507-001,Glass of house wine,Drinks,2,5.50,resident
2026-05-07,12:48,20260507-001,Vegetable biryani,Main,2,11.95,resident
2026-05-07,12:48,20260507-001,Matzo ball soup,Starter,2,8.95,resident
2026-05-07,12:48,20260507-001,Coffee,Drinks,2,3.00,resident
2026-05-07,12:32,20260507-002,Vegetable biryani,Main,2,11.95,resident
2026-05-07,12:32,20260507-002,Coffee,Drinks,2,3.00,resident
2026-05-07,12:32,20260507-002,Fish pie,Main,2,13.95,resident
2026-05-07,12:32,20260507-002,Pot of tea,Drinks,2,3.25,resident
2026-05-07,16:44,20260507-003,Paneer & spinach curry,Main,1,12.50,resident
2026-05-07,16:44,20260507-003,Matzo ball soup,Starter,1,8.95,resident
2026-05-07,16:44,20260507-003,Glass of house wine,Drinks,1,5.50,resident
2026-05-07,18:25,20260507-004,Roast chicken,Main,2,14.50,external
2026-05-07,18:25,20260507-004,Pot of tea,Drinks,2,3.25,external
2026-05-07,18:25,20260507-004,Grilled salmon,Main,2,15.00,external
2026-05-07,18:25,20260507-004,Soup of the day,Starter,2,7.95,external
2026-05-07,18:25,20260507-004,Fruit crumble,Dessert,2,6.25,external
2026-05-07,18:25,20260507-004,Pot of tea,Drinks,2,3.25,external
2026-05-07,17:55,20260507-005,Paneer & spinach curry,Main,2,12.50,resident
2026-05-07,17:55,20260507-005,Coffee,Drinks,2,3.00,resident
2026-05-07,17:55,20260507-005,Roast chicken,Main,2,14.50,resident
2026-05-07,17:55,20260507-005,Matzo ball soup,Starter,2,8.95,resident
2026-05-07,17:55,20260507-005,Sticky toffee pudding,Dessert,2,6.50,resident
2026-05-07,13:50,20260507-006,Paneer & spinach curry,Main,2,12.50,resident
2026-05-07,13:50,20260507-006,Soup of the day,Starter,2,7.95,resident
2026-05-07,13:50,20260507-006,Fruit crumble,Dessert,2,6.25,resident
2026-05-07,13:50,20260507-006,Pot of tea,Drinks,2,3.25,resident
2026-05-07,13:50,20260507-006,Fish pie,Main,2,13.95,resident
2026-05-07,13:50,20260507-006,Matzo ball soup,Starter,2,8.95,resident
2026-05-07,13:50,20260507-006,Coffee,Drinks,2,3.00,resident
2026-05-07,13:44,20260507-007,Grilled salmon,Main,1,15.00,resident
2026-05-07,13:44,20260507-007,Matzo ball soup,Starter,1,8.95,resident
2026-05-07,13:44,20260507-007,Pot of tea,Drinks,1,3.25,resident
2026-05-07,13:23,20260507-008,Fish pie,Main,2,13.95,resident
2026-05-07,13:23,20260507-008,Soup of the day,Starter,2,7.95,resident
2026-05-07,13:23,20260507-008,Fish pie,Main,2,13.95,resident
2026-05-07,13:23,20260507-008,Matzo ball soup,Starter,2,8.95,resident
2026-05-07,13:23,20260507-008,Pot of tea,Drinks,2,3.25,resident
2026-05-07,12:45,20260507-009,Paneer & spinach curry,Main,2,12.50,resident
2026-05-07,12:45,20260507-009,Sticky toffee pudding,Dessert,2,6.50,resident
2026-05-07,12:45,20260507-009,Glass of house wine,Drinks,2,5.50,resident
2026-05-07,12:45,20260507-009,Fish pie,Main,2,13.95,resident
2026-05-07,12:45,20260507-009,Matzo ball soup,Starter,2,8.95,resident
2026-05-07,12:45,20260507-009,Pot of tea,Drinks,2,3.25,resident
2026-05-07,17:01,20260507-010,Shepherd's pie,Main,3,12.95,resident
2026-05-07,17:01,20260507-010,Soup of the day,Starter,3,7.95,resident
2026-05-07,17:01,20260507-010,Pot of tea,Drinks,3,3.25,resident
2026-05-07,17:01,20260507-010,Vegetable biryani,Main,3,11.95,resident
2026-05-07,17:01,20260507-010,Matzo ball soup,Starter,3,8.95,resident
2026-05-07,17:01,20260507-010,Fruit crumble,Dessert,3,6.25,resident
2026-05-07,17:01,20260507-010,Coffee,Drinks,3,3.00,resident
2026-05-07,17:01,20260507-010,Grilled salmon,Main,3,15.00,resident
2026-05-07,17:01,20260507-010,Coffee,Drinks,3,3.00,resident
2026-05-07,13:05,20260507-011,Grilled salmon,Main,2,15.00,resident
2026-05-07,13:05,20260507-011,Sticky toffee pudding,Dessert,2,6.50,resident
2026-05-07,13:05,20260507-011,Pot of tea,Drinks,2,3.25,resident
2026-05-07,13:05,20260507-011,Paneer & spinach curry,Main,2,12.50,resident
2026-05-07,13:05,20260507-011,Soup of the day,Starter,2,7.95,resident
2026-05-07,13:05,20260507-011,Pot of tea,Drinks,2,3.25,resident
2026-05-07,13:33,20260507-012,Paneer & spinach curry,Main,3,12.50,resident
2026-05-07,13:33,20260507-012,Pot of tea,Drinks,3,3.25,resident
2026-05-07,13:33,20260507-012,Grilled salmon,Main,3,15.00,resident
2026-05-07,13:33,20260507-012,Coffee,Drinks,3,3.00,resident
2026-05-07,13:33,20260507-012,Paneer & spinach curry,Main,3,12.50,resident
2026-05-07,13:33,20260507-012,Soup of the day,Starter,3,7.95,resident
2026-05-07,13:33,20260507-012,Glass of house wine,Drinks,3,5.50,resident
2026-05-07,12:47,20260507-013,Roast chicken,Main,2,14.50,resident
2026-05-07,12:47,20260507-013,Soup of the day,Starter,2,7.95,resident
2026-05-07,12:47,20260507-013,Coffee,Drinks,2,3.00,resident
2026-05-07,12:47,20260507-013,Shepherd's pie,Main,2,12.95,resident
2026-05-07,12:47,20260507-013,Pot of tea,Drinks,2,3.25,resident
2026-05-07,17:46,20260507-014,Grilled salmon,Main,2,15.00,resident
2026-05-07,17:46,20260507-014,Matzo ball soup,Starter,2,8.95,resident
2026-05-07,17:46,20260507-014,Grilled salmon,Main,2,15.00,resident
2026-05-07,17:46,20260507-014,Soup of the day,Starter,2,7.95,resident
2026-05-07,17:46,20260507-014,Glass of house wine,Drinks,2,5.50,resident
2026-05-07,16:30,20260507-015,Roast chicken,Main,3,14.50,resident
2026-05-07,16:30,20260507-015,Coffee,Drinks,3,3.00,resident
2026-05-07,16:30,20260507-015,Vegetable biryani,Main,3,11.95,resident
2026-05-07,16:30,20260507-015,Fruit crumble,Dessert,3,6.25,resident
2026-05-07,16:30,20260507-015,Pot of tea,Drinks,3,3.25,resident
2026-05-07,16:30,20260507-015,Roast chicken,Main,3,14.50,resident
2026-05-07,16:30,20260507-015,Soup of the day,Starter,3,7.95,resident
2026-05-07,16:30,20260507-015,Sticky toffee pudding,Dessert,3,6.50,resident
2026-05-07,16:30,20260507-015,Coffee,Drinks,3,3.00,resident
2026-05-07,18:32,20260507-016,Paneer & spinach curry,Main,3,12.50,resident
2026-05-07,18:32,20260507-016,Soup of the day,Starter,3,7.95,resident
2026-05-07,18:32,20260507-016,Sticky toffee pudding,Dessert,3,6.50,resident
2026-05-07,18:32,20260507-016,Pot of tea,Drinks,3,3.25,resident
2026-05-07,18:32,20260507-016,Fish pie,Main,3,13.95,resident
2026-05-07,18:32,20260507-016,Vegetable biryani,Main,3,11.95,resident
2026-05-07,18:32,20260507-016,Fruit crumble,Dessert,3,6.25,resident
2026-05-07,18:32,20260507-016,Coffee,Drinks,3,3.00,resident
2026-05-07,12:03,20260507-017,Paneer & spinach curry,Main,1,12.50,resident
2026-05-07,12:03,20260507-017,Matzo ball soup,Starter,1,8.95,resident
2026-05-07,12:03,20260507-017,Sticky toffee pudding,Dessert,1,6.50,resident
2026-05-07,12:03,20260507-017,Glass of house wine,Drinks,1,5.50,resident
2026-05-07,13:41,20260507-018,Vegetable biryani,Main,2,11.95,resident
2026-05-07,13:41,20260507-018,Roast chicken,Main,2,14.50,resident
2026-05-07,13:41,20260507-018,Soup of the day,Starter,2,7.95,resident
2026-05-07,13:41,20260507-018,Fruit crumble,Dessert,2,6.25,resident
2026-05-07,13:41,20260507-018,Pot of tea,Drinks,2,3.25,resident
2026-05-07,16:34,20260507-019,Roast chicken,Main,3,14.50,resident
2026-05-07,16:34,20260507-019,Glass of house wine,Drinks,3,5.50,resident
2026-05-07,16:34,20260507-019,Grilled salmon,Main,3,15.00,resident
2026-05-07,16:34,20260507-019,Soup of the day,Starter,3,7.95,resident
2026-05-07,16:34,20260507-019,Glass of house wine,Drinks,3,5.50,resident
2026-05-07,16:34,20260507-019,Paneer & spinach curry,Main,3,12.50,resident
2026-05-07,16:34,20260507-019,Soup of the day,Starter,3,7.95,resident
2026-05-07,16:34,20260507-019,Glass of house wine,Drinks,3,5.50,resident
2026-05-07,16:05,20260507-020,Paneer & spinach curry,Main,2,12.50,resident
2026-05-07,16:05,20260507-020,Soup of the day,Starter,2,7.95,resident
2026-05-07,16:05,20260507-020,Coffee,Drinks,2,3.00,resident
2026-05-07,16:05,20260507-020,Paneer & spinach curry,Main,2,12.50,resident
2026-05-07,16:05,20260507-020,Coffee,Drinks,2,3.00,resident
2026-05-07,15:19,20260507-021,Roast chicken,Main,3,14.50,resident
2026-05-07,15:19,20260507-021,Fruit crumble,Dessert,3,6.25,resident
2026-05-07,15:19,20260507-021,Coffee,Drinks,3,3.00,resident
2026-05-07,15:19,20260507-021,Fish pie,Main,3,13.95,resident
2026-05-07,15:19,20260507-021,Soup of the day,Starter,3,7.95,resident
2026-05-07,15:19,20260507-021,Glass of house wine,Drinks,3,5.50,resident
2026-05-07,15:19,20260507-021,Shepherd's pie,Main,3,12.95,resident
2026-05-07,15:19,20260507-021,Soup of the day,Starter,3,7.95,resident
2026-05-07,15:19,20260507-021,Fruit crumble,Dessert,3,6.25,resident
2026-05-07,15:19,20260507-021,Glass of house wine,Drinks,3,5.50,resident
2026-05-07,14:07,20260507-022,Roast chicken,Main,2,14.50,resident
2026-05-07,14:07,20260507-022,Coffee,Drinks,2,3.00,resident
2026-05-07,14:07,20260507-022,Fish pie,Main,2,13.95,resident
2026-05-07,14:07,20260507-022,Coffee,Drinks,2,3.00,resident
2026-05-07,13:36,20260507-023,Vegetable biryani,Main,2,11.95,resident
2026-05-07,13:36,20260507-023,Sticky toffee pudding,Dessert,2,6.50,resident
2026-05-07,13:36,20260507-023,Glass of house wine,Drinks,2,5.50,resident
2026-05-07,13:36,20260507-023,Fish pie,Main,2,13.95,resident
2026-05-07,13:36,20260507-023,Glass of house wine,Drinks,2,5.50,resident
2026-05-07,15:28,20260507-024,Grilled salmon,Main,1,15.00,resident
2026-05-07,15:28,20260507-024,Fruit crumble,Dessert,1,6.25,resident
2026-05-07,15:28,20260507-024,Glass of house wine,Drinks,1,5.50,resident
2026-05-07,12:26,20260507-025,Paneer & spinach curry,Main,2,12.50,resident
2026-05-07,12:26,20260507-025,Soup of the day,Starter,2,7.95,resident
2026-05-07,12:26,20260507-025,Coffee,Drinks,2,3.00,resident
2026-05-07,12:26,20260507-025,Fish pie,Main,2,13.95,resident
2026-05-07,12:26,20260507-025,Matzo ball soup,Starter,2,8.95,resident
2026-05-07,12:26,20260507-025,Glass of house wine,Drinks,2,5.50,resident
2026-05-07,17:10,20260507-026,Fish pie,Main,2,13.95,resident
2026-05-07,17:10,20260507-026,Soup of the day,Starter,2,7.95,resident
2026-05-07,17:10,20260507-026,Glass of house wine,Drinks,2,5.50,resident
2026-05-07,17:10,20260507-026,Roast chicken,Main,2,14.50,resident
2026-05-07,17:10,20260507-026,Pot of tea,Drinks,2,3.25,resident
2026-05-07,18:20,20260507-027,Vegetable biryani,Main,3,11.95,resident
2026-05-07,18:20,20260507-027,Fruit crumble,Dessert,3,6.25,resident
2026-05-07,18:20,20260507-027,Pot of tea,Drinks,3,3.25,resident
2026-05-07,18:20,20260507-027,Roast chicken,Main,3,14.50,resident
2026-05-07,18:20,20260507-027,Matzo ball soup,Starter,3,8.95,resident
2026-05-07,18:20,20260507-027,Sticky toffee pudding,Dessert,3,6.50,resident
2026-05-07,18:20,20260507-027,Pot of tea,Drinks,3,3.25,resident
2026-05-07,18:20,20260507-027,Roast chicken,Main,3,14.50,resident
2026-05-07,18:20,20260507-027,Soup of the day,Starter,3,7.95,resident
2026-05-07,18:20,20260507-027,Fruit crumble,Dessert,3,6.25,resident
2026-05-07,18:09,20260507-028,Fish pie,Main,2,13.95,resident
2026-05-07,18:09,20260507-028,Soup of the day,Starter,2,7.95,resident
2026-05-07,18:09,20260507-028,Coffee,Drinks,2,3.00,resident
2026-05-07,18:09,20260507-028,Vegetable biryani,Main,2,11.95,resident
2026-05-07,18:09,20260507-028,Coffee,Drinks,2,3.00,resident
2026-05-08,18:08,20260508-001,Paneer & spinach curry,Main,2,12.50,resident
2026-05-08,18:08,20260508-001,Fruit crumble,Dessert,2,6.25,resident
2026-05-08,18:08,20260508-001,Glass of house wine,Drinks,2,5.50,resident
2026-05-08,18:08,20260508-001,Roast chicken,Main,2,14.50,resident
2026-05-08,18:08,20260508-001,Sticky toffee pudding,Dessert,2,6.50,resident
2026-05-08,13:08,20260508-002,Roast chicken,Main,2,14.50,resident
2026-05-08,13:08,20260508-002,Sticky toffee pudding,Dessert,2,6.50,resident
2026-05-08,13:08,20260508-002,Glass of house wine,Drinks,2,5.50,resident
2026-05-08,13:08,20260508-002,Paneer & spinach curry,Main,2,12.50,resident
2026-05-08,13:08,20260508-002,Coffee,Drinks,2,3.00,resident
2026-05-08,14:15,20260508-003,Shepherd's pie,Main,3,12.95,resident
2026-05-08,14:15,20260508-003,Sticky toffee pudding,Dessert,3,6.50,resident
2026-05-08,14:15,20260508-003,Glass of house wine,Drinks,3,5.50,resident
2026-05-08,14:15,20260508-003,Paneer & spinach curry,Main,3,12.50,resident
2026-05-08,14:15,20260508-003,Soup of the day,Starter,3,7.95,resident
2026-05-08,14:15,20260508-003,Sticky toffee pudding,Dessert,3,6.50,resident
2026-05-08,14:15,20260508-003,Coffee,Drinks,3,3.00,resident
2026-05-08,14:15,20260508-003,Vegetable biryani,Main,3,11.95,resident
2026-05-08,14:15,20260508-003,Soup of the day,Starter,3,7.95,resident
2026-05-08,14:15,20260508-003,Pot of tea,Drinks,3,3.25,resident
2026-05-08,13:45,20260508-004,Fish pie,Main,2,13.95,resident
2026-05-08,13:45,20260508-004,Matzo ball soup,Starter,2,8.95,resident
2026-05-08,13:45,20260508-004,Coffee,Drinks,2,3.00,resident
2026-05-08,13:45,20260508-004,Fish pie,Main,2,13.95,resident
2026-05-08,13:45,20260508-004,Soup of the day,Starter,2,7.95,resident
2026-05-08,13:32,20260508-005,Fish pie,Main,1,13.95,resident
2026-05-08,13:32,20260508-005,Soup of the day,Starter,1,7.95,resident
2026-05-08,13:32,20260508-005,Glass of house wine,Drinks,1,5.50,resident
2026-05-08,13:30,20260508-006,Grilled salmon,Main,2,15.00,resident
2026-05-08,13:30,20260508-006,Sticky toffee pudding,Dessert,2,6.50,resident
2026-05-08,13:30,20260508-006,Pot of tea,Drinks,2,3.25,resident
2026-05-08,13:30,20260508-006,Grilled salmon,Main,2,15.00,resident
2026-05-08,13:30,20260508-006,Sticky toffee pudding,Dessert,2,6.50,resident
2026-05-08,13:30,20260508-006,Coffee,Drinks,2,3.00,resident
2026-05-08,15:13,20260508-007,Roast chicken,Main,2,14.50,resident
2026-05-08,15:13,20260508-007,Glass of house wine,Drinks,2,5.50,resident
2026-05-08,15:13,20260508-007,Fish pie,Main,2,13.95,resident
2026-05-08,15:13,20260508-007,Sticky toffee pudding,Dessert,2,6.50,resident
2026-05-08,15:13,20260508-007,Glass of house wine,Drinks,2,5.50,resident
2026-05-08,16:37,20260508-008,Paneer & spinach curry,Main,3,12.50,resident
2026-05-08,16:37,20260508-008,Sticky toffee pudding,Dessert,3,6.50,resident
2026-05-08,16:37,20260508-008,Pot of tea,Drinks,3,3.25,resident
2026-05-08,16:37,20260508-008,Shepherd's pie,Main,3,12.95,resident
2026-05-08,16:37,20260508-008,Fruit crumble,Dessert,3,6.25,resident
2026-05-08,16:37,20260508-008,Glass of house wine,Drinks,3,5.50,resident
2026-05-08,16:37,20260508-008,Grilled salmon,Main,3,15.00,resident
2026-05-08,16:37,20260508-008,Matzo ball soup,Starter,3,8.95,resident
2026-05-08,16:37,20260508-008,Sticky toffee pudding,Dessert,3,6.50,resident
2026-05-08,16:37,20260508-008,Glass of house wine,Drinks,3,5.50,resident
2026-05-08,15:32,20260508-009,Fish pie,Main,2,13.95,resident
2026-05-08,15:32,20260508-009,Soup of the day,Starter,2,7.95,resident
2026-05-08,15:32,20260508-009,Glass of house wine,Drinks,2,5.50,resident
2026-05-08,15:32,20260508-009,Grilled salmon,Main,2,15.00,resident
2026-05-08,15:32,20260508-009,Matzo ball soup,Starter,2,8.95,resident
2026-05-08,14:24,20260508-010,Vegetable biryani,Main,2,11.95,resident
2026-05-08,14:24,20260508-010,Soup of the day,Starter,2,7.95,resident
2026-05-08,14:24,20260508-010,Roast chicken,Main,2,14.50,resident
2026-05-08,14:24,20260508-010,Fruit crumble,Dessert,2,6.25,resident
2026-05-08,14:24,20260508-010,Coffee,Drinks,2,3.00,resident
2026-05-08,17:41,20260508-011,Vegetable biryani,Main,1,11.95,resident
2026-05-08,17:41,20260508-011,Sticky toffee pudding,Dessert,1,6.50,resident
2026-05-08,17:41,20260508-011,Pot of tea,Drinks,1,3.25,resident
2026-05-08,14:15,20260508-012,Grilled salmon,Main,2,15.00,resident
2026-05-08,14:15,20260508-012,Coffee,Drinks,2,3.00,resident
2026-05-08,14:15,20260508-012,Grilled salmon,Main,2,15.00,resident
2026-05-08,14:15,20260508-012,Matzo ball soup,Starter,2,8.95,resident
2026-05-08,14:15,20260508-012,Coffee,Drinks,2,3.00,resident
2026-05-08,12:34,20260508-013,Shepherd's pie,Main,2,12.95,resident
2026-05-08,12:34,20260508-013,Sticky toffee pudding,Dessert,2,6.50,resident
2026-05-08,12:34,20260508-013,Glass of house wine,Drinks,2,5.50,resident
2026-05-08,12:34,20260508-013,Shepherd's pie,Main,2,12.95,resident
2026-05-08,12:34,20260508-013,Soup of the day,Starter,2,7.95,resident
2026-05-08,12:34,20260508-013,Pot of tea,Drinks,2,3.25,resident
2026-05-08,14:50,20260508-014,Grilled salmon,Main,3,15.00,resident
2026-05-08,14:50,20260508-014,Pot of tea,Drinks,3,3.25,resident
2026-05-08,14:50,20260508-014,Shepherd's pie,Main,3,12.95,resident
2026-05-08,14:50,20260508-014,Pot of tea,Drinks,3,3.25,resident
2026-05-08,14:50,20260508-014,Shepherd's pie,Main,3,12.95,resident
2026-05-08,14:50,20260508-014,Glass of house wine,Drinks,3,5.50,resident
2026-05-08,15:05,20260508-015,Roast chicken,Main,1,14.50,external
2026-05-08,15:05,20260508-015,Soup of the day,Starter,1,7.95,external
2026-05-08,14:58,20260508-016,Fish pie,Main,1,13.95,resident
2026-05-08,14:58,20260508-016,Matzo ball soup,Starter,1,8.95,resident
2026-05-08,14:58,20260508-016,Coffee,Drinks,1,3.00,resident
2026-05-08,13:47,20260508-017,Roast chicken,Main,2,14.50,resident
2026-05-08,13:47,20260508-017,Sticky toffee pudding,Dessert,2,6.50,resident
2026-05-08,13:47,20260508-017,Glass of house wine,Drinks,2,5.50,resident
2026-05-08,13:47,20260508-017,Shepherd's pie,Main,2,12.95,resident
2026-05-08,13:47,20260508-017,Matzo ball soup,Starter,2,8.95,resident
2026-05-08,13:47,20260508-017,Coffee,Drinks,2,3.00,resident
2026-05-08,12:15,20260508-018,Fish pie,Main,3,13.95,resident
2026-05-08,12:15,20260508-018,Matzo ball soup,Starter,3,8.95,resident
2026-05-08,12:15,20260508-018,Fruit crumble,Dessert,3,6.25,resident
2026-05-08,12:15,20260508-018,Glass of house wine,Drinks,3,5.50,resident
2026-05-08,12:15,20260508-018,Grilled salmon,Main,3,15.00,resident
2026-05-08,12:15,20260508-018,Soup of the day,Starter,3,7.95,resident
2026-05-08,12:15,20260508-018,Pot of tea,Drinks,3,3.25,resident
2026-05-08,12:15,20260508-018,Grilled salmon,Main,3,15.00,resident
2026-05-08,12:15,20260508-018,Sticky toffee pudding,Dessert,3,6.50,resident
2026-05-08,12:15,20260508-018,Pot of tea,Drinks,3,3.25,resident
2026-05-08,13:28,20260508-019,Roast chicken,Main,2,14.50,resident
2026-05-08,13:28,20260508-019,Soup of the day,Starter,2,7.95,resident
2026-05-08,13:28,20260508-019,Pot of tea,Drinks,2,3.25,resident
2026-05-08,13:28,20260508-019,Paneer & spinach curry,Main,2,12.50,resident
2026-05-08,13:28,20260508-019,Pot of tea,Drinks,2,3.25,resident
2026-05-08,12:47,20260508-020,Fish pie,Main,1,13.95,resident
2026-05-08,12:47,20260508-020,Pot of tea,Drinks,1,3.25,resident
2026-05-08,16:46,20260508-021,Roast chicken,Main,3,14.50,resident
2026-05-08,16:46,20260508-021,Pot of tea,Drinks,3,3.25,resident
2026-05-08,16:46,20260508-021,Shepherd's pie,Main,3,12.95,resident
2026-05-08,16:46,20260508-021,Soup of the day,Starter,3,7.95,resident
2026-05-08,16:46,20260508-021,Glass of house wine,Drinks,3,5.50,resident
2026-05-08,16:46,20260508-021,Roast chicken,Main,3,14.50,resident
2026-05-08,16:46,20260508-021,Soup of the day,Starter,3,7.95,resident
2026-05-08,16:46,20260508-021,Fruit crumble,Dessert,3,6.25,resident
2026-05-08,16:46,20260508-021,Glass of house wine,Drinks,3,5.50,resident
2026-05-08,12:05,20260508-022,Paneer & spinach curry,Main,2,12.50,resident
2026-05-08,12:05,20260508-022,Matzo ball soup,Starter,2,8.95,resident
2026-05-08,12:05,20260508-022,Glass of house wine,Drinks,2,5.50,resident
2026-05-08,12:05,20260508-022,Vegetable biryani,Main,2,11.95,resident
2026-05-08,12:05,20260508-022,Glass of house wine,Drinks,2,5.50,resident
2026-05-08,14:38,20260508-023,Paneer & spinach curry,Main,2,12.50,external
2026-05-08,14:38,20260508-023,Pot of tea,Drinks,2,3.25,external
2026-05-08,14:38,20260508-023,Shepherd's pie,Main,2,12.95,external
2026-05-08,14:38,20260508-023,Glass of house wine,Drinks,2,5.50,external
2026-05-08,18:19,20260508-024,Vegetable biryani,Main,2,11.95,resident
2026-05-08,18:19,20260508-024,Fruit crumble,Dessert,2,6.25,resident
2026-05-08,18:19,20260508-024,Coffee,Drinks,2,3.00,resident
2026-05-08,18:19,20260508-024,Roast chicken,Main,2,14.50,resident
2026-05-08,18:19,20260508-024,Matzo ball soup,Starter,2,8.95,resident
2026-05-08,18:19,20260508-024,Pot of tea,Drinks,2,3.25,resident
2026-05-08,13:58,20260508-025,Grilled salmon,Main,4,15.00,resident
2026-05-08,13:58,20260508-025,Coffee,Drinks,4,3.00,resident
2026-05-08,13:58,20260508-025,Vegetable biryani,Main,4,11.95,resident
2026-05-08,13:58,20260508-025,Coffee,Drinks,4,3.00,resident
2026-05-08,13:58,20260508-025,Shepherd's pie,Main,4,12.95,resident
2026-05-08,13:58,20260508-025,Fruit crumble,Dessert,4,6.25,resident
2026-05-08,13:58,20260508-025,Coffee,Drinks,4,3.00,resident
2026-05-08,13:58,20260508-025,Roast chicken,Main,4,14.50,resident
2026-05-08,13:58,20260508-025,Glass of house wine,Drinks,4,5.50,resident
2026-05-08,12:38,20260508-026,Vegetable biryani,Main,2,11.95,resident
2026-05-08,12:38,20260508-026,Glass of house wine,Drinks,2,5.50,resident
2026-05-08,12:38,20260508-026,Paneer & spinach curry,Main,2,12.50,resident
2026-05-08,12:38,20260508-026,Glass of house wine,Drinks,2,5.50,resident
2026-05-08,14:40,20260508-027,Paneer & spinach curry,Main,1,12.50,resident
2026-05-08,14:40,20260508-027,Soup of the day,Starter,1,7.95,resident
2026-05-08,14:40,20260508-027,Glass of house wine,Drinks,1,5.50,resident
2026-05-08,15:55,20260508-028,Shepherd's pie,Main,3,12.95,resident
2026-05-08,15:55,20260508-028,Coffee,Drinks,3,3.00,resident
2026-05-08,15:55,20260508-028,Roast chicken,Main,3,14.50,resident
2026-05-08,15:55,20260508-028,Glass of house wine,Drinks,3,5.50,resident
2026-05-08,15:55,20260508-028,Shepherd's pie,Main,3,12.95,resident
2026-05-08,15:55,20260508-028,Pot of tea,Drinks,3,3.25,resident
2026-05-08,14:40,20260508-029,Grilled salmon,Main,3,15.00,resident
2026-05-08,14:40,20260508-029,Soup of the day,Starter,3,7.95,resident
2026-05-08,14:40,20260508-029,Sticky toffee pudding,Dessert,3,6.50,resident
2026-05-08,14:40,20260508-029,Pot of tea,Drinks,3,3.25,resident
2026-05-08,14:40,20260508-029,Grilled salmon,Main,3,15.00,resident
2026-05-08,14:40,20260508-029,Glass of house wine,Drinks,3,5.50,resident
2026-05-08,14:40,20260508-029,Roast chicken,Main,3,14.50,resident
2026-05-08,14:40,20260508-029,Matzo ball soup,Starter,3,8.95,resident
2026-05-08,14:40,20260508-029,Glass of house wine,Drinks,3,5.50,resident
2026-05-08,17:42,20260508-030,Shepherd's pie,Main,3,12.95,resident
2026-05-08,17:42,20260508-030,Glass of house wine,Drinks,3,5.50,resident
2026-05-08,17:42,20260508-030,Fish pie,Main,3,13.95,resident
2026-05-08,17:42,20260508-030,Shepherd's pie,Main,3,12.95,resident
2026-05-08,17:42,20260508-030,Soup of the day,Starter,3,7.95,resident
2026-05-08,17:42,20260508-030,Fruit crumble,Dessert,3,6.25,resident
2026-05-08,17:59,20260508-031,Roast chicken,Main,2,14.50,resident
2026-05-08,17:59,20260508-031,Matzo ball soup,Starter,2,8.95,resident
2026-05-08,17:59,20260508-031,Fish pie,Main,2,13.95,resident
2026-05-08,17:59,20260508-031,Sticky toffee pudding,Dessert,2,6.50,resident
2026-05-08,12:31,20260508-032,Paneer & spinach curry,Main,3,12.50,resident
2026-05-08,12:31,20260508-032,Glass of house wine,Drinks,3,5.50,resident
2026-05-08,12:31,20260508-032,Roast chicken,Main,3,14.50,resident
2026-05-08,12:31,20260508-032,Pot of tea,Drinks,3,3.25,resident
2026-05-08,12:31,20260508-032,Roast chicken,Main,3,14.50,resident
2026-05-08,12:31,20260508-032,Soup of the day,Starter,3,7.95,resident
2026-05-08,12:31,20260508-032,Coffee,Drinks,3,3.00,resident
2026-05-08,16:28,20260508-033,Paneer & spinach curry,Main,3,12.50,resident
2026-05-08,16:28,20260508-033,Matzo ball soup,Starter,3,8.95,resident
2026-05-08,16:28,20260508-033,Fruit crumble,Dessert,3,6.25,resident
2026-05-08,16:28,20260508-033,Coffee,Drinks,3,3.00,resident
2026-05-08,16:28,20260508-033,Fish pie,Main,3,13.95,resident
2026-05-08,16:28,20260508-033,Soup of the day,Starter,3,7.95,resident
2026-05-08,16:28,20260508-033,Coffee,Drinks,3,3.00,resident
2026-05-08,16:28,20260508-033,Grilled salmon,Main,3,15.00,resident
2026-05-08,16:28,20260508-033,Soup of the day,Starter,3,7.95,resident
2026-05-08,16:28,20260508-033,Coffee,Drinks,3,3.00,resident
2026-05-09,13:37,20260509-001,Vegetable biryani,Main,2,11.95,resident
2026-05-09,13:37,20260509-001,Pot of tea,Drinks,2,3.25,resident
2026-05-09,13:37,20260509-001,Paneer & spinach curry,Main,2,12.50,resident
2026-05-09,13:37,20260509-001,Pot of tea,Drinks,2,3.25,resident
2026-05-09,15:30,20260509-002,Vegetable biryani,Main,2,11.95,resident
2026-05-09,15:30,20260509-002,Soup of the day,Starter,2,7.95,resident
2026-05-09,15:30,20260509-002,Sticky toffee pudding,Dessert,2,6.50,resident
2026-05-09,15:30,20260509-002,Pot of tea,Drinks,2,3.25,resident
2026-05-09,15:30,20260509-002,Vegetable biryani,Main,2,11.95,resident
2026-05-09,15:30,20260509-002,Coffee,Drinks,2,3.00,resident
2026-05-09,15:43,20260509-003,Grilled salmon,Main,2,15.00,resident
2026-05-09,15:43,20260509-003,Coffee,Drinks,2,3.00,resident
2026-05-09,15:43,20260509-003,Roast chicken,Main,2,14.50,resident
2026-05-09,15:43,20260509-003,Matzo ball soup,Starter,2,8.95,resident
2026-05-09,15:43,20260509-003,Pot of tea,Drinks,2,3.25,resident
2026-05-09,16:38,20260509-004,Shepherd's pie,Main,3,12.95,resident
2026-05-09,16:38,20260509-004,Coffee,Drinks,3,3.00,resident
2026-05-09,16:38,20260509-004,Fish pie,Main,3,13.95,resident
2026-05-09,16:38,20260509-004,Soup of the day,Starter,3,7.95,resident
2026-05-09,16:38,20260509-004,Coffee,Drinks,3,3.00,resident
2026-05-09,16:38,20260509-004,Roast chicken,Main,3,14.50,resident
2026-05-09,16:38,20260509-004,Soup of the day,Starter,3,7.95,resident
2026-05-09,16:38,20260509-004,Coffee,Drinks,3,3.00,resident
2026-05-09,12:03,20260509-005,Fish pie,Main,3,13.95,resident
2026-05-09,12:03,20260509-005,Fruit crumble,Dessert,3,6.25,resident
2026-05-09,12:03,20260509-005,Coffee,Drinks,3,3.00,resident
2026-05-09,12:03,20260509-005,Shepherd's pie,Main,3,12.95,resident
2026-05-09,12:03,20260509-005,Fruit crumble,Dessert,3,6.25,resident
2026-05-09,12:03,20260509-005,Glass of house wine,Drinks,3,5.50,resident
2026-05-09,12:03,20260509-005,Paneer & spinach curry,Main,3,12.50,resident
2026-05-09,12:03,20260509-005,Pot of tea,Drinks,3,3.25,resident
2026-05-09,16:52,20260509-006,Fish pie,Main,1,13.95,resident
2026-05-09,16:52,20260509-006,Pot of tea,Drinks,1,3.25,resident
2026-05-09,16:55,20260509-007,Grilled salmon,Main,1,15.00,resident
2026-05-09,16:55,20260509-007,Matzo ball soup,Starter,1,8.95,resident
2026-05-09,16:55,20260509-007,Glass of house wine,Drinks,1,5.50,resident
2026-05-09,18:03,20260509-008,Vegetable biryani,Main,2,11.95,resident
2026-05-09,18:03,20260509-008,Soup of the day,Starter,2,7.95,resident
2026-05-09,18:03,20260509-008,Glass of house wine,Drinks,2,5.50,resident
2026-05-09,18:03,20260509-008,Vegetable biryani,Main,2,11.95,resident
2026-05-09,18:03,20260509-008,Soup of the day,Starter,2,7.95,resident
2026-05-09,18:03,20260509-008,Sticky toffee pudding,Dessert,2,6.50,resident
2026-05-09,18:03,20260509-008,Glass of house wine,Drinks,2,5.50,resident
2026-05-09,13:18,20260509-009,Grilled salmon,Main,3,15.00,external
2026-05-09,13:18,20260509-009,Glass of house wine,Drinks,3,5.50,external
2026-05-09,13:18,20260509-009,Grilled salmon,Main,3,15.00,external
2026-05-09,13:18,20260509-009,Soup of the day,Starter,3,7.95,external
2026-05-09,13:18,20260509-009,Glass of house wine,Drinks,3,5.50,external
2026-05-09,13:18,20260509-009,Grilled salmon,Main,3,15.00,external
2026-05-09,13:18,20260509-009,Sticky toffee pudding,Dessert,3,6.50,external
2026-05-09,13:18,20260509-009,Coffee,Drinks,3,3.00,external
2026-05-09,14:13,20260509-010,Paneer & spinach curry,Main,2,12.50,resident
2026-05-09,14:13,20260509-010,Matzo ball soup,Starter,2,8.95,resident
2026-05-09,14:13,20260509-010,Pot of tea,Drinks,2,3.25,resident
2026-05-09,14:13,20260509-010,Roast chicken,Main,2,14.50,resident
2026-05-09,14:13,20260509-010,Matzo ball soup,Starter,2,8.95,resident
2026-05-09,14:13,20260509-010,Fruit crumble,Dessert,2,6.25,resident
2026-05-09,14:13,20260509-010,Glass of house wine,Drinks,2,5.50,resident
2026-05-09,15:05,20260509-011,Fish pie,Main,1,13.95,resident
2026-05-09,15:05,20260509-011,Soup of the day,Starter,1,7.95,resident
2026-05-09,15:05,20260509-011,Pot of tea,Drinks,1,3.25,resident
2026-05-09,13:47,20260509-012,Shepherd's pie,Main,2,12.95,resident
2026-05-09,13:47,20260509-012,Glass of house wine,Drinks,2,5.50,resident
2026-05-09,13:47,20260509-012,Paneer & spinach curry,Main,2,12.50,resident
2026-05-09,13:47,20260509-012,Matzo ball soup,Starter,2,8.95,resident
2026-05-09,13:47,20260509-012,Coffee,Drinks,2,3.00,resident
2026-05-09,14:55,20260509-013,Shepherd's pie,Main,1,12.95,resident
2026-05-09,14:55,20260509-013,Pot of tea,Drinks,1,3.25,resident
2026-05-09,13:02,20260509-014,Roast chicken,Main,2,14.50,resident
2026-05-09,13:02,20260509-014,Glass of house wine,Drinks,2,5.50,resident
2026-05-09,13:02,20260509-014,Paneer & spinach curry,Main,2,12.50,resident
2026-05-09,13:02,20260509-014,Matzo ball soup,Starter,2,8.95,resident
2026-05-09,13:02,20260509-014,Sticky toffee pudding,Dessert,2,6.50,resident
2026-05-09,13:02,20260509-014,Coffee,Drinks,2,3.00,resident
2026-05-09,14:17,20260509-015,Fish pie,Main,4,13.95,resident
2026-05-09,14:17,20260509-015,Fruit crumble,Dessert,4,6.25,resident
2026-05-09,14:17,20260509-015,Coffee,Drinks,4,3.00,resident
2026-05-09,14:17,20260509-015,Shepherd's pie,Main,4,12.95,resident
2026-05-09,14:17,20260509-015,Glass of house wine,Drinks,4,5.50,resident
2026-05-09,14:17,20260509-015,Grilled salmon,Main,4,15.00,resident
2026-05-09,14:17,20260509-015,Roast chicken,Main,4,14.50,resident
2026-05-09,14:17,20260509-015,Coffee,Drinks,4,3.00,resident
2026-05-09,16:09,20260509-016,Shepherd's pie,Main,4,12.95,resident
2026-05-09,16:09,20260509-016,Soup of the day,Starter,4,7.95,resident
2026-05-09,16:09,20260509-016,Pot of tea,Drinks,4,3.25,resident
2026-05-09,16:09,20260509-016,Shepherd's pie,Main,4,12.95,resident
2026-05-09,16:09,20260509-016,Soup of the day,Starter,4,7.95,resident
2026-05-09,16:09,20260509-016,Glass of house wine,Drinks,4,5.50,resident
2026-05-09,16:09,20260509-016,Fish pie,Main,4,13.95,resident
2026-05-09,16:09,20260509-016,Pot of tea,Drinks,4,3.25,resident
2026-05-09,16:09,20260509-016,Vegetable biryani,Main,4,11.95,resident
2026-05-09,12:15,20260509-017,Paneer & spinach curry,Main,2,12.50,resident
2026-05-09,12:15,20260509-017,Matzo ball soup,Starter,2,8.95,resident
2026-05-09,12:15,20260509-017,Coffee,Drinks,2,3.00,resident
2026-05-09,12:15,20260509-017,Paneer & spinach curry,Main,2,12.50,resident
2026-05-09,12:15,20260509-017,Soup of the day,Starter,2,7.95,resident
2026-05-09,12:15,20260509-017,Fruit crumble,Dessert,2,6.25,resident
2026-05-09,12:15,20260509-017,Coffee,Drinks,2,3.00,resident
2026-05-09,16:50,20260509-018,Fish pie,Main,2,13.95,resident
2026-05-09,16:50,20260509-018,Pot of tea,Drinks,2,3.25,resident
2026-05-09,16:50,20260509-018,Roast chicken,Main,2,14.50,resident
2026-05-09,17:43,20260509-019,Grilled salmon,Main,3,15.00,resident
2026-05-09,17:43,20260509-019,Soup of the day,Starter,3,7.95,resident
2026-05-09,17:43,20260509-019,Fruit crumble,Dessert,3,6.25,resident
2026-05-09,17:43,20260509-019,Glass of house wine,Drinks,3,5.50,resident
2026-05-09,17:43,20260509-019,Shepherd's pie,Main,3,12.95,resident
2026-05-09,17:43,20260509-019,Glass of house wine,Drinks,3,5.50,resident
2026-05-09,17:43,20260509-019,Fish pie,Main,3,13.95,resident
2026-05-09,17:43,20260509-019,Glass of house wine,Drinks,3,5.50,resident
2026-05-09,18:41,20260509-020,Roast chicken,Main,1,14.50,resident
2026-05-09,18:41,20260509-020,Fruit crumble,Dessert,1,6.25,resident
2026-05-09,18:41,20260509-020,Pot of tea,Drinks,1,3.25,resident
2026-05-09,14:52,20260509-021,Roast chicken,Main,2,14.50,resident
2026-05-09,14:52,20260509-021,Pot of tea,Drinks,2,3.25,resident
2026-05-09,14:52,20260509-021,Paneer & spinach curry,Main,2,12.50,resident
2026-05-09,14:52,20260509-021,Pot of tea,Drinks,2,3.25,resident
2026-05-09,15:21,20260509-022,Shepherd's pie,Main,2,12.95,resident
2026-05-09,15:21,20260509-022,Paneer & spinach curry,Main,2,12.50,resident
2026-05-09,15:21,20260509-022,Sticky toffee pudding,Dessert,2,6.50,resident
2026-05-09,15:21,20260509-022,Glass of house wine,Drinks,2,5.50,resident
2026-05-09,14:45,20260509-023,Grilled salmon,Main,1,15.00,resident
2026-05-09,14:45,20260509-023,Matzo ball soup,Starter,1,8.95,resident
2026-05-09,14:45,20260509-023,Fruit crumble,Dessert,1,6.25,resident
2026-05-09,14:45,20260509-023,Pot of tea,Drinks,1,3.25,resident
2026-05-09,17:52,20260509-024,Paneer & spinach curry,Main,1,12.50,resident
2026-05-09,17:52,20260509-024,Sticky toffee pudding,Dessert,1,6.50,resident
2026-05-09,14:48,20260509-025,Shepherd's pie,Main,1,12.95,resident
2026-05-09,14:48,20260509-025,Matzo ball soup,Starter,1,8.95,resident
2026-05-09,14:48,20260509-025,Glass of house wine,Drinks,1,5.50,resident
2026-05-09,13:15,20260509-026,Shepherd's pie,Main,2,12.95,resident
2026-05-09,13:15,20260509-026,Glass of house wine,Drinks,2,5.50,resident
2026-05-09,13:15,20260509-026,Shepherd's pie,Main,2,12.95,resident
2026-05-09,13:15,20260509-026,Coffee,Drinks,2,3.00,resident
2026-05-09,14:15,20260509-027,Grilled salmon,Main,2,15.00,resident
2026-05-09,14:15,20260509-027,Matzo ball soup,Starter,2,8.95,resident
2026-05-09,14:15,20260509-027,Glass of house wine,Drinks,2,5.50,resident
2026-05-09,14:15,20260509-027,Roast chicken,Main,2,14.50,resident
2026-05-09,14:15,20260509-027,Soup of the day,Starter,2,7.95,resident
2026-05-09,14:15,20260509-027,Sticky toffee pudding,Dessert,2,6.50,resident
2026-05-09,14:15,20260509-027,Pot of tea,Drinks,2,3.25,resident
2026-05-09,16:09,20260509-028,Fish pie,Main,2,13.95,resident
2026-05-09,16:09,20260509-028,Pot of tea,Drinks,2,3.25,resident
2026-05-09,16:09,20260509-028,Paneer & spinach curry,Main,2,12.50,resident
2026-05-09,16:09,20260509-028,Glass of house wine,Drinks,2,5.50,resident
2026-05-09,15:06,20260509-029,Shepherd's pie,Main,1,12.95,resident
2026-05-09,15:06,20260509-029,Glass of house wine,Drinks,1,5.50,resident
2026-05-09,13:24,20260509-030,Vegetable biryani,Main,2,11.95,resident
2026-05-09,13:24,20260509-030,Sticky toffee pudding,Dessert,2,6.50,resident
2026-05-09,13:24,20260509-030,Glass of house wine,Drinks,2,5.50,resident
2026-05-09,13:24,20260509-030,Shepherd's pie,Main,2,12.95,resident
2026-05-09,13:24,20260509-030,Matzo ball soup,Starter,2,8.95,resident
2026-05-09,13:24,20260509-030,Pot of tea,Drinks,2,3.25,resident
2026-05-09,16:41,20260509-031,Shepherd's pie,Main,1,12.95,resident
2026-05-09,16:41,20260509-031,Soup of the day,Starter,1,7.95,resident
2026-05-09,16:41,20260509-031,Glass of house wine,Drinks,1,5.50,resident
2026-05-09,12:50,20260509-032,Shepherd's pie,Main,2,12.95,external
2026-05-09,12:50,20260509-032,Pot of tea,Drinks,2,3.25,external
2026-05-09,12:50,20260509-032,Vegetable biryani,Main,2,11.95,external
2026-05-09,12:50,20260509-032,Soup of the day,Starter,2,7.95,external
2026-05-09,12:50,20260509-032,Glass of house wine,Drinks,2,5.50,external
2026-05-09,12:56,20260509-033,Roast chicken,Main,2,14.50,resident
2026-05-09,12:56,20260509-033,Pot of tea,Drinks,2,3.25,resident
2026-05-09,12:56,20260509-033,Paneer & spinach curry,Main,2,12.50,resident
2026-05-09,12:56,20260509-033,Soup of the day,Starter,2,7.95,resident
2026-05-09,12:56,20260509-033,Coffee,Drinks,2,3.00,resident
2026-05-09,14:17,20260509-034,Fish pie,Main,3,13.95,resident
2026-05-09,14:17,20260509-034,Fruit crumble,Dessert,3,6.25,resident
2026-05-09,14:17,20260509-034,Glass of house wine,Drinks,3,5.50,resident
2026-05-09,14:17,20260509-034,Roast chicken,Main,3,14.50,resident
2026-05-09,14:17,20260509-034,Soup of the day,Starter,3,7.95,resident
2026-05-09,14:17,20260509-034,Coffee,Drinks,3,3.00,resident
2026-05-09,14:17,20260509-034,Fish pie,Main,3,13.95,resident
2026-05-09,14:17,20260509-034,Matzo ball soup,Starter,3,8.95,resident
2026-05-09,14:17,20260509-034,Fruit crumble,Dessert,3,6.25,resident
2026-05-09,14:17,20260509-034,Glass of house wine,Drinks,3,5.50,resident
2026-05-09,16:02,20260509-035,Roast chicken,Main,1,14.50,resident
2026-05-09,16:02,20260509-035,Soup of the day,Starter,1,7.95,resident
2026-05-09,16:02,20260509-035,Coffee,Drinks,1,3.00,resident
2026-05-09,15:00,20260509-036,Vegetable biryani,Main,1,11.95,resident
2026-05-09,15:00,20260509-036,Matzo ball soup,Starter,1,8.95,resident
2026-05-09,15:00,20260509-036,Glass of house wine,Drinks,1,5.50,resident
2026-05-09,14:28,20260509-037,Vegetable biryani,Main,2,11.95,resident
2026-05-09,14:28,20260509-037,Glass of house wine,Drinks,2,5.50,resident
2026-05-09,14:28,20260509-037,Grilled salmon,Main,2,15.00,resident
2026-05-09,14:28,20260509-037,Soup of the day,Starter,2,7.95,resident
2026-05-09,16:09,20260509-038,Shepherd's pie,Main,2,12.95,resident
2026-05-09,16:09,20260509-038,Soup of the day,Starter,2,7.95,resident
2026-05-09,16:09,20260509-038,Fruit crumble,Dessert,2,6.25,resident
2026-05-09,16:09,20260509-038,Coffee,Drinks,2,3.00,resident
2026-05-09,16:09,20260509-038,Vegetable biryani,Main,2,11.95,resident
2026-05-09,16:09,20260509-038,Sticky toffee pudding,Dessert,2,6.50,resident
2026-05-09,16:09,20260509-038,Pot of tea,Drinks,2,3.25,resident
2026-05-09,13:12,20260509-039,Roast chicken,Main,2,14.50,resident
2026-05-09,13:12,20260509-039,Soup of the day,Starter,2,7.95,resident
2026-05-09,13:12,20260509-039,Glass of house wine,Drinks,2,5.50,resident
2026-05-09,13:12,20260509-039,Shepherd's pie,Main,2,12.95,resident
2026-05-09,13:12,20260509-039,Coffee,Drinks,2,3.00,resident
2026-05-11,12:00,20260511-001,Fish pie,Main,2,13.95,external
2026-05-11,12:00,20260511-001,Soup of the day,Starter,2,7.95,external
2026-05-11,12:00,20260511-001,Coffee,Drinks,2,3.00,external
2026-05-11,12:00,20260511-001,Vegetable biryani,Main,2,11.95,external
2026-05-11,12:00,20260511-001,Matzo ball soup,Starter,2,8.95,external
2026-05-11,12:00,20260511-001,Coffee,Drinks,2,3.00,external
2026-05-11,12:20,20260511-002,Roast chicken,Main,2,14.50,resident
2026-05-11,12:20,20260511-002,Pot of tea,Drinks,2,3.25,resident
2026-05-11,12:20,20260511-002,Shepherd's pie,Main,2,12.95,resident
2026-05-11,12:20,20260511-002,Matzo ball soup,Starter,2,8.95,resident
2026-05-11,12:44,20260511-003,Grilled salmon,Main,2,15.00,resident
2026-05-11,12:44,20260511-003,Coffee,Drinks,2,3.00,resident
2026-05-11,12:44,20260511-003,Paneer & spinach curry,Main,2,12.50,resident
2026-05-11,12:44,20260511-003,Matzo ball soup,Starter,2,8.95,resident
2026-05-11,12:44,20260511-003,Sticky toffee pudding,Dessert,2,6.50,resident
2026-05-11,12:44,20260511-003,Coffee,Drinks,2,3.00,resident
2026-05-11,12:46,20260511-004,Shepherd's pie,Main,2,12.95,resident
2026-05-11,12:46,20260511-004,Soup of the day,Starter,2,7.95,resident
2026-05-11,12:46,20260511-004,Coffee,Drinks,2,3.00,resident
2026-05-11,12:46,20260511-004,Paneer & spinach curry,Main,2,12.50,resident
2026-05-11,12:46,20260511-004,Pot of tea,Drinks,2,3.25,resident
2026-05-11,14:23,20260511-005,Shepherd's pie,Main,1,12.95,external
2026-05-11,14:23,20260511-005,Matzo ball soup,Starter,1,8.95,external
2026-05-11,14:23,20260511-005,Glass of house wine,Drinks,1,5.50,external
2026-05-11,12:32,20260511-006,Vegetable biryani,Main,2,11.95,resident
2026-05-11,12:32,20260511-006,Fruit crumble,Dessert,2,6.25,resident
2026-05-11,12:32,20260511-006,Coffee,Drinks,2,3.00,resident
2026-05-11,12:32,20260511-006,Shepherd's pie,Main,2,12.95,resident
2026-05-11,12:32,20260511-006,Glass of house wine,Drinks,2,5.50,resident
2026-05-11,12:27,20260511-007,Roast chicken,Main,1,14.50,resident
2026-05-11,12:27,20260511-007,Coffee,Drinks,1,3.00,resident
2026-05-11,14:29,20260511-008,Grilled salmon,Main,1,15.00,resident
2026-05-11,14:29,20260511-008,Pot of tea,Drinks,1,3.25,resident
2026-05-11,12:34,20260511-009,Grilled salmon,Main,4,15.00,resident
2026-05-11,12:34,20260511-009,Fruit crumble,Dessert,4,6.25,resident
2026-05-11,12:34,20260511-009,Coffee,Drinks,4,3.00,resident
2026-05-11,12:34,20260511-009,Shepherd's pie,Main,4,12.95,resident
2026-05-11,12:34,20260511-009,Sticky toffee pudding,Dessert,4,6.50,resident
2026-05-11,12:34,20260511-009,Pot of tea,Drinks,4,3.25,resident
2026-05-11,12:34,20260511-009,Roast chicken,Main,4,14.50,resident
2026-05-11,12:34,20260511-009,Sticky toffee pudding,Dessert,4,6.50,resident
2026-05-11,12:34,20260511-009,Coffee,Drinks,4,3.00,resident
2026-05-11,12:34,20260511-009,Shepherd's pie,Main,4,12.95,resident
2026-05-11,12:34,20260511-009,Matzo ball soup,Starter,4,8.95,resident
2026-05-11,12:34,20260511-009,Fruit crumble,Dessert,4,6.25,resident
2026-05-11,14:19,20260511-010,Vegetable biryani,Main,3,11.95,resident
2026-05-11,14:19,20260511-010,Pot of tea,Drinks,3,3.25,resident
2026-05-11,14:19,20260511-010,Grilled salmon,Main,3,15.00,resident
2026-05-11,14:19,20260511-010,Matzo ball soup,Starter,3,8.95,resident
2026-05-11,14:19,20260511-010,Glass of house wine,Drinks,3,5.50,resident
2026-05-11,14:19,20260511-010,Grilled salmon,Main,3,15.00,resident
2026-05-11,14:19,20260511-010,Fruit crumble,Dessert,3,6.25,resident
2026-05-11,14:19,20260511-010,Coffee,Drinks,3,3.00,resident
2026-05-11,14:06,20260511-011,Paneer & spinach curry,Main,4,12.50,resident
2026-05-11,14:06,20260511-011,Matzo ball soup,Starter,4,8.95,resident
2026-05-11,14:06,20260511-011,Glass of house wine,Drinks,4,5.50,resident
2026-05-11,14:06,20260511-011,Paneer & spinach curry,Main,4,12.50,resident
2026-05-11,14:06,20260511-011,Pot of tea,Drinks,4,3.25,resident
2026-05-11,14:06,20260511-011,Grilled salmon,Main,4,15.00,resident
2026-05-11,14:06,20260511-011,Coffee,Drinks,4,3.00,resident
2026-05-11,14:06,20260511-011,Paneer & spinach curry,Main,4,12.50,resident
2026-05-11,14:06,20260511-011,Glass of house wine,Drinks,4,5.50,resident
2026-05-11,13:31,20260511-012,Vegetable biryani,Main,4,11.95,resident
2026-05-11,13:31,20260511-012,Soup of the day,Starter,4,7.95,resident
2026-05-11,13:31,20260511-012,Glass of house wine,Drinks,4,5.50,resident
2026-05-11,13:31,20260511-012,Grilled salmon,Main,4,15.00,resident
2026-05-11,13:31,20260511-012,Sticky toffee pudding,Dessert,4,6.50,resident
2026-05-11,13:31,20260511-012,Coffee,Drinks,4,3.00,resident
2026-05-11,13:31,20260511-012,Paneer & spinach curry,Main,4,12.50,resident
2026-05-11,13:31,20260511-012,Fruit crumble,Dessert,4,6.25,resident
2026-05-11,13:31,20260511-012,Pot of tea,Drinks,4,3.25,resident
2026-05-11,13:31,20260511-012,Grilled salmon,Main,4,15.00,resident
2026-05-11,13:31,20260511-012,Soup of the day,Starter,4,7.95,resident
2026-05-11,13:31,20260511-012,Fruit crumble,Dessert,4,6.25,resident
2026-05-11,13:31,20260511-012,Pot of tea,Drinks,4,3.25,resident
2026-05-12,15:35,20260512-001,Roast chicken,Main,3,14.50,resident
2026-05-12,15:35,20260512-001,Sticky toffee pudding,Dessert,3,6.50,resident
2026-05-12,15:35,20260512-001,Pot of tea,Drinks,3,3.25,resident
2026-05-12,15:35,20260512-001,Grilled salmon,Main,3,15.00,resident
2026-05-12,15:35,20260512-001,Coffee,Drinks,3,3.00,resident
2026-05-12,15:35,20260512-001,Shepherd's pie,Main,3,12.95,resident
2026-05-12,15:35,20260512-001,Matzo ball soup,Starter,3,8.95,resident
2026-05-12,15:35,20260512-001,Fruit crumble,Dessert,3,6.25,resident
2026-05-12,15:35,20260512-001,Glass of house wine,Drinks,3,5.50,resident
2026-05-12,13:22,20260512-002,Vegetable biryani,Main,2,11.95,resident
2026-05-12,13:22,20260512-002,Sticky toffee pudding,Dessert,2,6.50,resident
2026-05-12,13:22,20260512-002,Coffee,Drinks,2,3.00,resident
2026-05-12,13:22,20260512-002,Fish pie,Main,2,13.95,resident
2026-05-12,13:22,20260512-002,Matzo ball soup,Starter,2,8.95,resident
2026-05-12,13:22,20260512-002,Pot of tea,Drinks,2,3.25,resident
2026-05-12,12:36,20260512-003,Grilled salmon,Main,2,15.00,resident
2026-05-12,12:36,20260512-003,Pot of tea,Drinks,2,3.25,resident
2026-05-12,12:36,20260512-003,Fish pie,Main,2,13.95,resident
2026-05-12,12:36,20260512-003,Pot of tea,Drinks,2,3.25,resident
2026-05-12,13:10,20260512-004,Shepherd's pie,Main,2,12.95,resident
2026-05-12,13:10,20260512-004,Soup of the day,Starter,2,7.95,resident
2026-05-12,13:10,20260512-004,Glass of house wine,Drinks,2,5.50,resident
2026-05-12,13:10,20260512-004,Vegetable biryani,Main,2,11.95,resident
2026-05-12,13:10,20260512-004,Matzo ball soup,Starter,2,8.95,resident
2026-05-12,13:10,20260512-004,Pot of tea,Drinks,2,3.25,resident
2026-05-12,19:00,20260512-005,Paneer & spinach curry,Main,1,12.50,resident
2026-05-12,19:00,20260512-005,Soup of the day,Starter,1,7.95,resident
2026-05-12,19:00,20260512-005,Sticky toffee pudding,Dessert,1,6.50,resident
2026-05-12,16:54,20260512-006,Vegetable biryani,Main,1,11.95,resident
2026-05-12,16:54,20260512-006,Glass of house wine,Drinks,1,5.50,resident
2026-05-12,12:56,20260512-007,Paneer & spinach curry,Main,2,12.50,resident
2026-05-12,12:56,20260512-007,Fruit crumble,Dessert,2,6.25,resident
2026-05-12,12:56,20260512-007,Pot of tea,Drinks,2,3.25,resident
2026-05-12,12:56,20260512-007,Roast chicken,Main,2,14.50,resident
2026-05-12,12:56,20260512-007,Soup of the day,Starter,2,7.95,resident
2026-05-12,12:56,20260512-007,Coffee,Drinks,2,3.00,resident
2026-05-12,12:37,20260512-008,Vegetable biryani,Main,2,11.95,resident
2026-05-12,12:37,20260512-008,Glass of house wine,Drinks,2,5.50,resident
2026-05-12,12:37,20260512-008,Roast chicken,Main,2,14.50,resident
2026-05-12,12:37,20260512-008,Glass of house wine,Drinks,2,5.50,resident
2026-05-12,13:06,20260512-009,Roast chicken,Main,2,14.50,resident
2026-05-12,13:06,20260512-009,Soup of the day,Starter,2,7.95,resident
2026-05-12,13:06,20260512-009,Pot of tea,Drinks,2,3.25,resident
2026-05-12,13:06,20260512-009,Paneer & spinach curry,Main,2,12.50,resident
2026-05-12,13:06,20260512-009,Coffee,Drinks,2,3.00,resident
2026-05-12,18:40,20260512-010,Vegetable biryani,Main,1,11.95,resident
2026-05-12,18:40,20260512-010,Glass of house wine,Drinks,1,5.50,resident
2026-05-12,15:18,20260512-011,Grilled salmon,Main,2,15.00,resident
2026-05-12,15:18,20260512-011,Soup of the day,Starter,2,7.95,resident
2026-05-12,15:18,20260512-011,Glass of house wine,Drinks,2,5.50,resident
2026-05-12,15:18,20260512-011,Vegetable biryani,Main,2,11.95,resident
2026-05-12,15:18,20260512-011,Pot of tea,Drinks,2,3.25,resident
2026-05-12,13:58,20260512-012,Roast chicken,Main,1,14.50,resident
2026-05-12,13:58,20260512-012,Matzo ball soup,Starter,1,8.95,resident
2026-05-12,13:58,20260512-012,Coffee,Drinks,1,3.00,resident
2026-05-12,12:39,20260512-013,Shepherd's pie,Main,3,12.95,resident
2026-05-12,12:39,20260512-013,Matzo ball soup,Starter,3,8.95,resident
2026-05-12,12:39,20260512-013,Sticky toffee pudding,Dessert,3,6.50,resident
2026-05-12,12:39,20260512-013,Fish pie,Main,3,13.95,resident
2026-05-12,12:39,20260512-013,Glass of house wine,Drinks,3,5.50,resident
2026-05-12,12:39,20260512-013,Paneer & spinach curry,Main,3,12.50,resident
2026-05-12,12:39,20260512-013,Fruit crumble,Dessert,3,6.25,resident
2026-05-12,12:39,20260512-013,Coffee,Drinks,3,3.00,resident
2026-05-12,14:34,20260512-014,Vegetable biryani,Main,2,11.95,resident
2026-05-12,14:34,20260512-014,Matzo ball soup,Starter,2,8.95,resident
2026-05-12,14:34,20260512-014,Coffee,Drinks,2,3.00,resident
2026-05-12,14:34,20260512-014,Vegetable biryani,Main,2,11.95,resident
2026-05-12,14:34,20260512-014,Soup of the day,Starter,2,7.95,resident
2026-05-12,14:34,20260512-014,Pot of tea,Drinks,2,3.25,resident
2026-05-12,13:44,20260512-015,Vegetable biryani,Main,2,11.95,resident
2026-05-12,13:44,20260512-015,Matzo ball soup,Starter,2,8.95,resident
2026-05-12,13:44,20260512-015,Sticky toffee pudding,Dessert,2,6.50,resident
2026-05-12,13:44,20260512-015,Glass of house wine,Drinks,2,5.50,resident
2026-05-12,13:44,20260512-015,Shepherd's pie,Main,2,12.95,resident
2026-05-12,13:44,20260512-015,Pot of tea,Drinks,2,3.25,resident
2026-05-12,14:22,20260512-016,Paneer & spinach curry,Main,1,12.50,resident
2026-05-12,14:22,20260512-016,Fruit crumble,Dessert,1,6.25,resident
2026-05-12,14:22,20260512-016,Pot of tea,Drinks,1,3.25,resident
2026-05-12,15:15,20260512-017,Roast chicken,Main,1,14.50,resident
2026-05-12,15:15,20260512-017,Soup of the day,Starter,1,7.95,resident
2026-05-12,15:15,20260512-017,Fruit crumble,Dessert,1,6.25,resident
2026-05-12,15:15,20260512-017,Coffee,Drinks,1,3.00,resident
2026-05-12,18:30,20260512-018,Roast chicken,Main,1,14.50,resident
2026-05-12,18:30,20260512-018,Coffee,Drinks,1,3.00,resident
2026-05-12,18:25,20260512-019,Roast chicken,Main,2,14.50,resident
2026-05-12,18:25,20260512-019,Soup of the day,Starter,2,7.95,resident
2026-05-12,18:25,20260512-019,Coffee,Drinks,2,3.00,resident
2026-05-12,18:25,20260512-019,Roast chicken,Main,2,14.50,resident
2026-05-12,14:27,20260512-020,Vegetable biryani,Main,4,11.95,resident
2026-05-12,14:27,20260512-020,Pot of tea,Drinks,4,3.25,resident
2026-05-12,14:27,20260512-020,Fish pie,Main,4,13.95,resident
2026-05-12,14:27,20260512-020,Fish pie,Main,4,13.95,resident
2026-05-12,14:27,20260512-020,Matzo ball soup,Starter,4,8.95,resident
2026-05-12,14:27,20260512-020,Fruit crumble,Dessert,4,6.25,resident
2026-05-12,14:27,20260512-020,Glass of house wine,Drinks,4,5.50,resident
2026-05-12,14:27,20260512-020,Vegetable biryani,Main,4,11.95,resident
2026-05-12,14:27,20260512-020,Soup of the day,Starter,4,7.95,resident
2026-05-12,14:27,20260512-020,Fruit crumble,Dessert,4,6.25,resident
2026-05-12,14:27,20260512-020,Coffee,Drinks,4,3.00,resident
2026-05-12,18:54,20260512-021,Roast chicken,Main,3,14.50,resident
2026-05-12,18:54,20260512-021,Soup of the day,Starter,3,7.95,resident
2026-05-12,18:54,20260512-021,Pot of tea,Drinks,3,3.25,resident
2026-05-12,18:54,20260512-021,Roast chicken,Main,3,14.50,resident
2026-05-12,18:54,20260512-021,Soup of the day,Starter,3,7.95,resident
2026-05-12,18:54,20260512-021,Fruit crumble,Dessert,3,6.25,resident
2026-05-12,18:54,20260512-021,Coffee,Drinks,3,3.00,resident
2026-05-12,18:54,20260512-021,Fish pie,Main,3,13.95,resident
2026-05-12,18:54,20260512-021,Matzo ball soup,Starter,3,8.95,resident
2026-05-12,18:54,20260512-021,Fruit crumble,Dessert,3,6.25,resident
2026-05-12,14:12,20260512-022,Paneer & spinach curry,Main,2,12.50,resident
2026-05-12,14:12,20260512-022,Soup of the day,Starter,2,7.95,resident
2026-05-12,14:12,20260512-022,Sticky toffee pudding,Dessert,2,6.50,resident
2026-05-12,14:12,20260512-022,Pot of tea,Drinks,2,3.25,resident
2026-05-12,14:12,20260512-022,Roast chicken,Main,2,14.50,resident
2026-05-12,14:12,20260512-022,Matzo ball soup,Starter,2,8.95,resident
2026-05-12,14:12,20260512-022,Fruit crumble,Dessert,2,6.25,resident
2026-05-12,14:12,20260512-022,Glass of house wine,Drinks,2,5.50,resident
2026-05-12,12:31,20260512-023,Paneer & spinach curry,Main,3,12.50,resident
2026-05-12,12:31,20260512-023,Fruit crumble,Dessert,3,6.25,resident
2026-05-12,12:31,20260512-023,Glass of house wine,Drinks,3,5.50,resident
2026-05-12,12:31,20260512-023,Fish pie,Main,3,13.95,resident
2026-05-12,12:31,20260512-023,Matzo ball soup,Starter,3,8.95,resident
2026-05-12,12:31,20260512-023,Glass of house wine,Drinks,3,5.50,resident
2026-05-12,12:31,20260512-023,Fish pie,Main,3,13.95,resident
2026-05-12,12:31,20260512-023,Soup of the day,Starter,3,7.95,resident
2026-05-12,12:31,20260512-023,Glass of house wine,Drinks,3,5.50,resident
2026-05-12,14:24,20260512-024,Paneer & spinach curry,Main,2,12.50,resident
2026-05-12,14:24,20260512-024,Grilled salmon,Main,2,15.00,resident
2026-05-12,14:24,20260512-024,Soup of the day,Starter,2,7.95,resident
2026-05-12,14:24,20260512-024,Glass of house wine,Drinks,2,5.50,resident
2026-05-12,17:02,20260512-025,Vegetable biryani,Main,4,11.95,external
2026-05-12,17:02,20260512-025,Soup of the day,Starter,4,7.95,external
2026-05-12,17:02,20260512-025,Pot of tea,Drinks,4,3.25,external
2026-05-12,17:02,20260512-025,Vegetable biryani,Main,4,11.95,external
2026-05-12,17:02,20260512-025,Pot of tea,Drinks,4,3.25,external
2026-05-12,17:02,20260512-025,Grilled salmon,Main,4,15.00,external
2026-05-12,17:02,20260512-025,Roast chicken,Main,4,14.50,external
2026-05-12,16:54,20260512-026,Grilled salmon,Main,2,15.00,resident
2026-05-12,16:54,20260512-026,Matzo ball soup,Starter,2,8.95,resident
2026-05-12,16:54,20260512-026,Glass of house wine,Drinks,2,5.50,resident
2026-05-12,16:54,20260512-026,Shepherd's pie,Main,2,12.95,resident
2026-05-12,16:54,20260512-026,Glass of house wine,Drinks,2,5.50,resident
2026-05-12,14:04,20260512-027,Paneer & spinach curry,Main,2,12.50,resident
2026-05-12,14:04,20260512-027,Soup of the day,Starter,2,7.95,resident
2026-05-12,14:04,20260512-027,Glass of house wine,Drinks,2,5.50,resident
2026-05-12,14:04,20260512-027,Grilled salmon,Main,2,15.00,resident
2026-05-12,14:04,20260512-027,Pot of tea,Drinks,2,3.25,resident
2026-05-12,15:05,20260512-028,Vegetable biryani,Main,1,11.95,resident
2026-05-12,15:05,20260512-028,Soup of the day,Starter,1,7.95,resident
2026-05-12,15:05,20260512-028,Sticky toffee pudding,Dessert,1,6.50,resident
2026-05-13,15:36,20260513-001,Shepherd's pie,Main,4,12.95,resident
2026-05-13,15:36,20260513-001,Fruit crumble,Dessert,4,6.25,resident
2026-05-13,15:36,20260513-001,Coffee,Drinks,4,3.00,resident
2026-05-13,15:36,20260513-001,Paneer & spinach curry,Main,4,12.50,resident
2026-05-13,15:36,20260513-001,Roast chicken,Main,4,14.50,resident
2026-05-13,15:36,20260513-001,Soup of the day,Starter,4,7.95,resident
2026-05-13,15:36,20260513-001,Grilled salmon,Main,4,15.00,resident
2026-05-13,15:36,20260513-001,Soup of the day,Starter,4,7.95,resident
2026-05-13,15:36,20260513-001,Fruit crumble,Dessert,4,6.25,resident
2026-05-13,15:36,20260513-001,Coffee,Drinks,4,3.00,resident
2026-05-13,17:01,20260513-002,Vegetable biryani,Main,3,11.95,resident
2026-05-13,17:01,20260513-002,Matzo ball soup,Starter,3,8.95,resident
2026-05-13,17:01,20260513-002,Pot of tea,Drinks,3,3.25,resident
2026-05-13,17:01,20260513-002,Shepherd's pie,Main,3,12.95,resident
2026-05-13,17:01,20260513-002,Matzo ball soup,Starter,3,8.95,resident
2026-05-13,17:01,20260513-002,Coffee,Drinks,3,3.00,resident
2026-05-13,17:01,20260513-002,Roast chicken,Main,3,14.50,resident
2026-05-13,17:01,20260513-002,Soup of the day,Starter,3,7.95,resident
2026-05-13,17:01,20260513-002,Fruit crumble,Dessert,3,6.25,resident
2026-05-13,17:01,20260513-002,Pot of tea,Drinks,3,3.25,resident
2026-05-13,13:13,20260513-003,Grilled salmon,Main,3,15.00,external
2026-05-13,13:13,20260513-003,Glass of house wine,Drinks,3,5.50,external
2026-05-13,13:13,20260513-003,Vegetable biryani,Main,3,11.95,external
2026-05-13,13:13,20260513-003,Soup of the day,Starter,3,7.95,external
2026-05-13,13:13,20260513-003,Sticky toffee pudding,Dessert,3,6.50,external
2026-05-13,13:13,20260513-003,Pot of tea,Drinks,3,3.25,external
2026-05-13,13:13,20260513-003,Fish pie,Main,3,13.95,external
2026-05-13,13:13,20260513-003,Fruit crumble,Dessert,3,6.25,external
2026-05-13,13:58,20260513-004,Fish pie,Main,3,13.95,resident
2026-05-13,13:58,20260513-004,Matzo ball soup,Starter,3,8.95,resident
2026-05-13,13:58,20260513-004,Sticky toffee pudding,Dessert,3,6.50,resident
2026-05-13,13:58,20260513-004,Vegetable biryani,Main,3,11.95,resident
2026-05-13,13:58,20260513-004,Fruit crumble,Dessert,3,6.25,resident
2026-05-13,13:58,20260513-004,Glass of house wine,Drinks,3,5.50,resident
2026-05-13,13:58,20260513-004,Fish pie,Main,3,13.95,resident
2026-05-13,13:58,20260513-004,Soup of the day,Starter,3,7.95,resident
2026-05-13,13:58,20260513-004,Coffee,Drinks,3,3.00,resident
2026-05-13,12:56,20260513-005,Roast chicken,Main,2,14.50,resident
2026-05-13,12:56,20260513-005,Soup of the day,Starter,2,7.95,resident
2026-05-13,12:56,20260513-005,Glass of house wine,Drinks,2,5.50,resident
2026-05-13,12:56,20260513-005,Paneer & spinach curry,Main,2,12.50,resident
2026-05-13,12:56,20260513-005,Fruit crumble,Dessert,2,6.25,resident
2026-05-13,12:56,20260513-005,Coffee,Drinks,2,3.00,resident
2026-05-13,12:38,20260513-006,Vegetable biryani,Main,2,11.95,resident
2026-05-13,12:38,20260513-006,Soup of the day,Starter,2,7.95,resident
2026-05-13,12:38,20260513-006,Coffee,Drinks,2,3.00,resident
2026-05-13,12:38,20260513-006,Grilled salmon,Main,2,15.00,resident
2026-05-13,12:38,20260513-006,Glass of house wine,Drinks,2,5.50,resident
2026-05-13,16:26,20260513-007,Vegetable biryani,Main,3,11.95,resident
2026-05-13,16:26,20260513-007,Pot of tea,Drinks,3,3.25,resident
2026-05-13,16:26,20260513-007,Roast chicken,Main,3,14.50,resident
2026-05-13,16:26,20260513-007,Soup of the day,Starter,3,7.95,resident
2026-05-13,16:26,20260513-007,Glass of house wine,Drinks,3,5.50,resident
2026-05-13,16:26,20260513-007,Shepherd's pie,Main,3,12.95,resident
2026-05-13,16:26,20260513-007,Matzo ball soup,Starter,3,8.95,resident
2026-05-13,16:26,20260513-007,Glass of house wine,Drinks,3,5.50,resident
2026-05-13,16:24,20260513-008,Grilled salmon,Main,3,15.00,resident
2026-05-13,16:24,20260513-008,Soup of the day,Starter,3,7.95,resident
2026-05-13,16:24,20260513-008,Sticky toffee pudding,Dessert,3,6.50,resident
2026-05-13,16:24,20260513-008,Glass of house wine,Drinks,3,5.50,resident
2026-05-13,16:24,20260513-008,Grilled salmon,Main,3,15.00,resident
2026-05-13,16:24,20260513-008,Soup of the day,Starter,3,7.95,resident
2026-05-13,16:24,20260513-008,Pot of tea,Drinks,3,3.25,resident
2026-05-13,16:24,20260513-008,Vegetable biryani,Main,3,11.95,resident
2026-05-13,16:24,20260513-008,Fruit crumble,Dessert,3,6.25,resident
2026-05-13,16:24,20260513-008,Coffee,Drinks,3,3.00,resident
2026-05-13,16:10,20260513-009,Shepherd's pie,Main,2,12.95,resident
2026-05-13,16:10,20260513-009,Glass of house wine,Drinks,2,5.50,resident
2026-05-13,16:10,20260513-009,Paneer & spinach curry,Main,2,12.50,resident
2026-05-13,16:10,20260513-009,Soup of the day,Starter,2,7.95,resident
2026-05-13,16:10,20260513-009,Fruit crumble,Dessert,2,6.25,resident
2026-05-13,16:10,20260513-009,Pot of tea,Drinks,2,3.25,resident
2026-05-13,12:58,20260513-010,Shepherd's pie,Main,2,12.95,resident
2026-05-13,12:58,20260513-010,Coffee,Drinks,2,3.00,resident
2026-05-13,12:58,20260513-010,Shepherd's pie,Main,2,12.95,resident
2026-05-13,12:58,20260513-010,Glass of house wine,Drinks,2,5.50,resident
2026-05-13,18:40,20260513-011,Vegetable biryani,Main,2,11.95,resident
2026-05-13,18:40,20260513-011,Fruit crumble,Dessert,2,6.25,resident
2026-05-13,18:40,20260513-011,Coffee,Drinks,2,3.00,resident
2026-05-13,18:40,20260513-011,Shepherd's pie,Main,2,12.95,resident
2026-05-13,18:40,20260513-011,Matzo ball soup,Starter,2,8.95,resident
2026-05-13,18:40,20260513-011,Sticky toffee pudding,Dessert,2,6.50,resident
2026-05-13,18:40,20260513-011,Coffee,Drinks,2,3.00,resident
2026-05-13,15:29,20260513-012,Fish pie,Main,2,13.95,resident
2026-05-13,15:29,20260513-012,Coffee,Drinks,2,3.00,resident
2026-05-13,15:29,20260513-012,Vegetable biryani,Main,2,11.95,resident
2026-05-13,15:29,20260513-012,Matzo ball soup,Starter,2,8.95,resident
2026-05-13,15:29,20260513-012,Pot of tea,Drinks,2,3.25,resident
2026-05-13,14:50,20260513-013,Vegetable biryani,Main,3,11.95,resident
2026-05-13,14:50,20260513-013,Matzo ball soup,Starter,3,8.95,resident
2026-05-13,14:50,20260513-013,Glass of house wine,Drinks,3,5.50,resident
2026-05-13,14:50,20260513-013,Fish pie,Main,3,13.95,resident
2026-05-13,14:50,20260513-013,Glass of house wine,Drinks,3,5.50,resident
2026-05-13,14:50,20260513-013,Fish pie,Main,3,13.95,resident
2026-05-13,14:50,20260513-013,Sticky toffee pudding,Dessert,3,6.50,resident
2026-05-13,14:50,20260513-013,Glass of house wine,Drinks,3,5.50,resident
2026-05-13,12:10,20260513-014,Vegetable biryani,Main,1,11.95,resident
2026-05-13,12:10,20260513-014,Soup of the day,Starter,1,7.95,resident
2026-05-13,12:10,20260513-014,Glass of house wine,Drinks,1,5.50,resident
2026-05-13,17:23,20260513-015,Fish pie,Main,1,13.95,resident
2026-05-13,17:23,20260513-015,Matzo ball soup,Starter,1,8.95,resident
2026-05-13,17:23,20260513-015,Pot of tea,Drinks,1,3.25,resident
2026-05-13,14:18,20260513-016,Roast chicken,Main,3,14.50,resident
2026-05-13,14:18,20260513-016,Soup of the day,Starter,3,7.95,resident
2026-05-13,14:18,20260513-016,Sticky toffee pudding,Dessert,3,6.50,resident
2026-05-13,14:18,20260513-016,Pot of tea,Drinks,3,3.25,resident
2026-05-13,14:18,20260513-016,Shepherd's pie,Main,3,12.95,resident
2026-05-13,14:18,20260513-016,Soup of the day,Starter,3,7.95,resident
2026-05-13,14:18,20260513-016,Coffee,Drinks,3,3.00,resident
2026-05-13,14:18,20260513-016,Paneer & spinach curry,Main,3,12.50,resident
2026-05-13,14:18,20260513-016,Matzo ball soup,Starter,3,8.95,resident
2026-05-13,14:18,20260513-016,Fruit crumble,Dessert,3,6.25,resident
2026-05-13,14:18,20260513-016,Pot of tea,Drinks,3,3.25,resident
2026-05-13,15:28,20260513-017,Shepherd's pie,Main,2,12.95,resident
2026-05-13,15:28,20260513-017,Matzo ball soup,Starter,2,8.95,resident
2026-05-13,15:28,20260513-017,Grilled salmon,Main,2,15.00,resident
2026-05-13,15:28,20260513-017,Soup of the day,Starter,2,7.95,resident
2026-05-13,15:28,20260513-017,Pot of tea,Drinks,2,3.25,resident
2026-05-13,12:12,20260513-018,Fish pie,Main,2,13.95,resident
2026-05-13,12:12,20260513-018,Soup of the day,Starter,2,7.95,resident
2026-05-13,12:12,20260513-018,Pot of tea,Drinks,2,3.25,resident
2026-05-13,12:12,20260513-018,Grilled salmon,Main,2,15.00,resident
2026-05-13,12:12,20260513-018,Sticky toffee pudding,Dessert,2,6.50,resident
2026-05-13,12:12,20260513-018,Coffee,Drinks,2,3.00,resident
2026-05-13,12:42,20260513-019,Vegetable biryani,Main,2,11.95,resident
2026-05-13,12:42,20260513-019,Coffee,Drinks,2,3.00,resident
2026-05-13,12:42,20260513-019,Roast chicken,Main,2,14.50,resident
2026-05-13,12:42,20260513-019,Fruit crumble,Dessert,2,6.25,resident
2026-05-13,12:42,20260513-019,Coffee,Drinks,2,3.00,resident
2026-05-13,17:52,20260513-020,Shepherd's pie,Main,1,12.95,resident
2026-05-13,17:52,20260513-020,Sticky toffee pudding,Dessert,1,6.50,resident
2026-05-13,17:52,20260513-020,Coffee,Drinks,1,3.00,resident
2026-05-13,14:40,20260513-021,Fish pie,Main,2,13.95,resident
2026-05-13,14:40,20260513-021,Soup of the day,Starter,2,7.95,resident
2026-05-13,14:40,20260513-021,Coffee,Drinks,2,3.00,resident
2026-05-13,14:40,20260513-021,Roast chicken,Main,2,14.50,resident
2026-05-13,14:40,20260513-021,Glass of house wine,Drinks,2,5.50,resident
2026-05-13,16:26,20260513-022,Fish pie,Main,1,13.95,resident
2026-05-13,16:26,20260513-022,Matzo ball soup,Starter,1,8.95,resident
2026-05-13,16:26,20260513-022,Fruit crumble,Dessert,1,6.25,resident
2026-05-13,16:26,20260513-022,Pot of tea,Drinks,1,3.25,resident
2026-05-13,13:11,20260513-023,Vegetable biryani,Main,2,11.95,resident
2026-05-13,13:11,20260513-023,Matzo ball soup,Starter,2,8.95,resident
2026-05-13,13:11,20260513-023,Fruit crumble,Dessert,2,6.25,resident
2026-05-13,13:11,20260513-023,Grilled salmon,Main,2,15.00,resident
2026-05-13,13:11,20260513-023,Pot of tea,Drinks,2,3.25,resident
2026-05-13,17:32,20260513-024,Paneer & spinach curry,Main,2,12.50,resident
2026-05-13,17:32,20260513-024,Fruit crumble,Dessert,2,6.25,resident
2026-05-13,17:32,20260513-024,Glass of house wine,Drinks,2,5.50,resident
2026-05-13,17:32,20260513-024,Shepherd's pie,Main,2,12.95,resident
2026-05-13,17:32,20260513-024,Soup of the day,Starter,2,7.95,resident
2026-05-13,17:32,20260513-024,Coffee,Drinks,2,3.00,resident
2026-05-13,16:28,20260513-025,Shepherd's pie,Main,1,12.95,resident
2026-05-13,16:28,20260513-025,Soup of the day,Starter,1,7.95,resident
2026-05-13,16:28,20260513-025,Fruit crumble,Dessert,1,6.25,resident
2026-05-13,16:28,20260513-025,Coffee,Drinks,1,3.00,resident
2026-05-13,13:36,20260513-026,Roast chicken,Main,2,14.50,resident
2026-05-13,13:36,20260513-026,Sticky toffee pudding,Dessert,2,6.50,resident
2026-05-13,13:36,20260513-026,Pot of tea,Drinks,2,3.25,resident
2026-05-13,13:36,20260513-026,Roast chicken,Main,2,14.50,resident
2026-05-13,13:36,20260513-026,Matzo ball soup,Starter,2,8.95,resident
2026-05-13,13:36,20260513-026,Sticky toffee pudding,Dessert,2,6.50,resident
2026-05-13,19:00,20260513-027,Shepherd's pie,Main,2,12.95,resident
2026-05-13,19:00,20260513-027,Fruit crumble,Dessert,2,6.25,resident
2026-05-13,19:00,20260513-027,Vegetable biryani,Main,2,11.95,resident
2026-05-13,19:00,20260513-027,Glass of house wine,Drinks,2,5.50,resident
2026-05-13,14:23,20260513-028,Vegetable biryani,Main,3,11.95,resident
2026-05-13,14:23,20260513-028,Soup of the day,Starter,3,7.95,resident
2026-05-13,14:23,20260513-028,Fruit crumble,Dessert,3,6.25,resident
2026-05-13,14:23,20260513-028,Grilled salmon,Main,3,15.00,resident
2026-05-13,14:23,20260513-028,Glass of house wine,Drinks,3,5.50,resident
2026-05-13,14:23,20260513-028,Fish pie,Main,3,13.95,resident
2026-05-13,14:23,20260513-028,Sticky toffee pudding,Dessert,3,6.50,resident
2026-05-13,14:23,20260513-028,Pot of tea,Drinks,3,3.25,resident
2026-05-14,15:07,20260514-001,Grilled salmon,Main,1,15.00,resident
2026-05-14,15:07,20260514-001,Soup of the day,Starter,1,7.95,resident
2026-05-14,15:07,20260514-001,Sticky toffee pudding,Dessert,1,6.50,resident
2026-05-14,15:07,20260514-001,Glass of house wine,Drinks,1,5.50,resident
2026-05-14,12:05,20260514-002,Paneer & spinach curry,Main,3,12.50,resident
2026-05-14,12:05,20260514-002,Fruit crumble,Dessert,3,6.25,resident
2026-05-14,12:05,20260514-002,Coffee,Drinks,3,3.00,resident
2026-05-14,12:05,20260514-002,Paneer & spinach curry,Main,3,12.50,resident
2026-05-14,12:05,20260514-002,Fruit crumble,Dessert,3,6.25,resident
2026-05-14,12:05,20260514-002,Glass of house wine,Drinks,3,5.50,resident
2026-05-14,12:05,20260514-002,Shepherd's pie,Main,3,12.95,resident
2026-05-14,12:05,20260514-002,Soup of the day,Starter,3,7.95,resident
2026-05-14,12:05,20260514-002,Sticky toffee pudding,Dessert,3,6.50,resident
2026-05-14,18:07,20260514-003,Vegetable biryani,Main,3,11.95,resident
2026-05-14,18:07,20260514-003,Coffee,Drinks,3,3.00,resident
2026-05-14,18:07,20260514-003,Vegetable biryani,Main,3,11.95,resident
2026-05-14,18:07,20260514-003,Sticky toffee pudding,Dessert,3,6.50,resident
2026-05-14,18:07,20260514-003,Coffee,Drinks,3,3.00,resident
2026-05-14,18:07,20260514-003,Grilled salmon,Main,3,15.00,resident
2026-05-14,18:07,20260514-003,Pot of tea,Drinks,3,3.25,resident
2026-05-14,12:28,20260514-004,Grilled salmon,Main,3,15.00,resident
2026-05-14,12:28,20260514-004,Matzo ball soup,Starter,3,8.95,resident
2026-05-14,12:28,20260514-004,Coffee,Drinks,3,3.00,resident
2026-05-14,12:28,20260514-004,Grilled salmon,Main,3,15.00,resident
2026-05-14,12:28,20260514-004,Fruit crumble,Dessert,3,6.25,resident
2026-05-14,12:28,20260514-004,Glass of house wine,Drinks,3,5.50,resident
2026-05-14,12:28,20260514-004,Vegetable biryani,Main,3,11.95,resident
2026-05-14,12:28,20260514-004,Coffee,Drinks,3,3.00,resident
2026-05-14,17:41,20260514-005,Roast chicken,Main,2,14.50,resident
2026-05-14,17:41,20260514-005,Matzo ball soup,Starter,2,8.95,resident
2026-05-14,17:41,20260514-005,Pot of tea,Drinks,2,3.25,resident
2026-05-14,17:41,20260514-005,Paneer & spinach curry,Main,2,12.50,resident
2026-05-14,17:41,20260514-005,Pot of tea,Drinks,2,3.25,resident
2026-05-14,12:01,20260514-006,Vegetable biryani,Main,3,11.95,resident
2026-05-14,12:01,20260514-006,Soup of the day,Starter,3,7.95,resident
2026-05-14,12:01,20260514-006,Glass of house wine,Drinks,3,5.50,resident
2026-05-14,12:01,20260514-006,Shepherd's pie,Main,3,12.95,resident
2026-05-14,12:01,20260514-006,Matzo ball soup,Starter,3,8.95,resident
2026-05-14,12:01,20260514-006,Sticky toffee pudding,Dessert,3,6.50,resident
2026-05-14,12:01,20260514-006,Pot of tea,Drinks,3,3.25,resident
2026-05-14,12:01,20260514-006,Roast chicken,Main,3,14.50,resident
2026-05-14,12:01,20260514-006,Pot of tea,Drinks,3,3.25,resident
2026-05-14,18:10,20260514-007,Paneer & spinach curry,Main,1,12.50,resident
2026-05-14,18:26,20260514-008,Paneer & spinach curry,Main,1,12.50,resident
2026-05-14,18:26,20260514-008,Soup of the day,Starter,1,7.95,resident
2026-05-14,18:26,20260514-008,Sticky toffee pudding,Dessert,1,6.50,resident
2026-05-14,18:26,20260514-008,Pot of tea,Drinks,1,3.25,resident
2026-05-14,14:19,20260514-009,Fish pie,Main,3,13.95,resident
2026-05-14,14:19,20260514-009,Fruit crumble,Dessert,3,6.25,resident
2026-05-14,14:19,20260514-009,Pot of tea,Drinks,3,3.25,resident
2026-05-14,14:19,20260514-009,Vegetable biryani,Main,3,11.95,resident
2026-05-14,14:19,20260514-009,Soup of the day,Starter,3,7.95,resident
2026-05-14,14:19,20260514-009,Glass of house wine,Drinks,3,5.50,resident
2026-05-14,14:19,20260514-009,Vegetable biryani,Main,3,11.95,resident
2026-05-14,14:19,20260514-009,Matzo ball soup,Starter,3,8.95,resident
2026-05-14,14:19,20260514-009,Pot of tea,Drinks,3,3.25,resident
2026-05-14,14:27,20260514-010,Grilled salmon,Main,2,15.00,resident
2026-05-14,14:27,20260514-010,Glass of house wine,Drinks,2,5.50,resident
2026-05-14,14:27,20260514-010,Vegetable biryani,Main,2,11.95,resident
2026-05-14,14:27,20260514-010,Fruit crumble,Dessert,2,6.25,resident
2026-05-14,14:27,20260514-010,Coffee,Drinks,2,3.00,resident
2026-05-14,17:23,20260514-011,Fish pie,Main,2,13.95,resident
2026-05-14,17:23,20260514-011,Fruit crumble,Dessert,2,6.25,resident
2026-05-14,17:23,20260514-011,Coffee,Drinks,2,3.00,resident
2026-05-14,17:23,20260514-011,Paneer & spinach curry,Main,2,12.50,resident
2026-05-14,17:23,20260514-011,Glass of house wine,Drinks,2,5.50,resident
2026-05-14,14:51,20260514-012,Roast chicken,Main,2,14.50,resident
2026-05-14,14:51,20260514-012,Soup of the day,Starter,2,7.95,resident
2026-05-14,14:51,20260514-012,Fruit crumble,Dessert,2,6.25,resident
2026-05-14,14:51,20260514-012,Coffee,Drinks,2,3.00,resident
2026-05-14,14:51,20260514-012,Shepherd's pie,Main,2,12.95,resident
2026-05-14,14:51,20260514-012,Pot of tea,Drinks,2,3.25,resident
2026-05-14,14:04,20260514-013,Paneer & spinach curry,Main,2,12.50,resident
2026-05-14,14:04,20260514-013,Glass of house wine,Drinks,2,5.50,resident
2026-05-14,14:04,20260514-013,Fish pie,Main,2,13.95,resident
2026-05-14,14:04,20260514-013,Pot of tea,Drinks,2,3.25,resident
2026-05-14,16:55,20260514-014,Roast chicken,Main,3,14.50,resident
2026-05-14,16:55,20260514-014,Matzo ball soup,Starter,3,8.95,resident
2026-05-14,16:55,20260514-014,Coffee,Drinks,3,3.00,resident
2026-05-14,16:55,20260514-014,Vegetable biryani,Main,3,11.95,resident
2026-05-14,16:55,20260514-014,Matzo ball soup,Starter,3,8.95,resident
2026-05-14,16:55,20260514-014,Fruit crumble,Dessert,3,6.25,resident
2026-05-14,16:55,20260514-014,Glass of house wine,Drinks,3,5.50,resident
2026-05-14,16:55,20260514-014,Roast chicken,Main,3,14.50,resident
2026-05-14,16:55,20260514-014,Matzo ball soup,Starter,3,8.95,resident
2026-05-14,16:55,20260514-014,Glass of house wine,Drinks,3,5.50,resident
2026-05-14,13:15,20260514-015,Fish pie,Main,1,13.95,resident
2026-05-14,13:15,20260514-015,Matzo ball soup,Starter,1,8.95,resident
2026-05-14,13:15,20260514-015,Sticky toffee pudding,Dessert,1,6.50,resident
2026-05-14,13:15,20260514-015,Coffee,Drinks,1,3.00,resident
2026-05-14,16:44,20260514-016,Paneer & spinach curry,Main,1,12.50,resident
2026-05-14,16:44,20260514-016,Matzo ball soup,Starter,1,8.95,resident
2026-05-14,16:44,20260514-016,Fruit crumble,Dessert,1,6.25,resident
2026-05-14,16:44,20260514-016,Pot of tea,Drinks,1,3.25,resident
2026-05-14,16:01,20260514-017,Shepherd's pie,Main,2,12.95,resident
2026-05-14,16:01,20260514-017,Glass of house wine,Drinks,2,5.50,resident
2026-05-14,16:01,20260514-017,Fish pie,Main,2,13.95,resident
2026-05-14,16:01,20260514-017,Soup of the day,Starter,2,7.95,resident
2026-05-14,16:01,20260514-017,Coffee,Drinks,2,3.00,resident
2026-05-14,15:21,20260514-018,Paneer & spinach curry,Main,2,12.50,resident
2026-05-14,15:21,20260514-018,Glass of house wine,Drinks,2,5.50,resident
2026-05-14,15:21,20260514-018,Vegetable biryani,Main,2,11.95,resident
2026-05-14,15:21,20260514-018,Matzo ball soup,Starter,2,8.95,resident
2026-05-14,15:21,20260514-018,Coffee,Drinks,2,3.00,resident
2026-05-14,18:24,20260514-019,Roast chicken,Main,2,14.50,resident
2026-05-14,18:24,20260514-019,Sticky toffee pudding,Dessert,2,6.50,resident
2026-05-14,18:24,20260514-019,Pot of tea,Drinks,2,3.25,resident
2026-05-14,18:24,20260514-019,Roast chicken,Main,2,14.50,resident
2026-05-14,18:24,20260514-019,Matzo ball soup,Starter,2,8.95,resident
2026-05-14,18:24,20260514-019,Pot of tea,Drinks,2,3.25,resident
2026-05-14,12:17,20260514-020,Shepherd's pie,Main,3,12.95,resident
2026-05-14,12:17,20260514-020,Soup of the day,Starter,3,7.95,resident
2026-05-14,12:17,20260514-020,Pot of tea,Drinks,3,3.25,resident
2026-05-14,12:17,20260514-020,Roast chicken,Main,3,14.50,resident
2026-05-14,12:17,20260514-020,Matzo ball soup,Starter,3,8.95,resident
2026-05-14,12:17,20260514-020,Coffee,Drinks,3,3.00,resident
2026-05-14,12:17,20260514-020,Fish pie,Main,3,13.95,resident
2026-05-14,12:17,20260514-020,Soup of the day,Starter,3,7.95,resident
2026-05-14,12:17,20260514-020,Coffee,Drinks,3,3.00,resident
2026-05-14,15:36,20260514-021,Paneer & spinach curry,Main,2,12.50,resident
2026-05-14,15:36,20260514-021,Matzo ball soup,Starter,2,8.95,resident
2026-05-14,15:36,20260514-021,Pot of tea,Drinks,2,3.25,resident
2026-05-14,15:36,20260514-021,Paneer & spinach curry,Main,2,12.50,resident
2026-05-14,15:36,20260514-021,Coffee,Drinks,2,3.00,resident
2026-05-14,13:31,20260514-022,Vegetable biryani,Main,1,11.95,resident
2026-05-14,13:31,20260514-022,Glass of house wine,Drinks,1,5.50,resident
2026-05-14,18:02,20260514-023,Fish pie,Main,4,13.95,resident
2026-05-14,18:02,20260514-023,Pot of tea,Drinks,4,3.25,resident
2026-05-14,18:02,20260514-023,Shepherd's pie,Main,4,12.95,resident
2026-05-14,18:02,20260514-023,Matzo ball soup,Starter,4,8.95,resident
2026-05-14,18:02,20260514-023,Glass of house wine,Drinks,4,5.50,resident
2026-05-14,18:02,20260514-023,Vegetable biryani,Main,4,11.95,resident
2026-05-14,18:02,20260514-023,Fruit crumble,Dessert,4,6.25,resident
2026-05-14,18:02,20260514-023,Coffee,Drinks,4,3.00,resident
2026-05-14,18:02,20260514-023,Roast chicken,Main,4,14.50,resident
2026-05-14,18:02,20260514-023,Fruit crumble,Dessert,4,6.25,resident
2026-05-14,18:02,20260514-023,Pot of tea,Drinks,4,3.25,resident
2026-05-14,12:18,20260514-024,Paneer & spinach curry,Main,2,12.50,resident
2026-05-14,12:18,20260514-024,Glass of house wine,Drinks,2,5.50,resident
2026-05-14,12:18,20260514-024,Vegetable biryani,Main,2,11.95,resident
2026-05-14,12:18,20260514-024,Matzo ball soup,Starter,2,8.95,resident
2026-05-14,12:18,20260514-024,Glass of house wine,Drinks,2,5.50,resident
2026-05-14,17:52,20260514-025,Grilled salmon,Main,4,15.00,resident
2026-05-14,17:52,20260514-025,Pot of tea,Drinks,4,3.25,resident
2026-05-14,17:52,20260514-025,Roast chicken,Main,4,14.50,resident
2026-05-14,17:52,20260514-025,Matzo ball soup,Starter,4,8.95,resident
2026-05-14,17:52,20260514-025,Roast chicken,Main,4,14.50,resident
2026-05-14,17:52,20260514-025,Soup of the day,Starter,4,7.95,resident
2026-05-14,17:52,20260514-025,Coffee,Drinks,4,3.00,resident
2026-05-14,17:52,20260514-025,Paneer & spinach curry,Main,4,12.50,resident
2026-05-14,17:52,20260514-025,Coffee,Drinks,4,3.00,resident
2026-05-14,18:46,20260514-026,Paneer & spinach curry,Main,4,12.50,resident
2026-05-14,18:46,20260514-026,Coffee,Drinks,4,3.00,resident
2026-05-14,18:46,20260514-026,Grilled salmon,Main,4,15.00,resident
2026-05-14,18:46,20260514-026,Coffee,Drinks,4,3.00,resident
2026-05-14,18:46,20260514-026,Shepherd's pie,Main,4,12.95,resident
2026-05-14,18:46,20260514-026,Matzo ball soup,Starter,4,8.95,resident
2026-05-14,18:46,20260514-026,Sticky toffee pudding,Dessert,4,6.50,resident
2026-05-14,18:46,20260514-026,Coffee,Drinks,4,3.00,resident
2026-05-14,18:46,20260514-026,Grilled salmon,Main,4,15.00,resident
2026-05-14,18:46,20260514-026,Matzo ball soup,Starter,4,8.95,resident
2026-05-14,18:46,20260514-026,Pot of tea,Drinks,4,3.25,resident
2026-05-14,14:16,20260514-027,Grilled salmon,Main,1,15.00,resident
2026-05-14,14:16,20260514-027,Matzo ball soup,Starter,1,8.95,resident
2026-05-14,14:16,20260514-027,Fruit crumble,Dessert,1,6.25,resident
2026-05-14,14:16,20260514-027,Pot of tea,Drinks,1,3.25,resident
2026-05-15,16:59,20260515-001,Paneer & spinach curry,Main,1,12.50,resident
2026-05-15,16:59,20260515-001,Coffee,Drinks,1,3.00,resident
2026-05-15,18:20,20260515-002,Fish pie,Main,2,13.95,resident
2026-05-15,18:20,20260515-002,Matzo ball soup,Starter,2,8.95,resident
2026-05-15,18:20,20260515-002,Roast chicken,Main,2,14.50,resident
2026-05-15,18:20,20260515-002,Matzo ball soup,Starter,2,8.95,resident
2026-05-15,18:20,20260515-002,Sticky toffee pudding,Dessert,2,6.50,resident
2026-05-15,18:20,20260515-002,Glass of house wine,Drinks,2,5.50,resident
2026-05-15,18:38,20260515-003,Shepherd's pie,Main,1,12.95,resident
2026-05-15,18:38,20260515-003,Coffee,Drinks,1,3.00,resident
2026-05-15,18:34,20260515-004,Roast chicken,Main,2,14.50,resident
2026-05-15,18:34,20260515-004,Pot of tea,Drinks,2,3.25,resident
2026-05-15,18:34,20260515-004,Vegetable biryani,Main,2,11.95,resident
2026-05-15,18:34,20260515-004,Pot of tea,Drinks,2,3.25,resident
2026-05-15,15:50,20260515-005,Fish pie,Main,2,13.95,resident
2026-05-15,15:50,20260515-005,Matzo ball soup,Starter,2,8.95,resident
2026-05-15,15:50,20260515-005,Pot of tea,Drinks,2,3.25,resident
2026-05-15,15:50,20260515-005,Fish pie,Main,2,13.95,resident
2026-05-15,15:50,20260515-005,Fruit crumble,Dessert,2,6.25,resident
2026-05-15,17:25,20260515-006,Fish pie,Main,2,13.95,external
2026-05-15,17:25,20260515-006,Matzo ball soup,Starter,2,8.95,external
2026-05-15,17:25,20260515-006,Coffee,Drinks,2,3.00,external
2026-05-15,17:25,20260515-006,Paneer & spinach curry,Main,2,12.50,external
2026-05-15,17:25,20260515-006,Fruit crumble,Dessert,2,6.25,external
2026-05-15,17:25,20260515-006,Coffee,Drinks,2,3.00,external
2026-05-15,17:07,20260515-007,Grilled salmon,Main,1,15.00,resident
2026-05-15,17:07,20260515-007,Matzo ball soup,Starter,1,8.95,resident
2026-05-15,17:07,20260515-007,Pot of tea,Drinks,1,3.25,resident
2026-05-15,13:29,20260515-008,Grilled salmon,Main,3,15.00,resident
2026-05-15,13:29,20260515-008,Fruit crumble,Dessert,3,6.25,resident
2026-05-15,13:29,20260515-008,Glass of house wine,Drinks,3,5.50,resident
2026-05-15,13:29,20260515-008,Vegetable biryani,Main,3,11.95,resident
2026-05-15,13:29,20260515-008,Fruit crumble,Dessert,3,6.25,resident
2026-05-15,13:29,20260515-008,Fish pie,Main,3,13.95,resident
2026-05-15,13:29,20260515-008,Pot of tea,Drinks,3,3.25,resident
2026-05-15,13:21,20260515-009,Grilled salmon,Main,2,15.00,resident
2026-05-15,13:21,20260515-009,Sticky toffee pudding,Dessert,2,6.50,resident
2026-05-15,13:21,20260515-009,Pot of tea,Drinks,2,3.25,resident
2026-05-15,13:21,20260515-009,Vegetable biryani,Main,2,11.95,resident
2026-05-15,13:21,20260515-009,Pot of tea,Drinks,2,3.25,resident
2026-05-15,18:06,20260515-010,Grilled salmon,Main,2,15.00,resident
2026-05-15,18:06,20260515-010,Glass of house wine,Drinks,2,5.50,resident
2026-05-15,18:06,20260515-010,Shepherd's pie,Main,2,12.95,resident
2026-05-15,18:06,20260515-010,Fruit crumble,Dessert,2,6.25,resident
2026-05-15,18:06,20260515-010,Coffee,Drinks,2,3.00,resident
2026-05-15,15:24,20260515-011,Vegetable biryani,Main,1,11.95,resident
2026-05-15,15:24,20260515-011,Glass of house wine,Drinks,1,5.50,resident
2026-05-15,18:28,20260515-012,Roast chicken,Main,3,14.50,resident
2026-05-15,18:28,20260515-012,Glass of house wine,Drinks,3,5.50,resident
2026-05-15,18:28,20260515-012,Fish pie,Main,3,13.95,resident
2026-05-15,18:28,20260515-012,Sticky toffee pudding,Dessert,3,6.50,resident
2026-05-15,18:28,20260515-012,Coffee,Drinks,3,3.00,resident
2026-05-15,18:28,20260515-012,Shepherd's pie,Main,3,12.95,resident
2026-05-15,18:28,20260515-012,Glass of house wine,Drinks,3,5.50,resident
2026-05-15,15:47,20260515-013,Shepherd's pie,Main,2,12.95,resident
2026-05-15,15:47,20260515-013,Coffee,Drinks,2,3.00,resident
2026-05-15,15:47,20260515-013,Fish pie,Main,2,13.95,resident
2026-05-15,15:47,20260515-013,Fruit crumble,Dessert,2,6.25,resident
2026-05-15,15:47,20260515-013,Coffee,Drinks,2,3.00,resident
2026-05-15,18:06,20260515-014,Grilled salmon,Main,2,15.00,resident
2026-05-15,18:06,20260515-014,Soup of the day,Starter,2,7.95,resident
2026-05-15,18:06,20260515-014,Coffee,Drinks,2,3.00,resident
2026-05-15,18:06,20260515-014,Fish pie,Main,2,13.95,resident
2026-05-15,18:06,20260515-014,Soup of the day,Starter,2,7.95,resident
2026-05-15,18:06,20260515-014,Glass of house wine,Drinks,2,5.50,resident
2026-05-15,16:58,20260515-015,Vegetable biryani,Main,3,11.95,resident
2026-05-15,16:58,20260515-015,Soup of the day,Starter,3,7.95,resident
2026-05-15,16:58,20260515-015,Coffee,Drinks,3,3.00,resident
2026-05-15,16:58,20260515-015,Shepherd's pie,Main,3,12.95,resident
2026-05-15,16:58,20260515-015,Grilled salmon,Main,3,15.00,resident
2026-05-15,16:58,20260515-015,Soup of the day,Starter,3,7.95,resident
2026-05-15,16:58,20260515-015,Coffee,Drinks,3,3.00,resident
2026-05-15,16:28,20260515-016,Shepherd's pie,Main,2,12.95,resident
2026-05-15,16:28,20260515-016,Sticky toffee pudding,Dessert,2,6.50,resident
2026-05-15,16:28,20260515-016,Pot of tea,Drinks,2,3.25,resident
2026-05-15,16:28,20260515-016,Fish pie,Main,2,13.95,resident
2026-05-15,16:28,20260515-016,Matzo ball soup,Starter,2,8.95,resident
2026-05-15,16:28,20260515-016,Pot of tea,Drinks,2,3.25,resident
2026-05-15,12:06,20260515-017,Vegetable biryani,Main,4,11.95,resident
2026-05-15,12:06,20260515-017,Glass of house wine,Drinks,4,5.50,resident
2026-05-15,12:06,20260515-017,Grilled salmon,Main,4,15.00,resident
2026-05-15,12:06,20260515-017,Soup of the day,Starter,4,7.95,resident
2026-05-15,12:06,20260515-017,Coffee,Drinks,4,3.00,resident
2026-05-15,12:06,20260515-017,Grilled salmon,Main,4,15.00,resident
2026-05-15,12:06,20260515-017,Sticky toffee pudding,Dessert,4,6.50,resident
2026-05-15,12:06,20260515-017,Pot of tea,Drinks,4,3.25,resident
2026-05-15,12:06,20260515-017,Fish pie,Main,4,13.95,resident
2026-05-15,12:06,20260515-017,Matzo ball soup,Starter,4,8.95,resident
2026-05-15,12:06,20260515-017,Glass of house wine,Drinks,4,5.50,resident
2026-05-15,15:53,20260515-018,Vegetable biryani,Main,2,11.95,resident
2026-05-15,15:53,20260515-018,Soup of the day,Starter,2,7.95,resident
2026-05-15,15:53,20260515-018,Sticky toffee pudding,Dessert,2,6.50,resident
2026-05-15,15:53,20260515-018,Coffee,Drinks,2,3.00,resident
2026-05-15,15:53,20260515-018,Fish pie,Main,2,13.95,resident
2026-05-15,15:53,20260515-018,Sticky toffee pudding,Dessert,2,6.50,resident
2026-05-15,15:53,20260515-018,Coffee,Drinks,2,3.00,resident
2026-05-15,12:50,20260515-019,Roast chicken,Main,2,14.50,resident
2026-05-15,12:50,20260515-019,Matzo ball soup,Starter,2,8.95,resident
2026-05-15,12:50,20260515-019,Sticky toffee pudding,Dessert,2,6.50,resident
2026-05-15,12:50,20260515-019,Pot of tea,Drinks,2,3.25,resident
2026-05-15,12:50,20260515-019,Roast chicken,Main,2,14.50,resident
2026-05-15,12:50,20260515-019,Fruit crumble,Dessert,2,6.25,resident
2026-05-15,12:50,20260515-019,Glass of house wine,Drinks,2,5.50,resident
2026-05-15,12:57,20260515-020,Shepherd's pie,Main,2,12.95,resident
2026-05-15,12:57,20260515-020,Fruit crumble,Dessert,2,6.25,resident
2026-05-15,12:57,20260515-020,Paneer & spinach curry,Main,2,12.50,resident
2026-05-15,12:57,20260515-020,Glass of house wine,Drinks,2,5.50,resident
2026-05-15,16:23,20260515-021,Grilled salmon,Main,2,15.00,resident
2026-05-15,16:23,20260515-021,Matzo ball soup,Starter,2,8.95,resident
2026-05-15,16:23,20260515-021,Fruit crumble,Dessert,2,6.25,resident
2026-05-15,16:23,20260515-021,Glass of house wine,Drinks,2,5.50,resident
2026-05-15,16:23,20260515-021,Fish pie,Main,2,13.95,resident
2026-05-15,16:23,20260515-021,Fruit crumble,Dessert,2,6.25,resident
2026-05-15,16:23,20260515-021,Glass of house wine,Drinks,2,5.50,resident
2026-05-15,17:44,20260515-022,Shepherd's pie,Main,3,12.95,resident
2026-05-15,17:44,20260515-022,Matzo ball soup,Starter,3,8.95,resident
2026-05-15,17:44,20260515-022,Sticky toffee pudding,Dessert,3,6.50,resident
2026-05-15,17:44,20260515-022,Glass of house wine,Drinks,3,5.50,resident
2026-05-15,17:44,20260515-022,Vegetable biryani,Main,3,11.95,resident
2026-05-15,17:44,20260515-022,Soup of the day,Starter,3,7.95,resident
2026-05-15,17:44,20260515-022,Fruit crumble,Dessert,3,6.25,resident
2026-05-15,17:44,20260515-022,Fish pie,Main,3,13.95,resident
2026-05-15,17:44,20260515-022,Sticky toffee pudding,Dessert,3,6.50,resident
2026-05-15,17:44,20260515-022,Pot of tea,Drinks,3,3.25,resident
2026-05-15,13:20,20260515-023,Fish pie,Main,1,13.95,resident
2026-05-15,13:20,20260515-023,Soup of the day,Starter,1,7.95,resident
2026-05-15,13:20,20260515-023,Coffee,Drinks,1,3.00,resident
2026-05-15,14:14,20260515-024,Paneer & spinach curry,Main,2,12.50,resident
2026-05-15,14:14,20260515-024,Soup of the day,Starter,2,7.95,resident
2026-05-15,14:14,20260515-024,Fruit crumble,Dessert,2,6.25,resident
2026-05-15,14:14,20260515-024,Pot of tea,Drinks,2,3.25,resident
2026-05-15,14:14,20260515-024,Paneer & spinach curry,Main,2,12.50,resident
2026-05-15,14:14,20260515-024,Soup of the day,Starter,2,7.95,resident
2026-05-15,14:14,20260515-024,Coffee,Drinks,2,3.00,resident
2026-05-15,15:29,20260515-025,Fish pie,Main,1,13.95,resident
2026-05-15,15:29,20260515-025,Coffee,Drinks,1,3.00,resident
2026-05-15,18:06,20260515-026,Paneer & spinach curry,Main,2,12.50,resident
2026-05-15,18:06,20260515-026,Soup of the day,Starter,2,7.95,resident
2026-05-15,18:06,20260515-026,Pot of tea,Drinks,2,3.25,resident
2026-05-15,18:06,20260515-026,Fish pie,Main,2,13.95,resident
2026-05-15,18:06,20260515-026,Glass of house wine,Drinks,2,5.50,resident
2026-05-15,13:22,20260515-027,Shepherd's pie,Main,1,12.95,resident
2026-05-15,18:39,20260515-028,Grilled salmon,Main,4,15.00,resident
2026-05-15,18:39,20260515-028,Coffee,Drinks,4,3.00,resident
2026-05-15,18:39,20260515-028,Vegetable biryani,Main,4,11.95,resident
2026-05-15,18:39,20260515-028,Matzo ball soup,Starter,4,8.95,resident
2026-05-15,18:39,20260515-028,Fruit crumble,Dessert,4,6.25,resident
2026-05-15,18:39,20260515-028,Pot of tea,Drinks,4,3.25,resident
2026-05-15,18:39,20260515-028,Paneer & spinach curry,Main,4,12.50,resident
2026-05-15,18:39,20260515-028,Matzo ball soup,Starter,4,8.95,resident
2026-05-15,18:39,20260515-028,Coffee,Drinks,4,3.00,resident
2026-05-15,18:39,20260515-028,Grilled salmon,Main,4,15.00,resident
2026-05-15,18:39,20260515-028,Matzo ball soup,Starter,4,8.95,resident
2026-05-15,18:39,20260515-028,Pot of tea,Drinks,4,3.25,resident
2026-05-15,15:44,20260515-029,Vegetable biryani,Main,2,11.95,resident
2026-05-15,15:44,20260515-029,Coffee,Drinks,2,3.00,resident
2026-05-15,15:44,20260515-029,Grilled salmon,Main,2,15.00,resident
2026-05-15,15:44,20260515-029,Matzo ball soup,Starter,2,8.95,resident
2026-05-15,15:44,20260515-029,Coffee,Drinks,2,3.00,resident
2026-05-15,15:04,20260515-030,Shepherd's pie,Main,4,12.95,resident
2026-05-15,15:04,20260515-030,Fruit crumble,Dessert,4,6.25,resident
2026-05-15,15:04,20260515-030,Pot of tea,Drinks,4,3.25,resident
2026-05-15,15:04,20260515-030,Paneer & spinach curry,Main,4,12.50,resident
2026-05-15,15:04,20260515-030,Soup of the day,Starter,4,7.95,resident
2026-05-15,15:04,20260515-030,Sticky toffee pudding,Dessert,4,6.50,resident
2026-05-15,15:04,20260515-030,Pot of tea,Drinks,4,3.25,resident
2026-05-15,15:04,20260515-030,Shepherd's pie,Main,4,12.95,resident
2026-05-15,15:04,20260515-030,Soup of the day,Starter,4,7.95,resident
2026-05-15,15:04,20260515-030,Glass of house wine,Drinks,4,5.50,resident
2026-05-15,15:04,20260515-030,Vegetable biryani,Main,4,11.95,resident
2026-05-15,15:04,20260515-030,Soup of the day,Starter,4,7.95,resident
2026-05-15,14:47,20260515-031,Shepherd's pie,Main,3,12.95,resident
2026-05-15,14:47,20260515-031,Soup of the day,Starter,3,7.95,resident
2026-05-15,14:47,20260515-031,Pot of tea,Drinks,3,3.25,resident
2026-05-15,14:47,20260515-031,Vegetable biryani,Main,3,11.95,resident
2026-05-15,14:47,20260515-031,Coffee,Drinks,3,3.00,resident
2026-05-15,14:47,20260515-031,Roast chicken,Main,3,14.50,resident
2026-05-15,14:47,20260515-031,Glass of house wine,Drinks,3,5.50,resident
2026-05-15,17:50,20260515-032,Paneer & spinach curry,Main,1,12.50,resident
2026-05-15,14:49,20260515-033,Grilled salmon,Main,1,15.00,resident
2026-05-15,14:49,20260515-033,Coffee,Drinks,1,3.00,resident
2026-05-15,12:10,20260515-034,Paneer & spinach curry,Main,4,12.50,resident
2026-05-15,12:10,20260515-034,Soup of the day,Starter,4,7.95,resident
2026-05-15,12:10,20260515-034,Sticky toffee pudding,Dessert,4,6.50,resident
2026-05-15,12:10,20260515-034,Glass of house wine,Drinks,4,5.50,resident
2026-05-15,12:10,20260515-034,Fish pie,Main,4,13.95,resident
2026-05-15,12:10,20260515-034,Coffee,Drinks,4,3.00,resident
2026-05-15,12:10,20260515-034,Fish pie,Main,4,13.95,resident
2026-05-15,12:10,20260515-034,Coffee,Drinks,4,3.00,resident
2026-05-15,12:10,20260515-034,Vegetable biryani,Main,4,11.95,resident
2026-05-15,12:10,20260515-034,Matzo ball soup,Starter,4,8.95,resident
2026-05-15,12:10,20260515-034,Sticky toffee pudding,Dessert,4,6.50,resident
2026-05-15,12:10,20260515-034,Pot of tea,Drinks,4,3.25,resident
2026-05-16,18:27,20260516-001,Shepherd's pie,Main,1,12.95,resident
2026-05-16,13:47,20260516-002,Vegetable biryani,Main,2,11.95,resident
2026-05-16,13:47,20260516-002,Soup of the day,Starter,2,7.95,resident
2026-05-16,13:47,20260516-002,Roast chicken,Main,2,14.50,resident
2026-05-16,13:47,20260516-002,Soup of the day,Starter,2,7.95,resident
2026-05-16,13:47,20260516-002,Pot of tea,Drinks,2,3.25,resident
2026-05-16,12:33,20260516-003,Grilled salmon,Main,4,15.00,resident
2026-05-16,12:33,20260516-003,Matzo ball soup,Starter,4,8.95,resident
2026-05-16,12:33,20260516-003,Coffee,Drinks,4,3.00,resident
2026-05-16,12:33,20260516-003,Roast chicken,Main,4,14.50,resident
2026-05-16,12:33,20260516-003,Fruit crumble,Dessert,4,6.25,resident
2026-05-16,12:33,20260516-003,Coffee,Drinks,4,3.00,resident
2026-05-16,12:33,20260516-003,Fish pie,Main,4,13.95,resident
2026-05-16,12:33,20260516-003,Sticky toffee pudding,Dessert,4,6.50,resident
2026-05-16,12:33,20260516-003,Pot of tea,Drinks,4,3.25,resident
2026-05-16,12:33,20260516-003,Roast chicken,Main,4,14.50,resident
2026-05-16,12:33,20260516-003,Matzo ball soup,Starter,4,8.95,resident
2026-05-16,12:33,20260516-003,Pot of tea,Drinks,4,3.25,resident
2026-05-16,13:20,20260516-004,Fish pie,Main,2,13.95,resident
2026-05-16,13:20,20260516-004,Coffee,Drinks,2,3.00,resident
2026-05-16,13:20,20260516-004,Fish pie,Main,2,13.95,resident
2026-05-16,13:20,20260516-004,Matzo ball soup,Starter,2,8.95,resident
2026-05-16,13:20,20260516-004,Glass of house wine,Drinks,2,5.50,resident
2026-05-16,15:11,20260516-005,Paneer & spinach curry,Main,2,12.50,resident
2026-05-16,15:11,20260516-005,Sticky toffee pudding,Dessert,2,6.50,resident
2026-05-16,15:11,20260516-005,Coffee,Drinks,2,3.00,resident
2026-05-16,15:11,20260516-005,Roast chicken,Main,2,14.50,resident
2026-05-16,15:11,20260516-005,Fruit crumble,Dessert,2,6.25,resident
2026-05-16,15:11,20260516-005,Pot of tea,Drinks,2,3.25,resident
2026-05-16,16:28,20260516-006,Roast chicken,Main,2,14.50,resident
2026-05-16,16:28,20260516-006,Matzo ball soup,Starter,2,8.95,resident
2026-05-16,16:28,20260516-006,Sticky toffee pudding,Dessert,2,6.50,resident
2026-05-16,16:28,20260516-006,Pot of tea,Drinks,2,3.25,resident
2026-05-16,16:28,20260516-006,Shepherd's pie,Main,2,12.95,resident
2026-05-16,16:28,20260516-006,Pot of tea,Drinks,2,3.25,resident
2026-05-16,14:39,20260516-007,Paneer & spinach curry,Main,2,12.50,resident
2026-05-16,14:39,20260516-007,Soup of the day,Starter,2,7.95,resident
2026-05-16,14:39,20260516-007,Glass of house wine,Drinks,2,5.50,resident
2026-05-16,14:39,20260516-007,Shepherd's pie,Main,2,12.95,resident
2026-05-16,14:39,20260516-007,Glass of house wine,Drinks,2,5.50,resident
2026-05-16,13:13,20260516-008,Roast chicken,Main,1,14.50,resident
2026-05-16,13:13,20260516-008,Pot of tea,Drinks,1,3.25,resident
2026-05-16,14:08,20260516-009,Grilled salmon,Main,2,15.00,resident
2026-05-16,14:08,20260516-009,Soup of the day,Starter,2,7.95,resident
2026-05-16,14:08,20260516-009,Pot of tea,Drinks,2,3.25,resident
2026-05-16,14:08,20260516-009,Paneer & spinach curry,Main,2,12.50,resident
2026-05-16,14:08,20260516-009,Fruit crumble,Dessert,2,6.25,resident
2026-05-16,14:08,20260516-009,Glass of house wine,Drinks,2,5.50,resident
2026-05-16,12:17,20260516-010,Shepherd's pie,Main,3,12.95,resident
2026-05-16,12:17,20260516-010,Roast chicken,Main,3,14.50,resident
2026-05-16,12:17,20260516-010,Matzo ball soup,Starter,3,8.95,resident
2026-05-16,12:17,20260516-010,Pot of tea,Drinks,3,3.25,resident
2026-05-16,12:17,20260516-010,Roast chicken,Main,3,14.50,resident
2026-05-16,12:17,20260516-010,Pot of tea,Drinks,3,3.25,resident
2026-05-16,16:55,20260516-011,Fish pie,Main,3,13.95,resident
2026-05-16,16:55,20260516-011,Fruit crumble,Dessert,3,6.25,resident
2026-05-16,16:55,20260516-011,Glass of house wine,Drinks,3,5.50,resident
2026-05-16,16:55,20260516-011,Vegetable biryani,Main,3,11.95,resident
2026-05-16,16:55,20260516-011,Sticky toffee pudding,Dessert,3,6.50,resident
2026-05-16,16:55,20260516-011,Coffee,Drinks,3,3.00,resident
2026-05-16,16:55,20260516-011,Shepherd's pie,Main,3,12.95,resident
2026-05-16,16:55,20260516-011,Coffee,Drinks,3,3.00,resident
2026-05-16,14:14,20260516-012,Paneer & spinach curry,Main,3,12.50,resident
2026-05-16,14:14,20260516-012,Matzo ball soup,Starter,3,8.95,resident
2026-05-16,14:14,20260516-012,Glass of house wine,Drinks,3,5.50,resident
2026-05-16,14:14,20260516-012,Shepherd's pie,Main,3,12.95,resident
2026-05-16,14:14,20260516-012,Fruit crumble,Dessert,3,6.25,resident
2026-05-16,14:14,20260516-012,Pot of tea,Drinks,3,3.25,resident
2026-05-16,14:14,20260516-012,Shepherd's pie,Main,3,12.95,resident
2026-05-16,14:14,20260516-012,Matzo ball soup,Starter,3,8.95,resident
2026-05-16,18:59,20260516-013,Vegetable biryani,Main,1,11.95,resident
2026-05-16,18:59,20260516-013,Matzo ball soup,Starter,1,8.95,resident
2026-05-16,18:59,20260516-013,Coffee,Drinks,1,3.00,resident
2026-05-16,18:39,20260516-014,Vegetable biryani,Main,2,11.95,resident
2026-05-16,18:39,20260516-014,Glass of house wine,Drinks,2,5.50,resident
2026-05-16,18:39,20260516-014,Vegetable biryani,Main,2,11.95,resident
2026-05-16,18:39,20260516-014,Matzo ball soup,Starter,2,8.95,resident
2026-05-16,18:39,20260516-014,Sticky toffee pudding,Dessert,2,6.50,resident
2026-05-16,18:39,20260516-014,Coffee,Drinks,2,3.00,resident
2026-05-16,18:24,20260516-015,Vegetable biryani,Main,2,11.95,resident
2026-05-16,18:24,20260516-015,Glass of house wine,Drinks,2,5.50,resident
2026-05-16,18:24,20260516-015,Shepherd's pie,Main,2,12.95,resident
2026-05-16,18:24,20260516-015,Soup of the day,Starter,2,7.95,resident
2026-05-16,18:24,20260516-015,Glass of house wine,Drinks,2,5.50,resident
2026-05-16,12:00,20260516-016,Grilled salmon,Main,4,15.00,resident
2026-05-16,12:00,20260516-016,Sticky toffee pudding,Dessert,4,6.50,resident
2026-05-16,12:00,20260516-016,Pot of tea,Drinks,4,3.25,resident
2026-05-16,12:00,20260516-016,Fish pie,Main,4,13.95,resident
2026-05-16,12:00,20260516-016,Sticky toffee pudding,Dessert,4,6.50,resident
2026-05-16,12:00,20260516-016,Glass of house wine,Drinks,4,5.50,resident
2026-05-16,12:00,20260516-016,Shepherd's pie,Main,4,12.95,resident
2026-05-16,12:00,20260516-016,Matzo ball soup,Starter,4,8.95,resident
2026-05-16,12:00,20260516-016,Fruit crumble,Dessert,4,6.25,resident
2026-05-16,12:00,20260516-016,Coffee,Drinks,4,3.00,resident
2026-05-16,12:00,20260516-016,Paneer & spinach curry,Main,4,12.50,resident
2026-05-16,12:00,20260516-016,Soup of the day,Starter,4,7.95,resident
2026-05-16,12:00,20260516-016,Sticky toffee pudding,Dessert,4,6.50,resident
2026-05-16,12:00,20260516-016,Glass of house wine,Drinks,4,5.50,resident
2026-05-16,14:47,20260516-017,Roast chicken,Main,2,14.50,external
2026-05-16,14:47,20260516-017,Pot of tea,Drinks,2,3.25,external
2026-05-16,14:47,20260516-017,Fish pie,Main,2,13.95,external
2026-05-16,14:47,20260516-017,Sticky toffee pudding,Dessert,2,6.50,external
2026-05-16,14:47,20260516-017,Pot of tea,Drinks,2,3.25,external
2026-05-16,18:26,20260516-018,Paneer & spinach curry,Main,1,12.50,resident
2026-05-16,18:26,20260516-018,Coffee,Drinks,1,3.00,resident
2026-05-16,17:20,20260516-019,Vegetable biryani,Main,2,11.95,resident
2026-05-16,17:20,20260516-019,Soup of the day,Starter,2,7.95,resident
2026-05-16,17:20,20260516-019,Glass of house wine,Drinks,2,5.50,resident
2026-05-16,17:20,20260516-019,Grilled salmon,Main,2,15.00,resident
2026-05-16,17:20,20260516-019,Coffee,Drinks,2,3.00,resident
2026-05-16,17:59,20260516-020,Shepherd's pie,Main,2,12.95,resident
2026-05-16,17:59,20260516-020,Matzo ball soup,Starter,2,8.95,resident
2026-05-16,17:59,20260516-020,Coffee,Drinks,2,3.00,resident
2026-05-16,17:59,20260516-020,Paneer & spinach curry,Main,2,12.50,resident
2026-05-16,17:59,20260516-020,Coffee,Drinks,2,3.00,resident
2026-05-16,15:02,20260516-021,Roast chicken,Main,2,14.50,resident
2026-05-16,15:02,20260516-021,Glass of house wine,Drinks,2,5.50,resident
2026-05-16,15:02,20260516-021,Shepherd's pie,Main,2,12.95,resident
2026-05-16,15:02,20260516-021,Fruit crumble,Dessert,2,6.25,resident
2026-05-16,15:02,20260516-021,Coffee,Drinks,2,3.00,resident
2026-05-16,16:25,20260516-022,Grilled salmon,Main,2,15.00,resident
2026-05-16,16:25,20260516-022,Matzo ball soup,Starter,2,8.95,resident
2026-05-16,16:25,20260516-022,Coffee,Drinks,2,3.00,resident
2026-05-16,16:25,20260516-022,Vegetable biryani,Main,2,11.95,resident
2026-05-16,16:25,20260516-022,Matzo ball soup,Starter,2,8.95,resident
2026-05-16,16:25,20260516-022,Coffee,Drinks,2,3.00,resident
2026-05-16,15:21,20260516-023,Roast chicken,Main,2,14.50,resident
2026-05-16,15:21,20260516-023,Soup of the day,Starter,2,7.95,resident
2026-05-16,15:21,20260516-023,Pot of tea,Drinks,2,3.25,resident
2026-05-16,15:21,20260516-023,Shepherd's pie,Main,2,12.95,resident
2026-05-16,15:21,20260516-023,Coffee,Drinks,2,3.00,resident
2026-05-16,16:50,20260516-024,Grilled salmon,Main,1,15.00,resident
2026-05-16,16:50,20260516-024,Fruit crumble,Dessert,1,6.25,resident
2026-05-16,16:50,20260516-024,Coffee,Drinks,1,3.00,resident
2026-05-16,14:09,20260516-025,Grilled salmon,Main,3,15.00,resident
2026-05-16,14:09,20260516-025,Matzo ball soup,Starter,3,8.95,resident
2026-05-16,14:09,20260516-025,Sticky toffee pudding,Dessert,3,6.50,resident
2026-05-16,14:09,20260516-025,Coffee,Drinks,3,3.00,resident
2026-05-16,14:09,20260516-025,Grilled salmon,Main,3,15.00,resident
2026-05-16,14:09,20260516-025,Matzo ball soup,Starter,3,8.95,resident
2026-05-16,14:09,20260516-025,Fruit crumble,Dessert,3,6.25,resident
2026-05-16,14:09,20260516-025,Coffee,Drinks,3,3.00,resident
2026-05-16,14:09,20260516-025,Fish pie,Main,3,13.95,resident
2026-05-16,14:09,20260516-025,Pot of tea,Drinks,3,3.25,resident
2026-05-16,13:56,20260516-026,Paneer & spinach curry,Main,3,12.50,resident
2026-05-16,13:56,20260516-026,Matzo ball soup,Starter,3,8.95,resident
2026-05-16,13:56,20260516-026,Pot of tea,Drinks,3,3.25,resident
2026-05-16,13:56,20260516-026,Fish pie,Main,3,13.95,resident
2026-05-16,13:56,20260516-026,Fruit crumble,Dessert,3,6.25,resident
2026-05-16,13:56,20260516-026,Coffee,Drinks,3,3.00,resident
2026-05-16,13:56,20260516-026,Paneer & spinach curry,Main,3,12.50,resident
2026-05-16,13:56,20260516-026,Glass of house wine,Drinks,3,5.50,resident
2026-05-16,16:19,20260516-027,Vegetable biryani,Main,2,11.95,resident
2026-05-16,16:19,20260516-027,Matzo ball soup,Starter,2,8.95,resident
2026-05-16,16:19,20260516-027,Glass of house wine,Drinks,2,5.50,resident
2026-05-16,16:19,20260516-027,Roast chicken,Main,2,14.50,resident
2026-05-16,16:19,20260516-027,Coffee,Drinks,2,3.00,resident
2026-05-16,14:54,20260516-028,Shepherd's pie,Main,1,12.95,resident
2026-05-16,14:54,20260516-028,Soup of the day,Starter,1,7.95,resident
2026-05-16,14:54,20260516-028,Fruit crumble,Dessert,1,6.25,resident
2026-05-16,14:54,20260516-028,Coffee,Drinks,1,3.00,resident
2026-05-16,13:55,20260516-029,Roast chicken,Main,2,14.50,resident
2026-05-16,13:55,20260516-029,Matzo ball soup,Starter,2,8.95,resident
2026-05-16,13:55,20260516-029,Pot of tea,Drinks,2,3.25,resident
2026-05-16,13:55,20260516-029,Grilled salmon,Main,2,15.00,resident
2026-05-16,13:55,20260516-029,Sticky toffee pudding,Dessert,2,6.50,resident
2026-05-16,13:55,20260516-029,Coffee,Drinks,2,3.00,resident
2026-05-16,14:31,20260516-030,Roast chicken,Main,1,14.50,resident
2026-05-16,14:31,20260516-030,Pot of tea,Drinks,1,3.25,resident
2026-05-16,13:38,20260516-031,Vegetable biryani,Main,4,11.95,resident
2026-05-16,13:38,20260516-031,Coffee,Drinks,4,3.00,resident
2026-05-16,13:38,20260516-031,Grilled salmon,Main,4,15.00,resident
2026-05-16,13:38,20260516-031,Soup of the day,Starter,4,7.95,resident
2026-05-16,13:38,20260516-031,Pot of tea,Drinks,4,3.25,resident
2026-05-16,13:38,20260516-031,Fish pie,Main,4,13.95,resident
2026-05-16,13:38,20260516-031,Soup of the day,Starter,4,7.95,resident
2026-05-16,13:38,20260516-031,Sticky toffee pudding,Dessert,4,6.50,resident
2026-05-16,13:38,20260516-031,Coffee,Drinks,4,3.00,resident
2026-05-16,13:38,20260516-031,Grilled salmon,Main,4,15.00,resident
2026-05-16,13:38,20260516-031,Matzo ball soup,Starter,4,8.95,resident
2026-05-16,13:38,20260516-031,Fruit crumble,Dessert,4,6.25,resident
2026-05-16,13:38,20260516-031,Glass of house wine,Drinks,4,5.50,resident
2026-05-16,13:56,20260516-032,Grilled salmon,Main,3,15.00,resident
2026-05-16,13:56,20260516-032,Glass of house wine,Drinks,3,5.50,resident
2026-05-16,13:56,20260516-032,Paneer & spinach curry,Main,3,12.50,resident
2026-05-16,13:56,20260516-032,Fruit crumble,Dessert,3,6.25,resident
2026-05-16,13:56,20260516-032,Pot of tea,Drinks,3,3.25,resident
2026-05-16,13:56,20260516-032,Fish pie,Main,3,13.95,resident
2026-05-16,13:56,20260516-032,Soup of the day,Starter,3,7.95,resident
2026-05-16,13:56,20260516-032,Pot of tea,Drinks,3,3.25,resident
2026-05-16,13:15,20260516-033,Paneer & spinach curry,Main,3,12.50,resident
2026-05-16,13:15,20260516-033,Soup of the day,Starter,3,7.95,resident
2026-05-16,13:15,20260516-033,Grilled salmon,Main,3,15.00,resident
2026-05-16,13:15,20260516-033,Soup of the day,Starter,3,7.95,resident
2026-05-16,13:15,20260516-033,Glass of house wine,Drinks,3,5.50,resident
2026-05-16,13:15,20260516-033,Shepherd's pie,Main,3,12.95,resident
2026-05-16,13:15,20260516-033,Soup of the day,Starter,3,7.95,resident
2026-05-16,13:15,20260516-033,Fruit crumble,Dessert,3,6.25,resident
2026-05-16,13:15,20260516-033,Pot of tea,Drinks,3,3.25,resident
2026-05-16,15:28,20260516-034,Vegetable biryani,Main,3,11.95,resident
2026-05-16,15:28,20260516-034,Coffee,Drinks,3,3.00,resident
2026-05-16,15:28,20260516-034,Roast chicken,Main,3,14.50,resident
2026-05-16,15:28,20260516-034,Coffee,Drinks,3,3.00,resident
2026-05-16,15:28,20260516-034,Vegetable biryani,Main,3,11.95,resident
2026-05-16,15:28,20260516-034,Soup of the day,Starter,3,7.95,resident
2026-05-16,15:28,20260516-034,Glass of house wine,Drinks,3,5.50,resident
2026-05-16,18:28,20260516-035,Fish pie,Main,2,13.95,resident
2026-05-16,18:28,20260516-035,Soup of the day,Starter,2,7.95,resident
2026-05-16,18:28,20260516-035,Glass of house wine,Drinks,2,5.50,resident
2026-05-16,18:28,20260516-035,Shepherd's pie,Main,2,12.95,resident
2026-05-16,18:28,20260516-035,Pot of tea,Drinks,2,3.25,resident
2026-05-16,13:10,20260516-036,Fish pie,Main,2,13.95,resident
2026-05-16,13:10,20260516-036,Soup of the day,Starter,2,7.95,resident
2026-05-16,13:10,20260516-036,Fruit crumble,Dessert,2,6.25,resident
2026-05-16,13:10,20260516-036,Pot of tea,Drinks,2,3.25,resident
2026-05-16,13:10,20260516-036,Fish pie,Main,2,13.95,resident
2026-05-16,13:10,20260516-036,Matzo ball soup,Starter,2,8.95,resident
2026-05-16,13:10,20260516-036,Sticky toffee pudding,Dessert,2,6.50,resident
2026-05-16,13:10,20260516-036,Coffee,Drinks,2,3.00,resident
2026-05-16,12:10,20260516-037,Roast chicken,Main,2,14.50,resident
2026-05-16,12:10,20260516-037,Fruit crumble,Dessert,2,6.25,resident
2026-05-16,12:10,20260516-037,Glass of house wine,Drinks,2,5.50,resident
2026-05-16,12:10,20260516-037,Vegetable biryani,Main,2,11.95,resident
2026-05-16,12:10,20260516-037,Soup of the day,Starter,2,7.95,resident
2026-05-16,12:10,20260516-037,Coffee,Drinks,2,3.00,resident
2026-05-16,12:35,20260516-038,Fish pie,Main,2,13.95,resident
2026-05-16,12:35,20260516-038,Coffee,Drinks,2,3.00,resident
2026-05-16,12:35,20260516-038,Roast chicken,Main,2,14.50,resident
2026-05-16,12:35,20260516-038,Pot of tea,Drinks,2,3.25,resident
2026-05-18,12:25,20260518-001,Roast chicken,Main,4,14.50,resident
2026-05-18,12:25,20260518-001,Fruit crumble,Dessert,4,6.25,resident
2026-05-18,12:25,20260518-001,Pot of tea,Drinks,4,3.25,resident
2026-05-18,12:25,20260518-001,Paneer & spinach curry,Main,4,12.50,resident
2026-05-18,12:25,20260518-001,Soup of the day,Starter,4,7.95,resident
2026-05-18,12:25,20260518-001,Pot of tea,Drinks,4,3.25,resident
2026-05-18,12:25,20260518-001,Shepherd's pie,Main,4,12.95,resident
2026-05-18,12:25,20260518-001,Matzo ball soup,Starter,4,8.95,resident
2026-05-18,12:25,20260518-001,Pot of tea,Drinks,4,3.25,resident
2026-05-18,12:25,20260518-001,Shepherd's pie,Main,4,12.95,resident
2026-05-18,12:25,20260518-001,Fruit crumble,Dessert,4,6.25,resident
2026-05-18,12:25,20260518-001,Coffee,Drinks,4,3.00,resident
2026-05-18,12:10,20260518-002,Roast chicken,Main,2,14.50,resident
2026-05-18,12:10,20260518-002,Matzo ball soup,Starter,2,8.95,resident
2026-05-18,12:10,20260518-002,Pot of tea,Drinks,2,3.25,resident
2026-05-18,12:10,20260518-002,Roast chicken,Main,2,14.50,resident
2026-05-18,12:10,20260518-002,Pot of tea,Drinks,2,3.25,resident
2026-05-18,13:51,20260518-003,Vegetable biryani,Main,3,11.95,resident
2026-05-18,13:51,20260518-003,Glass of house wine,Drinks,3,5.50,resident
2026-05-18,13:51,20260518-003,Fish pie,Main,3,13.95,resident
2026-05-18,13:51,20260518-003,Matzo ball soup,Starter,3,8.95,resident
2026-05-18,13:51,20260518-003,Glass of house wine,Drinks,3,5.50,resident
2026-05-18,13:51,20260518-003,Fish pie,Main,3,13.95,resident
2026-05-18,13:51,20260518-003,Glass of house wine,Drinks,3,5.50,resident
2026-05-18,12:29,20260518-004,Roast chicken,Main,2,14.50,resident
2026-05-18,12:29,20260518-004,Paneer & spinach curry,Main,2,12.50,resident
2026-05-18,12:29,20260518-004,Pot of tea,Drinks,2,3.25,resident
2026-05-18,12:11,20260518-005,Vegetable biryani,Main,3,11.95,resident
2026-05-18,12:11,20260518-005,Soup of the day,Starter,3,7.95,resident
2026-05-18,12:11,20260518-005,Pot of tea,Drinks,3,3.25,resident
2026-05-18,12:11,20260518-005,Grilled salmon,Main,3,15.00,resident
2026-05-18,12:11,20260518-005,Soup of the day,Starter,3,7.95,resident
2026-05-18,12:11,20260518-005,Coffee,Drinks,3,3.00,resident
2026-05-18,12:11,20260518-005,Shepherd's pie,Main,3,12.95,resident
2026-05-18,12:11,20260518-005,Matzo ball soup,Starter,3,8.95,resident
2026-05-18,12:11,20260518-005,Pot of tea,Drinks,3,3.25,resident
2026-05-18,13:41,20260518-006,Shepherd's pie,Main,2,12.95,external
2026-05-18,13:41,20260518-006,Matzo ball soup,Starter,2,8.95,external
2026-05-18,13:41,20260518-006,Sticky toffee pudding,Dessert,2,6.50,external
2026-05-18,13:41,20260518-006,Coffee,Drinks,2,3.00,external
2026-05-18,13:41,20260518-006,Shepherd's pie,Main,2,12.95,external
2026-05-18,13:41,20260518-006,Soup of the day,Starter,2,7.95,external
2026-05-18,13:41,20260518-006,Fruit crumble,Dessert,2,6.25,external
2026-05-18,13:41,20260518-007,Paneer & spinach curry,Main,3,12.50,resident
2026-05-18,13:41,20260518-007,Soup of the day,Starter,3,7.95,resident
2026-05-18,13:41,20260518-007,Sticky toffee pudding,Dessert,3,6.50,resident
2026-05-18,13:41,20260518-007,Coffee,Drinks,3,3.00,resident
2026-05-18,13:41,20260518-007,Fish pie,Main,3,13.95,resident
2026-05-18,13:41,20260518-007,Glass of house wine,Drinks,3,5.50,resident
2026-05-18,13:41,20260518-007,Roast chicken,Main,3,14.50,resident
2026-05-18,13:41,20260518-007,Sticky toffee pudding,Dessert,3,6.50,resident
2026-05-18,13:41,20260518-007,Pot of tea,Drinks,3,3.25,resident
2026-05-18,12:17,20260518-008,Vegetable biryani,Main,1,11.95,resident
2026-05-18,12:17,20260518-008,Matzo ball soup,Starter,1,8.95,resident
2026-05-18,12:17,20260518-008,Coffee,Drinks,1,3.00,resident
2026-05-18,12:48,20260518-009,Grilled salmon,Main,2,15.00,resident
2026-05-18,12:48,20260518-009,Matzo ball soup,Starter,2,8.95,resident
2026-05-18,12:48,20260518-009,Coffee,Drinks,2,3.00,resident
2026-05-18,12:48,20260518-009,Fish pie,Main,2,13.95,resident
2026-05-18,12:48,20260518-009,Matzo ball soup,Starter,2,8.95,resident
2026-05-18,12:48,20260518-009,Pot of tea,Drinks,2,3.25,resident
2026-05-18,14:09,20260518-010,Fish pie,Main,4,13.95,resident
2026-05-18,14:09,20260518-010,Fruit crumble,Dessert,4,6.25,resident
2026-05-18,14:09,20260518-010,Pot of tea,Drinks,4,3.25,resident
2026-05-18,14:09,20260518-010,Fish pie,Main,4,13.95,resident
2026-05-18,14:09,20260518-010,Sticky toffee pudding,Dessert,4,6.50,resident
2026-05-18,14:09,20260518-010,Coffee,Drinks,4,3.00,resident
2026-05-18,14:09,20260518-010,Roast chicken,Main,4,14.50,resident
2026-05-18,14:09,20260518-010,Matzo ball soup,Starter,4,8.95,resident
2026-05-18,14:09,20260518-010,Pot of tea,Drinks,4,3.25,resident
2026-05-18,14:09,20260518-010,Fish pie,Main,4,13.95,resident
2026-05-18,14:09,20260518-010,Sticky toffee pudding,Dessert,4,6.50,resident
2026-05-18,14:09,20260518-010,Glass of house wine,Drinks,4,5.50,resident
2026-05-18,13:37,20260518-011,Roast chicken,Main,2,14.50,external
2026-05-18,13:37,20260518-011,Glass of house wine,Drinks,2,5.50,external
2026-05-18,13:37,20260518-011,Grilled salmon,Main,2,15.00,external
2026-05-18,13:37,20260518-011,Matzo ball soup,Starter,2,8.95,external
2026-05-18,13:37,20260518-011,Fruit crumble,Dessert,2,6.25,external
2026-05-18,13:12,20260518-012,Shepherd's pie,Main,2,12.95,resident
2026-05-18,13:12,20260518-012,Matzo ball soup,Starter,2,8.95,resident
2026-05-18,13:12,20260518-012,Pot of tea,Drinks,2,3.25,resident
2026-05-18,13:12,20260518-012,Grilled salmon,Main,2,15.00,resident
2026-05-18,13:12,20260518-012,Pot of tea,Drinks,2,3.25,resident
2026-05-18,12:36,20260518-013,Grilled salmon,Main,2,15.00,resident
2026-05-18,12:36,20260518-013,Soup of the day,Starter,2,7.95,resident
2026-05-18,12:36,20260518-013,Pot of tea,Drinks,2,3.25,resident
2026-05-18,12:36,20260518-013,Roast chicken,Main,2,14.50,resident
2026-05-18,12:36,20260518-013,Soup of the day,Starter,2,7.95,resident
2026-05-18,12:36,20260518-013,Fruit crumble,Dessert,2,6.25,resident
2026-05-18,12:36,20260518-013,Coffee,Drinks,2,3.00,resident
2026-05-19,18:41,20260519-001,Shepherd's pie,Main,3,12.95,resident
2026-05-19,18:41,20260519-001,Pot of tea,Drinks,3,3.25,resident
2026-05-19,18:41,20260519-001,Fish pie,Main,3,13.95,resident
2026-05-19,18:41,20260519-001,Soup of the day,Starter,3,7.95,resident
2026-05-19,18:41,20260519-001,Fruit crumble,Dessert,3,6.25,resident
2026-05-19,18:41,20260519-001,Coffee,Drinks,3,3.00,resident
2026-05-19,18:41,20260519-001,Vegetable biryani,Main,3,11.95,resident
2026-05-19,18:41,20260519-001,Matzo ball soup,Starter,3,8.95,resident
2026-05-19,18:41,20260519-001,Sticky toffee pudding,Dessert,3,6.50,resident
2026-05-19,18:41,20260519-001,Coffee,Drinks,3,3.00,resident
2026-05-19,15:46,20260519-002,Fish pie,Main,2,13.95,external
2026-05-19,15:46,20260519-002,Matzo ball soup,Starter,2,8.95,external
2026-05-19,15:46,20260519-002,Sticky toffee pudding,Dessert,2,6.50,external
2026-05-19,15:46,20260519-002,Pot of tea,Drinks,2,3.25,external
2026-05-19,15:46,20260519-002,Fish pie,Main,2,13.95,external
2026-05-19,15:46,20260519-002,Soup of the day,Starter,2,7.95,external
2026-05-19,15:46,20260519-002,Glass of house wine,Drinks,2,5.50,external
2026-05-19,14:41,20260519-003,Vegetable biryani,Main,4,11.95,resident
2026-05-19,14:41,20260519-003,Glass of house wine,Drinks,4,5.50,resident
2026-05-19,14:41,20260519-003,Roast chicken,Main,4,14.50,resident
2026-05-19,14:41,20260519-003,Matzo ball soup,Starter,4,8.95,resident
2026-05-19,14:41,20260519-003,Pot of tea,Drinks,4,3.25,resident
2026-05-19,14:41,20260519-003,Roast chicken,Main,4,14.50,resident
2026-05-19,14:41,20260519-003,Soup of the day,Starter,4,7.95,resident
2026-05-19,14:41,20260519-003,Sticky toffee pudding,Dessert,4,6.50,resident
2026-05-19,14:41,20260519-003,Paneer & spinach curry,Main,4,12.50,resident
2026-05-19,15:48,20260519-004,Grilled salmon,Main,2,15.00,resident
2026-05-19,15:48,20260519-004,Soup of the day,Starter,2,7.95,resident
2026-05-19,15:48,20260519-004,Sticky toffee pudding,Dessert,2,6.50,resident
2026-05-19,15:48,20260519-004,Fish pie,Main,2,13.95,resident
2026-05-19,15:48,20260519-004,Matzo ball soup,Starter,2,8.95,resident
2026-05-19,15:48,20260519-004,Glass of house wine,Drinks,2,5.50,resident
2026-05-19,16:00,20260519-005,Paneer & spinach curry,Main,2,12.50,resident
2026-05-19,16:00,20260519-005,Grilled salmon,Main,2,15.00,resident
2026-05-19,16:00,20260519-005,Glass of house wine,Drinks,2,5.50,resident
2026-05-19,16:02,20260519-006,Fish pie,Main,3,13.95,resident
2026-05-19,16:02,20260519-006,Paneer & spinach curry,Main,3,12.50,resident
2026-05-19,16:02,20260519-006,Coffee,Drinks,3,3.00,resident
2026-05-19,16:02,20260519-006,Shepherd's pie,Main,3,12.95,resident
2026-05-19,16:02,20260519-006,Coffee,Drinks,3,3.00,resident
2026-05-19,12:35,20260519-007,Vegetable biryani,Main,3,11.95,resident
2026-05-19,12:35,20260519-007,Soup of the day,Starter,3,7.95,resident
2026-05-19,12:35,20260519-007,Coffee,Drinks,3,3.00,resident
2026-05-19,12:35,20260519-007,Grilled salmon,Main,3,15.00,resident
2026-05-19,12:35,20260519-007,Soup of the day,Starter,3,7.95,resident
2026-05-19,12:35,20260519-007,Sticky toffee pudding,Dessert,3,6.50,resident
2026-05-19,12:35,20260519-007,Coffee,Drinks,3,3.00,resident
2026-05-19,12:35,20260519-007,Shepherd's pie,Main,3,12.95,resident
2026-05-19,12:35,20260519-007,Soup of the day,Starter,3,7.95,resident
2026-05-19,12:35,20260519-007,Glass of house wine,Drinks,3,5.50,resident
2026-05-19,16:26,20260519-008,Roast chicken,Main,2,14.50,resident
2026-05-19,16:26,20260519-008,Glass of house wine,Drinks,2,5.50,resident
2026-05-19,16:26,20260519-008,Paneer & spinach curry,Main,2,12.50,resident
2026-05-19,16:26,20260519-008,Soup of the day,Starter,2,7.95,resident
2026-05-19,16:26,20260519-008,Fruit crumble,Dessert,2,6.25,resident
2026-05-19,16:26,20260519-008,Coffee,Drinks,2,3.00,resident
2026-05-19,12:41,20260519-009,Roast chicken,Main,2,14.50,resident
2026-05-19,12:41,20260519-009,Matzo ball soup,Starter,2,8.95,resident
2026-05-19,12:41,20260519-009,Pot of tea,Drinks,2,3.25,resident
2026-05-19,12:41,20260519-009,Shepherd's pie,Main,2,12.95,resident
2026-05-19,12:41,20260519-009,Matzo ball soup,Starter,2,8.95,resident
2026-05-19,12:41,20260519-009,Pot of tea,Drinks,2,3.25,resident
2026-05-19,16:22,20260519-010,Shepherd's pie,Main,2,12.95,resident
2026-05-19,16:22,20260519-010,Soup of the day,Starter,2,7.95,resident
2026-05-19,16:22,20260519-010,Fruit crumble,Dessert,2,6.25,resident
2026-05-19,16:22,20260519-010,Pot of tea,Drinks,2,3.25,resident
2026-05-19,16:22,20260519-010,Shepherd's pie,Main,2,12.95,resident
2026-05-19,16:22,20260519-010,Matzo ball soup,Starter,2,8.95,resident
2026-05-19,17:41,20260519-011,Vegetable biryani,Main,1,11.95,resident
2026-05-19,17:41,20260519-011,Sticky toffee pudding,Dessert,1,6.50,resident
2026-05-19,17:41,20260519-011,Glass of house wine,Drinks,1,5.50,resident
2026-05-19,15:11,20260519-012,Vegetable biryani,Main,1,11.95,resident
2026-05-19,15:11,20260519-012,Glass of house wine,Drinks,1,5.50,resident
2026-05-19,18:53,20260519-013,Vegetable biryani,Main,1,11.95,resident
2026-05-19,18:53,20260519-013,Soup of the day,Starter,1,7.95,resident
2026-05-19,18:53,20260519-013,Coffee,Drinks,1,3.00,resident
2026-05-19,12:28,20260519-014,Fish pie,Main,2,13.95,resident
2026-05-19,12:28,20260519-014,Coffee,Drinks,2,3.00,resident
2026-05-19,12:28,20260519-014,Roast chicken,Main,2,14.50,resident
2026-05-19,12:28,20260519-014,Matzo ball soup,Starter,2,8.95,resident
2026-05-19,12:28,20260519-014,Sticky toffee pudding,Dessert,2,6.50,resident
2026-05-19,12:28,20260519-014,Pot of tea,Drinks,2,3.25,resident
2026-05-19,18:58,20260519-015,Shepherd's pie,Main,1,12.95,resident
2026-05-19,18:58,20260519-015,Fruit crumble,Dessert,1,6.25,resident
2026-05-19,18:58,20260519-015,Pot of tea,Drinks,1,3.25,resident
2026-05-19,15:46,20260519-016,Roast chicken,Main,3,14.50,resident
2026-05-19,15:46,20260519-016,Matzo ball soup,Starter,3,8.95,resident
2026-05-19,15:46,20260519-016,Sticky toffee pudding,Dessert,3,6.50,resident
2026-05-19,15:46,20260519-016,Coffee,Drinks,3,3.00,resident
2026-05-19,15:46,20260519-016,Roast chicken,Main,3,14.50,resident
2026-05-19,15:46,20260519-016,Soup of the day,Starter,3,7.95,resident
2026-05-19,15:46,20260519-016,Pot of tea,Drinks,3,3.25,resident
2026-05-19,15:46,20260519-016,Vegetable biryani,Main,3,11.95,resident
2026-05-19,15:46,20260519-016,Soup of the day,Starter,3,7.95,resident
2026-05-19,15:46,20260519-016,Pot of tea,Drinks,3,3.25,resident
2026-05-19,18:16,20260519-017,Roast chicken,Main,3,14.50,resident
2026-05-19,18:16,20260519-017,Coffee,Drinks,3,3.00,resident
2026-05-19,18:16,20260519-017,Roast chicken,Main,3,14.50,resident
2026-05-19,18:16,20260519-017,Soup of the day,Starter,3,7.95,resident
2026-05-19,18:16,20260519-017,Sticky toffee pudding,Dessert,3,6.50,resident
2026-05-19,18:16,20260519-017,Coffee,Drinks,3,3.00,resident
2026-05-19,18:16,20260519-017,Roast chicken,Main,3,14.50,resident
2026-05-19,18:16,20260519-017,Coffee,Drinks,3,3.00,resident
2026-05-19,14:43,20260519-018,Paneer & spinach curry,Main,2,12.50,resident
2026-05-19,14:43,20260519-018,Vegetable biryani,Main,2,11.95,resident
2026-05-19,14:43,20260519-018,Soup of the day,Starter,2,7.95,resident
2026-05-19,14:43,20260519-018,Pot of tea,Drinks,2,3.25,resident
2026-05-19,18:30,20260519-019,Vegetable biryani,Main,2,11.95,resident
2026-05-19,18:30,20260519-019,Sticky toffee pudding,Dessert,2,6.50,resident
2026-05-19,18:30,20260519-019,Pot of tea,Drinks,2,3.25,resident
2026-05-19,18:30,20260519-019,Shepherd's pie,Main,2,12.95,resident
2026-05-19,18:30,20260519-019,Fruit crumble,Dessert,2,6.25,resident
2026-05-19,18:30,20260519-019,Coffee,Drinks,2,3.00,resident
2026-05-19,13:12,20260519-020,Shepherd's pie,Main,2,12.95,resident
2026-05-19,13:12,20260519-020,Matzo ball soup,Starter,2,8.95,resident
2026-05-19,13:12,20260519-020,Pot of tea,Drinks,2,3.25,resident
2026-05-19,13:12,20260519-020,Grilled salmon,Main,2,15.00,resident
2026-05-19,13:12,20260519-020,Soup of the day,Starter,2,7.95,resident
2026-05-19,13:12,20260519-020,Sticky toffee pudding,Dessert,2,6.50,resident
2026-05-19,13:12,20260519-020,Coffee,Drinks,2,3.00,resident
2026-05-19,12:08,20260519-021,Fish pie,Main,2,13.95,resident
2026-05-19,12:08,20260519-021,Matzo ball soup,Starter,2,8.95,resident
2026-05-19,12:08,20260519-021,Fruit crumble,Dessert,2,6.25,resident
2026-05-19,12:08,20260519-021,Coffee,Drinks,2,3.00,resident
2026-05-19,12:08,20260519-021,Vegetable biryani,Main,2,11.95,resident
2026-05-19,12:08,20260519-021,Matzo ball soup,Starter,2,8.95,resident
2026-05-19,12:08,20260519-021,Pot of tea,Drinks,2,3.25,resident
2026-05-19,13:21,20260519-022,Grilled salmon,Main,4,15.00,resident
2026-05-19,13:21,20260519-022,Matzo ball soup,Starter,4,8.95,resident
2026-05-19,13:21,20260519-022,Fruit crumble,Dessert,4,6.25,resident
2026-05-19,13:21,20260519-022,Pot of tea,Drinks,4,3.25,resident
2026-05-19,13:21,20260519-022,Fish pie,Main,4,13.95,resident
2026-05-19,13:21,20260519-022,Soup of the day,Starter,4,7.95,resident
2026-05-19,13:21,20260519-022,Glass of house wine,Drinks,4,5.50,resident
2026-05-19,13:21,20260519-022,Paneer & spinach curry,Main,4,12.50,resident
2026-05-19,13:21,20260519-022,Fruit crumble,Dessert,4,6.25,resident
2026-05-19,13:21,20260519-022,Pot of tea,Drinks,4,3.25,resident
2026-05-19,13:21,20260519-022,Roast chicken,Main,4,14.50,resident
2026-05-19,13:21,20260519-022,Pot of tea,Drinks,4,3.25,resident
2026-05-19,13:05,20260519-023,Shepherd's pie,Main,2,12.95,resident
2026-05-19,13:05,20260519-023,Soup of the day,Starter,2,7.95,resident
2026-05-19,13:05,20260519-023,Coffee,Drinks,2,3.00,resident
2026-05-19,13:05,20260519-023,Grilled salmon,Main,2,15.00,resident
2026-05-19,13:05,20260519-023,Soup of the day,Starter,2,7.95,resident
2026-05-19,14:23,20260519-024,Vegetable biryani,Main,2,11.95,resident
2026-05-19,14:23,20260519-024,Paneer & spinach curry,Main,2,12.50,resident
2026-05-19,17:12,20260519-025,Fish pie,Main,3,13.95,resident
2026-05-19,17:12,20260519-025,Pot of tea,Drinks,3,3.25,resident
2026-05-19,17:12,20260519-025,Roast chicken,Main,3,14.50,resident
2026-05-19,17:12,20260519-025,Matzo ball soup,Starter,3,8.95,resident
2026-05-19,17:12,20260519-025,Pot of tea,Drinks,3,3.25,resident
2026-05-19,17:12,20260519-025,Vegetable biryani,Main,3,11.95,resident
2026-05-19,17:12,20260519-025,Glass of house wine,Drinks,3,5.50,resident
2026-05-19,13:38,20260519-026,Paneer & spinach curry,Main,2,12.50,resident
2026-05-19,13:38,20260519-026,Pot of tea,Drinks,2,3.25,resident
2026-05-19,13:38,20260519-026,Fish pie,Main,2,13.95,resident
2026-05-19,13:38,20260519-026,Fruit crumble,Dessert,2,6.25,resident
2026-05-19,13:38,20260519-026,Coffee,Drinks,2,3.00,resident
2026-05-20,14:25,20260520-001,Fish pie,Main,2,13.95,resident
2026-05-20,14:25,20260520-001,Matzo ball soup,Starter,2,8.95,resident
2026-05-20,14:25,20260520-001,Fruit crumble,Dessert,2,6.25,resident
2026-05-20,14:25,20260520-001,Pot of tea,Drinks,2,3.25,resident
2026-05-20,14:25,20260520-001,Paneer & spinach curry,Main,2,12.50,resident
2026-05-20,14:25,20260520-001,Pot of tea,Drinks,2,3.25,resident
2026-05-20,13:31,20260520-002,Roast chicken,Main,2,14.50,resident
2026-05-20,13:31,20260520-002,Sticky toffee pudding,Dessert,2,6.50,resident
2026-05-20,13:31,20260520-002,Glass of house wine,Drinks,2,5.50,resident
2026-05-20,13:31,20260520-002,Grilled salmon,Main,2,15.00,resident
2026-05-20,12:52,20260520-003,Grilled salmon,Main,1,15.00,resident
2026-05-20,12:52,20260520-003,Soup of the day,Starter,1,7.95,resident
2026-05-20,12:52,20260520-003,Pot of tea,Drinks,1,3.25,resident
2026-05-20,16:12,20260520-004,Roast chicken,Main,3,14.50,resident
2026-05-20,16:12,20260520-004,Glass of house wine,Drinks,3,5.50,resident
2026-05-20,16:12,20260520-004,Roast chicken,Main,3,14.50,resident
2026-05-20,16:12,20260520-004,Coffee,Drinks,3,3.00,resident
2026-05-20,16:12,20260520-004,Paneer & spinach curry,Main,3,12.50,resident
2026-05-20,16:12,20260520-004,Matzo ball soup,Starter,3,8.95,resident
2026-05-20,16:12,20260520-004,Glass of house wine,Drinks,3,5.50,resident
2026-05-20,13:55,20260520-005,Roast chicken,Main,3,14.50,resident
2026-05-20,13:55,20260520-005,Matzo ball soup,Starter,3,8.95,resident
2026-05-20,13:55,20260520-005,Fish pie,Main,3,13.95,resident
2026-05-20,13:55,20260520-005,Fruit crumble,Dessert,3,6.25,resident
2026-05-20,13:55,20260520-005,Coffee,Drinks,3,3.00,resident
2026-05-20,13:55,20260520-005,Shepherd's pie,Main,3,12.95,resident
2026-05-20,13:55,20260520-005,Soup of the day,Starter,3,7.95,resident
2026-05-20,13:55,20260520-005,Pot of tea,Drinks,3,3.25,resident
2026-05-20,16:58,20260520-006,Paneer & spinach curry,Main,2,12.50,resident
2026-05-20,16:58,20260520-006,Coffee,Drinks,2,3.00,resident
2026-05-20,16:58,20260520-006,Fish pie,Main,2,13.95,resident
2026-05-20,16:58,20260520-006,Matzo ball soup,Starter,2,8.95,resident
2026-05-20,14:24,20260520-007,Paneer & spinach curry,Main,3,12.50,resident
2026-05-20,14:24,20260520-007,Sticky toffee pudding,Dessert,3,6.50,resident
2026-05-20,14:24,20260520-007,Glass of house wine,Drinks,3,5.50,resident
2026-05-20,14:24,20260520-007,Fish pie,Main,3,13.95,resident
2026-05-20,14:24,20260520-007,Soup of the day,Starter,3,7.95,resident
2026-05-20,14:24,20260520-007,Pot of tea,Drinks,3,3.25,resident
2026-05-20,14:24,20260520-007,Shepherd's pie,Main,3,12.95,resident
2026-05-20,14:24,20260520-007,Pot of tea,Drinks,3,3.25,resident
2026-05-20,12:21,20260520-008,Roast chicken,Main,1,14.50,resident
2026-05-20,12:21,20260520-008,Pot of tea,Drinks,1,3.25,resident
2026-05-20,17:53,20260520-009,Vegetable biryani,Main,3,11.95,resident
2026-05-20,17:53,20260520-009,Pot of tea,Drinks,3,3.25,resident
2026-05-20,17:53,20260520-009,Vegetable biryani,Main,3,11.95,resident
2026-05-20,17:53,20260520-009,Glass of house wine,Drinks,3,5.50,resident
2026-05-20,17:53,20260520-009,Roast chicken,Main,3,14.50,resident
2026-05-20,17:53,20260520-009,Matzo ball soup,Starter,3,8.95,resident
2026-05-20,17:53,20260520-009,Coffee,Drinks,3,3.00,resident
2026-05-20,14:47,20260520-010,Shepherd's pie,Main,2,12.95,resident
2026-05-20,14:47,20260520-010,Fruit crumble,Dessert,2,6.25,resident
2026-05-20,14:47,20260520-010,Pot of tea,Drinks,2,3.25,resident
2026-05-20,14:47,20260520-010,Grilled salmon,Main,2,15.00,resident
2026-05-20,14:47,20260520-010,Sticky toffee pudding,Dessert,2,6.50,resident
2026-05-20,14:47,20260520-010,Coffee,Drinks,2,3.00,resident
2026-05-20,12:05,20260520-011,Roast chicken,Main,2,14.50,resident
2026-05-20,12:05,20260520-011,Soup of the day,Starter,2,7.95,resident
2026-05-20,12:05,20260520-011,Roast chicken,Main,2,14.50,resident
2026-05-20,12:05,20260520-011,Matzo ball soup,Starter,2,8.95,resident
2026-05-20,15:10,20260520-012,Shepherd's pie,Main,3,12.95,resident
2026-05-20,15:10,20260520-012,Sticky toffee pudding,Dessert,3,6.50,resident
2026-05-20,15:10,20260520-012,Pot of tea,Drinks,3,3.25,resident
2026-05-20,15:10,20260520-012,Paneer & spinach curry,Main,3,12.50,resident
2026-05-20,15:10,20260520-012,Fish pie,Main,3,13.95,resident
2026-05-20,15:10,20260520-012,Matzo ball soup,Starter,3,8.95,resident
2026-05-20,12:57,20260520-013,Fish pie,Main,1,13.95,resident
2026-05-20,12:57,20260520-013,Glass of house wine,Drinks,1,5.50,resident
2026-05-20,16:48,20260520-014,Grilled salmon,Main,1,15.00,resident
2026-05-20,16:48,20260520-014,Fruit crumble,Dessert,1,6.25,resident
2026-05-20,16:48,20260520-014,Glass of house wine,Drinks,1,5.50,resident
2026-05-20,15:58,20260520-015,Roast chicken,Main,2,14.50,resident
2026-05-20,15:58,20260520-015,Sticky toffee pudding,Dessert,2,6.50,resident
2026-05-20,15:58,20260520-015,Paneer & spinach curry,Main,2,12.50,resident
2026-05-20,15:58,20260520-015,Glass of house wine,Drinks,2,5.50,resident
2026-05-20,13:36,20260520-016,Shepherd's pie,Main,2,12.95,resident
2026-05-20,13:36,20260520-016,Pot of tea,Drinks,2,3.25,resident
2026-05-20,13:36,20260520-016,Shepherd's pie,Main,2,12.95,resident
2026-05-20,13:36,20260520-016,Coffee,Drinks,2,3.00,resident
2026-05-20,14:26,20260520-017,Vegetable biryani,Main,3,11.95,resident
2026-05-20,14:26,20260520-017,Soup of the day,Starter,3,7.95,resident
2026-05-20,14:26,20260520-017,Coffee,Drinks,3,3.00,resident
2026-05-20,14:26,20260520-017,Grilled salmon,Main,3,15.00,resident
2026-05-20,14:26,20260520-017,Fruit crumble,Dessert,3,6.25,resident
2026-05-20,14:26,20260520-017,Pot of tea,Drinks,3,3.25,resident
2026-05-20,14:26,20260520-017,Paneer & spinach curry,Main,3,12.50,resident
2026-05-20,14:26,20260520-017,Fruit crumble,Dessert,3,6.25,resident
2026-05-20,14:26,20260520-017,Coffee,Drinks,3,3.00,resident
2026-05-20,17:45,20260520-018,Paneer & spinach curry,Main,3,12.50,resident
2026-05-20,17:45,20260520-018,Fruit crumble,Dessert,3,6.25,resident
2026-05-20,17:45,20260520-018,Pot of tea,Drinks,3,3.25,resident
2026-05-20,17:45,20260520-018,Paneer & spinach curry,Main,3,12.50,resident
2026-05-20,17:45,20260520-018,Coffee,Drinks,3,3.00,resident
2026-05-20,17:45,20260520-018,Roast chicken,Main,3,14.50,resident
2026-05-20,17:45,20260520-018,Matzo ball soup,Starter,3,8.95,resident
2026-05-20,17:45,20260520-018,Coffee,Drinks,3,3.00,resident
2026-05-20,18:48,20260520-019,Fish pie,Main,1,13.95,resident
2026-05-20,18:48,20260520-019,Coffee,Drinks,1,3.00,resident
2026-05-20,16:38,20260520-020,Roast chicken,Main,4,14.50,external
2026-05-20,16:38,20260520-020,Sticky toffee pudding,Dessert,4,6.50,external
2026-05-20,16:38,20260520-020,Coffee,Drinks,4,3.00,external
2026-05-20,16:38,20260520-020,Paneer & spinach curry,Main,4,12.50,external
2026-05-20,16:38,20260520-020,Fruit crumble,Dessert,4,6.25,external
2026-05-20,16:38,20260520-020,Pot of tea,Drinks,4,3.25,external
2026-05-20,16:38,20260520-020,Grilled salmon,Main,4,15.00,external
2026-05-20,16:38,20260520-020,Fruit crumble,Dessert,4,6.25,external
2026-05-20,16:38,20260520-020,Coffee,Drinks,4,3.00,external
2026-05-20,16:38,20260520-020,Roast chicken,Main,4,14.50,external
2026-05-20,16:38,20260520-020,Soup of the day,Starter,4,7.95,external
2026-05-20,16:38,20260520-020,Sticky toffee pudding,Dessert,4,6.50,external
2026-05-20,16:38,20260520-020,Coffee,Drinks,4,3.00,external
2026-05-20,18:49,20260520-021,Fish pie,Main,4,13.95,resident
2026-05-20,18:49,20260520-021,Coffee,Drinks,4,3.00,resident
2026-05-20,18:49,20260520-021,Paneer & spinach curry,Main,4,12.50,resident
2026-05-20,18:49,20260520-021,Coffee,Drinks,4,3.00,resident
2026-05-20,18:49,20260520-021,Roast chicken,Main,4,14.50,resident
2026-05-20,18:49,20260520-021,Soup of the day,Starter,4,7.95,resident
2026-05-20,18:49,20260520-021,Sticky toffee pudding,Dessert,4,6.50,resident
2026-05-20,18:49,20260520-021,Coffee,Drinks,4,3.00,resident
2026-05-20,18:49,20260520-021,Roast chicken,Main,4,14.50,resident
2026-05-20,18:49,20260520-021,Matzo ball soup,Starter,4,8.95,resident
2026-05-20,18:49,20260520-021,Pot of tea,Drinks,4,3.25,resident
2026-05-20,14:33,20260520-022,Paneer & spinach curry,Main,2,12.50,resident
2026-05-20,14:33,20260520-022,Soup of the day,Starter,2,7.95,resident
2026-05-20,14:33,20260520-022,Grilled salmon,Main,2,15.00,resident
2026-05-20,14:33,20260520-022,Fruit crumble,Dessert,2,6.25,resident
2026-05-20,14:59,20260520-023,Grilled salmon,Main,2,15.00,external
2026-05-20,14:59,20260520-023,Coffee,Drinks,2,3.00,external
2026-05-20,14:59,20260520-023,Shepherd's pie,Main,2,12.95,external
2026-05-20,14:59,20260520-023,Coffee,Drinks,2,3.00,external
2026-05-21,18:50,20260521-001,Grilled salmon,Main,2,15.00,resident
2026-05-21,18:50,20260521-001,Sticky toffee pudding,Dessert,2,6.50,resident
2026-05-21,18:50,20260521-001,Pot of tea,Drinks,2,3.25,resident
2026-05-21,18:50,20260521-001,Shepherd's pie,Main,2,12.95,resident
2026-05-21,18:50,20260521-001,Matzo ball soup,Starter,2,8.95,resident
2026-05-21,18:50,20260521-001,Fruit crumble,Dessert,2,6.25,resident
2026-05-21,18:50,20260521-001,Coffee,Drinks,2,3.00,resident
2026-05-21,12:39,20260521-002,Shepherd's pie,Main,4,12.95,resident
2026-05-21,12:39,20260521-002,Soup of the day,Starter,4,7.95,resident
2026-05-21,12:39,20260521-002,Coffee,Drinks,4,3.00,resident
2026-05-21,12:39,20260521-002,Shepherd's pie,Main,4,12.95,resident
2026-05-21,12:39,20260521-002,Matzo ball soup,Starter,4,8.95,resident
2026-05-21,12:39,20260521-002,Fruit crumble,Dessert,4,6.25,resident
2026-05-21,12:39,20260521-002,Pot of tea,Drinks,4,3.25,resident
2026-05-21,12:39,20260521-002,Grilled salmon,Main,4,15.00,resident
2026-05-21,12:39,20260521-002,Sticky toffee pudding,Dessert,4,6.50,resident
2026-05-21,12:39,20260521-002,Coffee,Drinks,4,3.00,resident
2026-05-21,12:39,20260521-002,Vegetable biryani,Main,4,11.95,resident
2026-05-21,12:39,20260521-002,Coffee,Drinks,4,3.00,resident
2026-05-21,16:28,20260521-003,Paneer & spinach curry,Main,1,12.50,resident
2026-05-21,16:28,20260521-003,Fruit crumble,Dessert,1,6.25,resident
2026-05-21,16:28,20260521-003,Pot of tea,Drinks,1,3.25,resident
2026-05-21,12:34,20260521-004,Paneer & spinach curry,Main,3,12.50,resident
2026-05-21,12:34,20260521-004,Pot of tea,Drinks,3,3.25,resident
2026-05-21,12:34,20260521-004,Fish pie,Main,3,13.95,resident
2026-05-21,12:34,20260521-004,Glass of house wine,Drinks,3,5.50,resident
2026-05-21,12:34,20260521-004,Vegetable biryani,Main,3,11.95,resident
2026-05-21,12:34,20260521-004,Matzo ball soup,Starter,3,8.95,resident
2026-05-21,14:14,20260521-005,Grilled salmon,Main,2,15.00,resident
2026-05-21,14:14,20260521-005,Soup of the day,Starter,2,7.95,resident
2026-05-21,14:14,20260521-005,Sticky toffee pudding,Dessert,2,6.50,resident
2026-05-21,14:14,20260521-005,Glass of house wine,Drinks,2,5.50,resident
2026-05-21,14:14,20260521-005,Fish pie,Main,2,13.95,resident
2026-05-21,14:14,20260521-005,Pot of tea,Drinks,2,3.25,resident
2026-05-21,16:28,20260521-006,Vegetable biryani,Main,1,11.95,resident
2026-05-21,16:28,20260521-006,Sticky toffee pudding,Dessert,1,6.50,resident
2026-05-21,16:28,20260521-006,Glass of house wine,Drinks,1,5.50,resident
2026-05-21,13:49,20260521-007,Shepherd's pie,Main,2,12.95,resident
2026-05-21,13:49,20260521-007,Sticky toffee pudding,Dessert,2,6.50,resident
2026-05-21,13:49,20260521-007,Pot of tea,Drinks,2,3.25,resident
2026-05-21,13:49,20260521-007,Vegetable biryani,Main,2,11.95,resident
2026-05-21,13:49,20260521-007,Sticky toffee pudding,Dessert,2,6.50,resident
2026-05-21,13:49,20260521-007,Glass of house wine,Drinks,2,5.50,resident
2026-05-21,16:04,20260521-008,Roast chicken,Main,3,14.50,resident
2026-05-21,16:04,20260521-008,Fruit crumble,Dessert,3,6.25,resident
2026-05-21,16:04,20260521-008,Pot of tea,Drinks,3,3.25,resident
2026-05-21,16:04,20260521-008,Fish pie,Main,3,13.95,resident
2026-05-21,16:04,20260521-008,Glass of house wine,Drinks,3,5.50,resident
2026-05-21,16:04,20260521-008,Paneer & spinach curry,Main,3,12.50,resident
2026-05-21,16:04,20260521-008,Fruit crumble,Dessert,3,6.25,resident
2026-05-21,16:04,20260521-008,Pot of tea,Drinks,3,3.25,resident
2026-05-21,18:23,20260521-009,Shepherd's pie,Main,3,12.95,resident
2026-05-21,18:23,20260521-009,Pot of tea,Drinks,3,3.25,resident
2026-05-21,18:23,20260521-009,Grilled salmon,Main,3,15.00,resident
2026-05-21,18:23,20260521-009,Soup of the day,Starter,3,7.95,resident
2026-05-21,18:23,20260521-009,Pot of tea,Drinks,3,3.25,resident
2026-05-21,18:23,20260521-009,Shepherd's pie,Main,3,12.95,resident
2026-05-21,18:23,20260521-009,Matzo ball soup,Starter,3,8.95,resident
2026-05-21,18:23,20260521-009,Coffee,Drinks,3,3.00,resident
2026-05-21,14:22,20260521-010,Shepherd's pie,Main,1,12.95,resident
2026-05-21,14:22,20260521-010,Coffee,Drinks,1,3.00,resident
2026-05-21,14:37,20260521-011,Shepherd's pie,Main,2,12.95,resident
2026-05-21,14:37,20260521-011,Coffee,Drinks,2,3.00,resident
2026-05-21,14:37,20260521-011,Grilled salmon,Main,2,15.00,resident
2026-05-21,14:37,20260521-011,Coffee,Drinks,2,3.00,resident
2026-05-21,14:52,20260521-012,Shepherd's pie,Main,1,12.95,resident
2026-05-21,14:52,20260521-012,Glass of house wine,Drinks,1,5.50,resident
2026-05-21,14:18,20260521-013,Vegetable biryani,Main,2,11.95,resident
2026-05-21,14:18,20260521-013,Fruit crumble,Dessert,2,6.25,resident
2026-05-21,14:18,20260521-013,Vegetable biryani,Main,2,11.95,resident
2026-05-21,14:18,20260521-013,Soup of the day,Starter,2,7.95,resident
2026-05-21,14:18,20260521-013,Fruit crumble,Dessert,2,6.25,resident
2026-05-21,14:18,20260521-013,Pot of tea,Drinks,2,3.25,resident
2026-05-21,15:37,20260521-014,Fish pie,Main,2,13.95,resident
2026-05-21,15:37,20260521-014,Coffee,Drinks,2,3.00,resident
2026-05-21,15:37,20260521-014,Paneer & spinach curry,Main,2,12.50,resident
2026-05-21,15:37,20260521-014,Soup of the day,Starter,2,7.95,resident
2026-05-21,15:37,20260521-014,Glass of house wine,Drinks,2,5.50,resident
2026-05-21,16:26,20260521-015,Grilled salmon,Main,2,15.00,resident
2026-05-21,16:26,20260521-015,Sticky toffee pudding,Dessert,2,6.50,resident
2026-05-21,16:26,20260521-015,Coffee,Drinks,2,3.00,resident
2026-05-21,16:26,20260521-015,Paneer & spinach curry,Main,2,12.50,resident
2026-05-21,16:26,20260521-015,Soup of the day,Starter,2,7.95,resident
2026-05-21,16:26,20260521-015,Coffee,Drinks,2,3.00,resident
2026-05-21,15:55,20260521-016,Fish pie,Main,4,13.95,resident
2026-05-21,15:55,20260521-016,Matzo ball soup,Starter,4,8.95,resident
2026-05-21,15:55,20260521-016,Fruit crumble,Dessert,4,6.25,resident
2026-05-21,15:55,20260521-016,Coffee,Drinks,4,3.00,resident
2026-05-21,15:55,20260521-016,Roast chicken,Main,4,14.50,resident
2026-05-21,15:55,20260521-016,Soup of the day,Starter,4,7.95,resident
2026-05-21,15:55,20260521-016,Coffee,Drinks,4,3.00,resident
2026-05-21,15:55,20260521-016,Vegetable biryani,Main,4,11.95,resident
2026-05-21,15:55,20260521-016,Glass of house wine,Drinks,4,5.50,resident
2026-05-21,15:55,20260521-016,Shepherd's pie,Main,4,12.95,resident
2026-05-21,15:55,20260521-016,Pot of tea,Drinks,4,3.25,resident
2026-05-21,13:11,20260521-017,Paneer & spinach curry,Main,2,12.50,resident
2026-05-21,13:11,20260521-017,Glass of house wine,Drinks,2,5.50,resident
2026-05-21,13:11,20260521-017,Roast chicken,Main,2,14.50,resident
2026-05-21,13:11,20260521-017,Sticky toffee pudding,Dessert,2,6.50,resident
2026-05-21,13:44,20260521-018,Grilled salmon,Main,2,15.00,external
2026-05-21,13:44,20260521-018,Fruit crumble,Dessert,2,6.25,external
2026-05-21,13:44,20260521-018,Grilled salmon,Main,2,15.00,external
2026-05-21,13:44,20260521-018,Soup of the day,Starter,2,7.95,external
2026-05-21,13:44,20260521-018,Sticky toffee pudding,Dessert,2,6.50,external
2026-05-21,13:44,20260521-018,Pot of tea,Drinks,2,3.25,external
2026-05-21,16:42,20260521-019,Fish pie,Main,2,13.95,resident
2026-05-21,16:42,20260521-019,Soup of the day,Starter,2,7.95,resident
2026-05-21,16:42,20260521-019,Coffee,Drinks,2,3.00,resident
2026-05-21,16:42,20260521-019,Shepherd's pie,Main,2,12.95,resident
2026-05-21,16:42,20260521-019,Matzo ball soup,Starter,2,8.95,resident
2026-05-21,16:42,20260521-019,Coffee,Drinks,2,3.00,resident
2026-05-21,14:18,20260521-020,Roast chicken,Main,4,14.50,resident
2026-05-21,14:18,20260521-020,Soup of the day,Starter,4,7.95,resident
2026-05-21,14:18,20260521-020,Fruit crumble,Dessert,4,6.25,resident
2026-05-21,14:18,20260521-020,Coffee,Drinks,4,3.00,resident
2026-05-21,14:18,20260521-020,Fish pie,Main,4,13.95,resident
2026-05-21,14:18,20260521-020,Matzo ball soup,Starter,4,8.95,resident
2026-05-21,14:18,20260521-020,Fruit crumble,Dessert,4,6.25,resident
2026-05-21,14:18,20260521-020,Coffee,Drinks,4,3.00,resident
2026-05-21,14:18,20260521-020,Shepherd's pie,Main,4,12.95,resident
2026-05-21,14:18,20260521-020,Matzo ball soup,Starter,4,8.95,resident
2026-05-21,14:18,20260521-020,Sticky toffee pudding,Dessert,4,6.50,resident
2026-05-21,14:18,20260521-020,Pot of tea,Drinks,4,3.25,resident
2026-05-21,14:18,20260521-020,Fish pie,Main,4,13.95,resident
2026-05-21,14:18,20260521-020,Pot of tea,Drinks,4,3.25,resident
2026-05-21,14:19,20260521-021,Grilled salmon,Main,2,15.00,resident
2026-05-21,14:19,20260521-021,Pot of tea,Drinks,2,3.25,resident
2026-05-21,14:19,20260521-021,Shepherd's pie,Main,2,12.95,resident
2026-05-21,14:19,20260521-021,Glass of house wine,Drinks,2,5.50,resident
2026-05-21,12:39,20260521-022,Grilled salmon,Main,1,15.00,resident
2026-05-21,12:39,20260521-022,Fruit crumble,Dessert,1,6.25,resident
2026-05-21,12:39,20260521-022,Pot of tea,Drinks,1,3.25,resident
2026-05-21,14:07,20260521-023,Fish pie,Main,2,13.95,resident
2026-05-21,14:07,20260521-023,Soup of the day,Starter,2,7.95,resident
2026-05-21,14:07,20260521-023,Pot of tea,Drinks,2,3.25,resident
2026-05-21,14:07,20260521-023,Grilled salmon,Main,2,15.00,resident
2026-05-21,14:07,20260521-023,Pot of tea,Drinks,2,3.25,resident
2026-05-21,15:15,20260521-024,Shepherd's pie,Main,2,12.95,external
2026-05-21,15:15,20260521-024,Glass of house wine,Drinks,2,5.50,external
2026-05-21,15:15,20260521-024,Fish pie,Main,2,13.95,external
2026-05-21,15:15,20260521-024,Soup of the day,Starter,2,7.95,external
2026-05-21,15:15,20260521-024,Coffee,Drinks,2,3.00,external
2026-05-21,17:06,20260521-025,Fish pie,Main,2,13.95,resident
2026-05-21,17:06,20260521-025,Coffee,Drinks,2,3.00,resident
2026-05-21,17:06,20260521-025,Roast chicken,Main,2,14.50,resident
2026-05-21,17:06,20260521-025,Sticky toffee pudding,Dessert,2,6.50,resident
2026-05-21,17:06,20260521-025,Pot of tea,Drinks,2,3.25,resident
2026-05-21,13:16,20260521-026,Shepherd's pie,Main,2,12.95,resident
2026-05-21,13:16,20260521-026,Matzo ball soup,Starter,2,8.95,resident
2026-05-21,13:16,20260521-026,Fruit crumble,Dessert,2,6.25,resident
2026-05-21,13:16,20260521-026,Glass of house wine,Drinks,2,5.50,resident
2026-05-21,13:16,20260521-026,Roast chicken,Main,2,14.50,resident
2026-05-21,13:16,20260521-026,Coffee,Drinks,2,3.00,resident
2026-05-22,16:16,20260522-001,Roast chicken,Main,3,14.50,resident
2026-05-22,16:16,20260522-001,Matzo ball soup,Starter,3,8.95,resident
2026-05-22,16:16,20260522-001,Sticky toffee pudding,Dessert,3,6.50,resident
2026-05-22,16:16,20260522-001,Glass of house wine,Drinks,3,5.50,resident
2026-05-22,16:16,20260522-001,Vegetable biryani,Main,3,11.95,resident
2026-05-22,16:16,20260522-001,Glass of house wine,Drinks,3,5.50,resident
2026-05-22,16:16,20260522-001,Fish pie,Main,3,13.95,resident
2026-05-22,16:16,20260522-001,Pot of tea,Drinks,3,3.25,resident
2026-05-22,15:13,20260522-002,Paneer & spinach curry,Main,1,12.50,resident
2026-05-22,15:13,20260522-002,Pot of tea,Drinks,1,3.25,resident
2026-05-22,15:26,20260522-003,Shepherd's pie,Main,2,12.95,resident
2026-05-22,15:26,20260522-003,Pot of tea,Drinks,2,3.25,resident
2026-05-22,15:26,20260522-003,Grilled salmon,Main,2,15.00,resident
2026-05-22,15:26,20260522-003,Coffee,Drinks,2,3.00,resident
2026-05-22,16:15,20260522-004,Roast chicken,Main,1,14.50,resident
2026-05-22,16:15,20260522-004,Soup of the day,Starter,1,7.95,resident
2026-05-22,16:15,20260522-004,Coffee,Drinks,1,3.00,resident
2026-05-22,14:33,20260522-005,Paneer & spinach curry,Main,2,12.50,resident
2026-05-22,14:33,20260522-005,Coffee,Drinks,2,3.00,resident
2026-05-22,14:33,20260522-005,Fish pie,Main,2,13.95,resident
2026-05-22,14:33,20260522-005,Matzo ball soup,Starter,2,8.95,resident
2026-05-22,14:33,20260522-005,Glass of house wine,Drinks,2,5.50,resident
2026-05-22,13:56,20260522-006,Paneer & spinach curry,Main,1,12.50,resident
2026-05-22,13:56,20260522-006,Coffee,Drinks,1,3.00,resident
2026-05-22,15:32,20260522-007,Fish pie,Main,2,13.95,resident
2026-05-22,15:32,20260522-007,Paneer & spinach curry,Main,2,12.50,resident
2026-05-22,15:32,20260522-007,Soup of the day,Starter,2,7.95,resident
2026-05-22,15:32,20260522-007,Coffee,Drinks,2,3.00,resident
2026-05-22,17:06,20260522-008,Vegetable biryani,Main,2,11.95,resident
2026-05-22,17:06,20260522-008,Fruit crumble,Dessert,2,6.25,resident
2026-05-22,17:06,20260522-008,Pot of tea,Drinks,2,3.25,resident
2026-05-22,17:06,20260522-008,Paneer & spinach curry,Main,2,12.50,resident
2026-05-22,17:06,20260522-008,Sticky toffee pudding,Dessert,2,6.50,resident
2026-05-22,17:06,20260522-008,Coffee,Drinks,2,3.00,resident
2026-05-22,12:12,20260522-009,Grilled salmon,Main,2,15.00,resident
2026-05-22,12:12,20260522-009,Fruit crumble,Dessert,2,6.25,resident
2026-05-22,12:12,20260522-009,Pot of tea,Drinks,2,3.25,resident
2026-05-22,12:12,20260522-009,Paneer & spinach curry,Main,2,12.50,resident
2026-05-22,12:12,20260522-009,Sticky toffee pudding,Dessert,2,6.50,resident
2026-05-22,12:12,20260522-009,Pot of tea,Drinks,2,3.25,resident
2026-05-22,18:28,20260522-010,Vegetable biryani,Main,3,11.95,resident
2026-05-22,18:28,20260522-010,Matzo ball soup,Starter,3,8.95,resident
2026-05-22,18:28,20260522-010,Coffee,Drinks,3,3.00,resident
2026-05-22,18:28,20260522-010,Paneer & spinach curry,Main,3,12.50,resident
2026-05-22,18:28,20260522-010,Glass of house wine,Drinks,3,5.50,resident
2026-05-22,18:28,20260522-010,Fish pie,Main,3,13.95,resident
2026-05-22,18:28,20260522-010,Fruit crumble,Dessert,3,6.25,resident
2026-05-22,18:28,20260522-010,Glass of house wine,Drinks,3,5.50,resident
2026-05-22,12:06,20260522-011,Fish pie,Main,1,13.95,resident
2026-05-22,12:06,20260522-011,Matzo ball soup,Starter,1,8.95,resident
2026-05-22,12:06,20260522-011,Glass of house wine,Drinks,1,5.50,resident
2026-05-22,14:10,20260522-012,Fish pie,Main,2,13.95,resident
2026-05-22,14:10,20260522-012,Matzo ball soup,Starter,2,8.95,resident
2026-05-22,14:10,20260522-012,Sticky toffee pudding,Dessert,2,6.50,resident
2026-05-22,14:10,20260522-012,Pot of tea,Drinks,2,3.25,resident
2026-05-22,14:10,20260522-012,Roast chicken,Main,2,14.50,resident
2026-05-22,14:10,20260522-012,Matzo ball soup,Starter,2,8.95,resident
2026-05-22,14:10,20260522-012,Glass of house wine,Drinks,2,5.50,resident
2026-05-22,14:55,20260522-013,Paneer & spinach curry,Main,2,12.50,resident
2026-05-22,14:55,20260522-013,Pot of tea,Drinks,2,3.25,resident
2026-05-22,14:55,20260522-013,Grilled salmon,Main,2,15.00,resident
2026-05-22,14:55,20260522-013,Soup of the day,Starter,2,7.95,resident
2026-05-22,14:55,20260522-013,Coffee,Drinks,2,3.00,resident
2026-05-22,17:49,20260522-014,Vegetable biryani,Main,2,11.95,resident
2026-05-22,17:49,20260522-014,Sticky toffee pudding,Dessert,2,6.50,resident
2026-05-22,17:49,20260522-014,Glass of house wine,Drinks,2,5.50,resident
2026-05-22,17:49,20260522-014,Vegetable biryani,Main,2,11.95,resident
2026-05-22,17:49,20260522-014,Soup of the day,Starter,2,7.95,resident
2026-05-22,17:49,20260522-014,Fruit crumble,Dessert,2,6.25,resident
2026-05-22,17:49,20260522-014,Glass of house wine,Drinks,2,5.50,resident
2026-05-22,16:44,20260522-015,Fish pie,Main,3,13.95,resident
2026-05-22,16:44,20260522-015,Sticky toffee pudding,Dessert,3,6.50,resident
2026-05-22,16:44,20260522-015,Grilled salmon,Main,3,15.00,resident
2026-05-22,16:44,20260522-015,Pot of tea,Drinks,3,3.25,resident
2026-05-22,16:44,20260522-015,Paneer & spinach curry,Main,3,12.50,resident
2026-05-22,16:44,20260522-015,Matzo ball soup,Starter,3,8.95,resident
2026-05-22,16:44,20260522-015,Fruit crumble,Dessert,3,6.25,resident
2026-05-22,18:36,20260522-016,Roast chicken,Main,2,14.50,resident
2026-05-22,18:36,20260522-016,Soup of the day,Starter,2,7.95,resident
2026-05-22,18:36,20260522-016,Fruit crumble,Dessert,2,6.25,resident
2026-05-22,18:36,20260522-016,Paneer & spinach curry,Main,2,12.50,resident
2026-05-22,18:36,20260522-016,Sticky toffee pudding,Dessert,2,6.50,resident
2026-05-22,18:36,20260522-016,Coffee,Drinks,2,3.00,resident
2026-05-22,15:22,20260522-017,Shepherd's pie,Main,4,12.95,resident
2026-05-22,15:22,20260522-017,Matzo ball soup,Starter,4,8.95,resident
2026-05-22,15:22,20260522-017,Sticky toffee pudding,Dessert,4,6.50,resident
2026-05-22,15:22,20260522-017,Pot of tea,Drinks,4,3.25,resident
2026-05-22,15:22,20260522-017,Vegetable biryani,Main,4,11.95,resident
2026-05-22,15:22,20260522-017,Matzo ball soup,Starter,4,8.95,resident
2026-05-22,15:22,20260522-017,Sticky toffee pudding,Dessert,4,6.50,resident
2026-05-22,15:22,20260522-017,Glass of house wine,Drinks,4,5.50,resident
2026-05-22,15:22,20260522-017,Vegetable biryani,Main,4,11.95,resident
2026-05-22,15:22,20260522-017,Matzo ball soup,Starter,4,8.95,resident
2026-05-22,15:22,20260522-017,Coffee,Drinks,4,3.00,resident
2026-05-22,15:22,20260522-017,Fish pie,Main,4,13.95,resident
2026-05-22,15:22,20260522-017,Sticky toffee pudding,Dessert,4,6.50,resident
2026-05-22,15:22,20260522-017,Glass of house wine,Drinks,4,5.50,resident
2026-05-22,17:47,20260522-018,Grilled salmon,Main,3,15.00,resident
2026-05-22,17:47,20260522-018,Matzo ball soup,Starter,3,8.95,resident
2026-05-22,17:47,20260522-018,Fruit crumble,Dessert,3,6.25,resident
2026-05-22,17:47,20260522-018,Glass of house wine,Drinks,3,5.50,resident
2026-05-22,17:47,20260522-018,Vegetable biryani,Main,3,11.95,resident
2026-05-22,17:47,20260522-018,Matzo ball soup,Starter,3,8.95,resident
2026-05-22,17:47,20260522-018,Glass of house wine,Drinks,3,5.50,resident
2026-05-22,17:47,20260522-018,Fish pie,Main,3,13.95,resident
2026-05-22,17:47,20260522-018,Glass of house wine,Drinks,3,5.50,resident
2026-05-22,16:29,20260522-019,Vegetable biryani,Main,2,11.95,resident
2026-05-22,16:29,20260522-019,Matzo ball soup,Starter,2,8.95,resident
2026-05-22,16:29,20260522-019,Glass of house wine,Drinks,2,5.50,resident
2026-05-22,16:29,20260522-019,Grilled salmon,Main,2,15.00,resident
2026-05-22,16:29,20260522-019,Glass of house wine,Drinks,2,5.50,resident
2026-05-22,14:53,20260522-020,Grilled salmon,Main,2,15.00,resident
2026-05-22,14:53,20260522-020,Paneer & spinach curry,Main,2,12.50,resident
2026-05-22,14:53,20260522-020,Soup of the day,Starter,2,7.95,resident
2026-05-22,14:38,20260522-021,Fish pie,Main,3,13.95,resident
2026-05-22,14:38,20260522-021,Matzo ball soup,Starter,3,8.95,resident
2026-05-22,14:38,20260522-021,Glass of house wine,Drinks,3,5.50,resident
2026-05-22,14:38,20260522-021,Roast chicken,Main,3,14.50,resident
2026-05-22,14:38,20260522-021,Soup of the day,Starter,3,7.95,resident
2026-05-22,14:38,20260522-021,Sticky toffee pudding,Dessert,3,6.50,resident
2026-05-22,14:38,20260522-021,Pot of tea,Drinks,3,3.25,resident
2026-05-22,14:38,20260522-021,Paneer & spinach curry,Main,3,12.50,resident
2026-05-22,14:38,20260522-021,Glass of house wine,Drinks,3,5.50,resident
2026-05-22,17:43,20260522-022,Vegetable biryani,Main,2,11.95,resident
2026-05-22,17:43,20260522-022,Matzo ball soup,Starter,2,8.95,resident
2026-05-22,17:43,20260522-022,Pot of tea,Drinks,2,3.25,resident
2026-05-22,17:43,20260522-022,Shepherd's pie,Main,2,12.95,resident
2026-05-22,17:43,20260522-022,Matzo ball soup,Starter,2,8.95,resident
2026-05-22,17:43,20260522-022,Fruit crumble,Dessert,2,6.25,resident
2026-05-22,17:43,20260522-022,Coffee,Drinks,2,3.00,resident
2026-05-22,15:23,20260522-023,Paneer & spinach curry,Main,2,12.50,resident
2026-05-22,15:23,20260522-023,Soup of the day,Starter,2,7.95,resident
2026-05-22,15:23,20260522-023,Coffee,Drinks,2,3.00,resident
2026-05-22,15:23,20260522-023,Vegetable biryani,Main,2,11.95,resident
2026-05-22,15:23,20260522-023,Sticky toffee pudding,Dessert,2,6.50,resident
2026-05-22,16:09,20260522-024,Paneer & spinach curry,Main,2,12.50,resident
2026-05-22,16:09,20260522-024,Matzo ball soup,Starter,2,8.95,resident
2026-05-22,16:09,20260522-024,Fruit crumble,Dessert,2,6.25,resident
2026-05-22,16:09,20260522-024,Fish pie,Main,2,13.95,resident
2026-05-22,16:09,20260522-024,Pot of tea,Drinks,2,3.25,resident
2026-05-22,18:49,20260522-025,Paneer & spinach curry,Main,3,12.50,resident
2026-05-22,18:49,20260522-025,Soup of the day,Starter,3,7.95,resident
2026-05-22,18:49,20260522-025,Fish pie,Main,3,13.95,resident
2026-05-22,18:49,20260522-025,Soup of the day,Starter,3,7.95,resident
2026-05-22,18:49,20260522-025,Coffee,Drinks,3,3.00,resident
2026-05-22,18:49,20260522-025,Paneer & spinach curry,Main,3,12.50,resident
2026-05-22,17:13,20260522-026,Grilled salmon,Main,2,15.00,resident
2026-05-22,17:13,20260522-026,Pot of tea,Drinks,2,3.25,resident
2026-05-22,17:13,20260522-026,Vegetable biryani,Main,2,11.95,resident
2026-05-22,17:13,20260522-026,Glass of house wine,Drinks,2,5.50,resident
2026-05-22,18:45,20260522-027,Shepherd's pie,Main,2,12.95,resident
2026-05-22,18:45,20260522-027,Glass of house wine,Drinks,2,5.50,resident
2026-05-22,18:45,20260522-027,Paneer & spinach curry,Main,2,12.50,resident
2026-05-22,18:45,20260522-027,Fruit crumble,Dessert,2,6.25,resident
2026-05-22,18:45,20260522-027,Coffee,Drinks,2,3.00,resident
2026-05-22,13:57,20260522-028,Vegetable biryani,Main,1,11.95,resident
2026-05-22,13:57,20260522-028,Soup of the day,Starter,1,7.95,resident
2026-05-22,13:57,20260522-028,Sticky toffee pudding,Dessert,1,6.50,resident
2026-05-22,13:57,20260522-028,Coffee,Drinks,1,3.00,resident
2026-05-22,15:23,20260522-029,Roast chicken,Main,2,14.50,external
2026-05-22,15:23,20260522-029,Coffee,Drinks,2,3.00,external
2026-05-22,15:23,20260522-029,Vegetable biryani,Main,2,11.95,external
2026-05-22,15:23,20260522-029,Fruit crumble,Dessert,2,6.25,external
2026-05-22,15:23,20260522-029,Coffee,Drinks,2,3.00,external
2026-05-22,16:57,20260522-030,Grilled salmon,Main,2,15.00,resident
2026-05-22,16:57,20260522-030,Coffee,Drinks,2,3.00,resident
2026-05-22,16:57,20260522-030,Shepherd's pie,Main,2,12.95,resident
2026-05-22,16:57,20260522-030,Sticky toffee pudding,Dessert,2,6.50,resident
2026-05-22,16:57,20260522-030,Pot of tea,Drinks,2,3.25,resident
2026-05-22,14:05,20260522-031,Roast chicken,Main,2,14.50,resident
2026-05-22,14:05,20260522-031,Soup of the day,Starter,2,7.95,resident
2026-05-22,14:05,20260522-031,Fruit crumble,Dessert,2,6.25,resident
2026-05-22,14:05,20260522-031,Pot of tea,Drinks,2,3.25,resident
2026-05-22,14:05,20260522-031,Shepherd's pie,Main,2,12.95,resident
2026-05-22,14:05,20260522-031,Matzo ball soup,Starter,2,8.95,resident
2026-05-22,14:05,20260522-031,Glass of house wine,Drinks,2,5.50,resident
2026-05-22,17:54,20260522-032,Roast chicken,Main,4,14.50,resident
2026-05-22,17:54,20260522-032,Matzo ball soup,Starter,4,8.95,resident
2026-05-22,17:54,20260522-032,Glass of house wine,Drinks,4,5.50,resident
2026-05-22,17:54,20260522-032,Fish pie,Main,4,13.95,resident
2026-05-22,17:54,20260522-032,Soup of the day,Starter,4,7.95,resident
2026-05-22,17:54,20260522-032,Pot of tea,Drinks,4,3.25,resident
2026-05-22,17:54,20260522-032,Roast chicken,Main,4,14.50,resident
2026-05-22,17:54,20260522-032,Pot of tea,Drinks,4,3.25,resident
2026-05-22,17:54,20260522-032,Shepherd's pie,Main,4,12.95,resident
2026-05-22,17:54,20260522-032,Sticky toffee pudding,Dessert,4,6.50,resident
2026-05-22,17:54,20260522-032,Glass of house wine,Drinks,4,5.50,resident
2026-05-23,18:21,20260523-001,Grilled salmon,Main,1,15.00,resident
2026-05-23,18:21,20260523-001,Pot of tea,Drinks,1,3.25,resident
2026-05-23,15:08,20260523-002,Roast chicken,Main,2,14.50,resident
2026-05-23,15:08,20260523-002,Matzo ball soup,Starter,2,8.95,resident
2026-05-23,15:08,20260523-002,Fruit crumble,Dessert,2,6.25,resident
2026-05-23,15:08,20260523-002,Coffee,Drinks,2,3.00,resident
2026-05-23,15:08,20260523-002,Paneer & spinach curry,Main,2,12.50,resident
2026-05-23,15:08,20260523-002,Coffee,Drinks,2,3.00,resident
2026-05-23,12:43,20260523-003,Roast chicken,Main,3,14.50,resident
2026-05-23,12:43,20260523-003,Glass of house wine,Drinks,3,5.50,resident
2026-05-23,12:43,20260523-003,Shepherd's pie,Main,3,12.95,resident
2026-05-23,12:43,20260523-003,Glass of house wine,Drinks,3,5.50,resident
2026-05-23,12:43,20260523-003,Roast chicken,Main,3,14.50,resident
2026-05-23,12:43,20260523-003,Pot of tea,Drinks,3,3.25,resident
2026-05-23,12:19,20260523-004,Roast chicken,Main,2,14.50,resident
2026-05-23,12:19,20260523-004,Grilled salmon,Main,2,15.00,resident
2026-05-23,12:19,20260523-004,Soup of the day,Starter,2,7.95,resident
2026-05-23,12:19,20260523-004,Coffee,Drinks,2,3.00,resident
2026-05-23,16:31,20260523-005,Shepherd's pie,Main,4,12.95,resident
2026-05-23,16:31,20260523-005,Soup of the day,Starter,4,7.95,resident
2026-05-23,16:31,20260523-005,Glass of house wine,Drinks,4,5.50,resident
2026-05-23,16:31,20260523-005,Fish pie,Main,4,13.95,resident
2026-05-23,16:31,20260523-005,Vegetable biryani,Main,4,11.95,resident
2026-05-23,16:31,20260523-005,Sticky toffee pudding,Dessert,4,6.50,resident
2026-05-23,16:31,20260523-005,Glass of house wine,Drinks,4,5.50,resident
2026-05-23,16:31,20260523-005,Paneer & spinach curry,Main,4,12.50,resident
2026-05-23,16:31,20260523-005,Matzo ball soup,Starter,4,8.95,resident
2026-05-23,16:31,20260523-005,Sticky toffee pudding,Dessert,4,6.50,resident
2026-05-23,16:31,20260523-005,Glass of house wine,Drinks,4,5.50,resident
2026-05-23,14:39,20260523-006,Vegetable biryani,Main,1,11.95,resident
2026-05-23,14:39,20260523-006,Coffee,Drinks,1,3.00,resident
2026-05-23,17:53,20260523-007,Vegetable biryani,Main,4,11.95,resident
2026-05-23,17:53,20260523-007,Fruit crumble,Dessert,4,6.25,resident
2026-05-23,17:53,20260523-007,Glass of house wine,Drinks,4,5.50,resident
2026-05-23,17:53,20260523-007,Shepherd's pie,Main,4,12.95,resident
2026-05-23,17:53,20260523-007,Soup of the day,Starter,4,7.95,resident
2026-05-23,17:53,20260523-007,Sticky toffee pudding,Dessert,4,6.50,resident
2026-05-23,17:53,20260523-007,Glass of house wine,Drinks,4,5.50,resident
2026-05-23,17:53,20260523-007,Vegetable biryani,Main,4,11.95,resident
2026-05-23,17:53,20260523-007,Soup of the day,Starter,4,7.95,resident
2026-05-23,17:53,20260523-007,Fruit crumble,Dessert,4,6.25,resident
2026-05-23,17:53,20260523-007,Glass of house wine,Drinks,4,5.50,resident
2026-05-23,17:53,20260523-007,Fish pie,Main,4,13.95,resident
2026-05-23,17:53,20260523-007,Glass of house wine,Drinks,4,5.50,resident
2026-05-23,17:32,20260523-008,Grilled salmon,Main,1,15.00,resident
2026-05-23,17:32,20260523-008,Glass of house wine,Drinks,1,5.50,resident
2026-05-23,13:26,20260523-009,Grilled salmon,Main,3,15.00,resident
2026-05-23,13:26,20260523-009,Pot of tea,Drinks,3,3.25,resident
2026-05-23,13:26,20260523-009,Paneer & spinach curry,Main,3,12.50,resident
2026-05-23,13:26,20260523-009,Pot of tea,Drinks,3,3.25,resident
2026-05-23,13:26,20260523-009,Fish pie,Main,3,13.95,resident
2026-05-23,13:26,20260523-009,Matzo ball soup,Starter,3,8.95,resident
2026-05-23,13:26,20260523-009,Coffee,Drinks,3,3.00,resident
2026-05-23,13:09,20260523-010,Vegetable biryani,Main,2,11.95,resident
2026-05-23,13:09,20260523-010,Soup of the day,Starter,2,7.95,resident
2026-05-23,13:09,20260523-010,Sticky toffee pudding,Dessert,2,6.50,resident
2026-05-23,13:09,20260523-010,Glass of house wine,Drinks,2,5.50,resident
2026-05-23,13:09,20260523-010,Vegetable biryani,Main,2,11.95,resident
2026-05-23,13:09,20260523-010,Glass of house wine,Drinks,2,5.50,resident
2026-05-23,13:05,20260523-011,Grilled salmon,Main,2,15.00,resident
2026-05-23,13:05,20260523-011,Coffee,Drinks,2,3.00,resident
2026-05-23,13:05,20260523-011,Fish pie,Main,2,13.95,resident
2026-05-23,13:05,20260523-011,Coffee,Drinks,2,3.00,resident
2026-05-23,13:51,20260523-012,Roast chicken,Main,1,14.50,resident
2026-05-23,13:51,20260523-012,Coffee,Drinks,1,3.00,resident
2026-05-23,12:54,20260523-013,Shepherd's pie,Main,1,12.95,resident
2026-05-23,12:54,20260523-013,Matzo ball soup,Starter,1,8.95,resident
2026-05-23,12:54,20260523-013,Pot of tea,Drinks,1,3.25,resident
2026-05-23,17:48,20260523-014,Grilled salmon,Main,2,15.00,resident
2026-05-23,17:48,20260523-014,Matzo ball soup,Starter,2,8.95,resident
2026-05-23,17:48,20260523-014,Fruit crumble,Dessert,2,6.25,resident
2026-05-23,17:48,20260523-014,Coffee,Drinks,2,3.00,resident
2026-05-23,17:48,20260523-014,Grilled salmon,Main,2,15.00,resident
2026-05-23,17:48,20260523-014,Soup of the day,Starter,2,7.95,resident
2026-05-23,17:48,20260523-014,Glass of house wine,Drinks,2,5.50,resident
2026-05-23,13:21,20260523-015,Roast chicken,Main,2,14.50,resident
2026-05-23,13:21,20260523-015,Glass of house wine,Drinks,2,5.50,resident
2026-05-23,13:21,20260523-015,Paneer & spinach curry,Main,2,12.50,resident
2026-05-23,13:21,20260523-015,Soup of the day,Starter,2,7.95,resident
2026-05-23,13:21,20260523-015,Sticky toffee pudding,Dessert,2,6.50,resident
2026-05-23,13:21,20260523-015,Coffee,Drinks,2,3.00,resident
2026-05-23,15:52,20260523-016,Grilled salmon,Main,1,15.00,resident
2026-05-23,15:52,20260523-016,Matzo ball soup,Starter,1,8.95,resident
2026-05-23,15:52,20260523-016,Pot of tea,Drinks,1,3.25,resident
2026-05-23,13:22,20260523-017,Shepherd's pie,Main,2,12.95,resident
2026-05-23,13:22,20260523-017,Sticky toffee pudding,Dessert,2,6.50,resident
2026-05-23,13:22,20260523-017,Pot of tea,Drinks,2,3.25,resident
2026-05-23,13:22,20260523-017,Vegetable biryani,Main,2,11.95,resident
2026-05-23,13:22,20260523-017,Coffee,Drinks,2,3.00,resident
2026-05-23,17:53,20260523-018,Grilled salmon,Main,2,15.00,resident
2026-05-23,17:53,20260523-018,Fruit crumble,Dessert,2,6.25,resident
2026-05-23,17:53,20260523-018,Pot of tea,Drinks,2,3.25,resident
2026-05-23,17:53,20260523-018,Roast chicken,Main,2,14.50,resident
2026-05-23,17:53,20260523-018,Soup of the day,Starter,2,7.95,resident
2026-05-23,17:53,20260523-018,Sticky toffee pudding,Dessert,2,6.50,resident
2026-05-23,17:53,20260523-018,Coffee,Drinks,2,3.00,resident
2026-05-23,17:14,20260523-019,Vegetable biryani,Main,2,11.95,resident
2026-05-23,17:14,20260523-019,Roast chicken,Main,2,14.50,resident
2026-05-23,17:14,20260523-019,Matzo ball soup,Starter,2,8.95,resident
2026-05-23,17:14,20260523-019,Fruit crumble,Dessert,2,6.25,resident
2026-05-23,17:14,20260523-019,Glass of house wine,Drinks,2,5.50,resident
2026-05-23,12:55,20260523-020,Grilled salmon,Main,1,15.00,resident
2026-05-23,12:55,20260523-020,Fruit crumble,Dessert,1,6.25,resident
2026-05-23,12:55,20260523-020,Pot of tea,Drinks,1,3.25,resident
2026-05-23,17:08,20260523-021,Paneer & spinach curry,Main,2,12.50,resident
2026-05-23,17:08,20260523-021,Soup of the day,Starter,2,7.95,resident
2026-05-23,17:08,20260523-021,Pot of tea,Drinks,2,3.25,resident
2026-05-23,17:08,20260523-021,Paneer & spinach curry,Main,2,12.50,resident
2026-05-23,17:08,20260523-021,Matzo ball soup,Starter,2,8.95,resident
2026-05-23,17:08,20260523-021,Pot of tea,Drinks,2,3.25,resident
2026-05-23,17:53,20260523-022,Vegetable biryani,Main,2,11.95,resident
2026-05-23,17:53,20260523-022,Sticky toffee pudding,Dessert,2,6.50,resident
2026-05-23,17:53,20260523-022,Pot of tea,Drinks,2,3.25,resident
2026-05-23,17:53,20260523-022,Grilled salmon,Main,2,15.00,resident
2026-05-23,17:53,20260523-022,Soup of the day,Starter,2,7.95,resident
2026-05-23,17:53,20260523-022,Glass of house wine,Drinks,2,5.50,resident
2026-05-23,12:18,20260523-023,Vegetable biryani,Main,2,11.95,resident
2026-05-23,12:18,20260523-023,Soup of the day,Starter,2,7.95,resident
2026-05-23,12:18,20260523-023,Coffee,Drinks,2,3.00,resident
2026-05-23,12:18,20260523-023,Roast chicken,Main,2,14.50,resident
2026-05-23,12:18,20260523-023,Matzo ball soup,Starter,2,8.95,resident
2026-05-23,12:18,20260523-023,Glass of house wine,Drinks,2,5.50,resident
2026-05-23,18:22,20260523-024,Fish pie,Main,2,13.95,resident
2026-05-23,18:22,20260523-024,Soup of the day,Starter,2,7.95,resident
2026-05-23,18:22,20260523-024,Coffee,Drinks,2,3.00,resident
2026-05-23,18:22,20260523-024,Roast chicken,Main,2,14.50,resident
2026-05-23,14:49,20260523-025,Vegetable biryani,Main,3,11.95,resident
2026-05-23,14:49,20260523-025,Pot of tea,Drinks,3,3.25,resident
2026-05-23,14:49,20260523-025,Paneer & spinach curry,Main,3,12.50,resident
2026-05-23,14:49,20260523-025,Glass of house wine,Drinks,3,5.50,resident
2026-05-23,14:49,20260523-025,Grilled salmon,Main,3,15.00,resident
2026-05-23,14:49,20260523-025,Matzo ball soup,Starter,3,8.95,resident
2026-05-23,14:49,20260523-025,Coffee,Drinks,3,3.00,resident
2026-05-23,12:23,20260523-026,Fish pie,Main,2,13.95,resident
2026-05-23,12:23,20260523-026,Fruit crumble,Dessert,2,6.25,resident
2026-05-23,12:23,20260523-026,Coffee,Drinks,2,3.00,resident
2026-05-23,12:23,20260523-026,Fish pie,Main,2,13.95,resident
2026-05-23,12:23,20260523-026,Sticky toffee pudding,Dessert,2,6.50,resident
2026-05-23,12:23,20260523-026,Coffee,Drinks,2,3.00,resident
2026-05-23,17:51,20260523-027,Grilled salmon,Main,3,15.00,resident
2026-05-23,17:51,20260523-027,Matzo ball soup,Starter,3,8.95,resident
2026-05-23,17:51,20260523-027,Pot of tea,Drinks,3,3.25,resident
2026-05-23,17:51,20260523-027,Vegetable biryani,Main,3,11.95,resident
2026-05-23,17:51,20260523-027,Soup of the day,Starter,3,7.95,resident
2026-05-23,17:51,20260523-027,Sticky toffee pudding,Dessert,3,6.50,resident
2026-05-23,17:51,20260523-027,Glass of house wine,Drinks,3,5.50,resident
2026-05-23,17:51,20260523-027,Roast chicken,Main,3,14.50,resident
2026-05-23,17:51,20260523-027,Matzo ball soup,Starter,3,8.95,resident
2026-05-23,17:51,20260523-027,Fruit crumble,Dessert,3,6.25,resident
2026-05-23,17:51,20260523-027,Glass of house wine,Drinks,3,5.50,resident
2026-05-23,16:32,20260523-028,Fish pie,Main,4,13.95,resident
2026-05-23,16:32,20260523-028,Coffee,Drinks,4,3.00,resident
2026-05-23,16:32,20260523-028,Paneer & spinach curry,Main,4,12.50,resident
2026-05-23,16:32,20260523-028,Matzo ball soup,Starter,4,8.95,resident
2026-05-23,16:32,20260523-028,Coffee,Drinks,4,3.00,resident
2026-05-23,16:32,20260523-028,Fish pie,Main,4,13.95,resident
2026-05-23,16:32,20260523-028,Soup of the day,Starter,4,7.95,resident
2026-05-23,16:32,20260523-028,Glass of house wine,Drinks,4,5.50,resident
2026-05-23,16:32,20260523-028,Vegetable biryani,Main,4,11.95,resident
2026-05-23,16:32,20260523-028,Matzo ball soup,Starter,4,8.95,resident
2026-05-23,16:32,20260523-028,Coffee,Drinks,4,3.00,resident
2026-05-23,12:57,20260523-029,Shepherd's pie,Main,4,12.95,resident
2026-05-23,12:57,20260523-029,Glass of house wine,Drinks,4,5.50,resident
2026-05-23,12:57,20260523-029,Vegetable biryani,Main,4,11.95,resident
2026-05-23,12:57,20260523-029,Matzo ball soup,Starter,4,8.95,resident
2026-05-23,12:57,20260523-029,Glass of house wine,Drinks,4,5.50,resident
2026-05-23,12:57,20260523-029,Vegetable biryani,Main,4,11.95,resident
2026-05-23,12:57,20260523-029,Sticky toffee pudding,Dessert,4,6.50,resident
2026-05-23,12:57,20260523-029,Pot of tea,Drinks,4,3.25,resident
2026-05-23,12:57,20260523-029,Paneer & spinach curry,Main,4,12.50,resident
2026-05-23,12:57,20260523-029,Matzo ball soup,Starter,4,8.95,resident
2026-05-23,12:57,20260523-029,Pot of tea,Drinks,4,3.25,resident
2026-05-23,13:11,20260523-030,Fish pie,Main,3,13.95,resident
2026-05-23,13:11,20260523-030,Sticky toffee pudding,Dessert,3,6.50,resident
2026-05-23,13:11,20260523-030,Glass of house wine,Drinks,3,5.50,resident
2026-05-23,13:11,20260523-030,Grilled salmon,Main,3,15.00,resident
2026-05-23,13:11,20260523-030,Fruit crumble,Dessert,3,6.25,resident
2026-05-23,13:11,20260523-030,Coffee,Drinks,3,3.00,resident
2026-05-23,13:11,20260523-030,Paneer & spinach curry,Main,3,12.50,resident
2026-05-23,13:11,20260523-030,Matzo ball soup,Starter,3,8.95,resident
2026-05-23,13:11,20260523-030,Coffee,Drinks,3,3.00,resident
2026-05-23,18:10,20260523-031,Paneer & spinach curry,Main,3,12.50,external
2026-05-23,18:10,20260523-031,Matzo ball soup,Starter,3,8.95,external
2026-05-23,18:10,20260523-031,Sticky toffee pudding,Dessert,3,6.50,external
2026-05-23,18:10,20260523-031,Coffee,Drinks,3,3.00,external
2026-05-23,18:10,20260523-031,Shepherd's pie,Main,3,12.95,external
2026-05-23,18:10,20260523-031,Coffee,Drinks,3,3.00,external
2026-05-23,18:10,20260523-031,Grilled salmon,Main,3,15.00,external
2026-05-23,18:10,20260523-031,Sticky toffee pudding,Dessert,3,6.50,external
2026-05-23,17:44,20260523-032,Vegetable biryani,Main,2,11.95,resident
2026-05-23,17:44,20260523-032,Glass of house wine,Drinks,2,5.50,resident
2026-05-23,17:44,20260523-032,Fish pie,Main,2,13.95,resident
2026-05-23,17:44,20260523-032,Pot of tea,Drinks,2,3.25,resident
2026-05-23,12:39,20260523-033,Paneer & spinach curry,Main,4,12.50,resident
2026-05-23,12:39,20260523-033,Pot of tea,Drinks,4,3.25,resident
2026-05-23,12:39,20260523-033,Vegetable biryani,Main,4,11.95,resident
2026-05-23,12:39,20260523-033,Matzo ball soup,Starter,4,8.95,resident
2026-05-23,12:39,20260523-033,Sticky toffee pudding,Dessert,4,6.50,resident
2026-05-23,12:39,20260523-033,Glass of house wine,Drinks,4,5.50,resident
2026-05-23,12:39,20260523-033,Fish pie,Main,4,13.95,resident
2026-05-23,12:39,20260523-033,Soup of the day,Starter,4,7.95,resident
2026-05-23,12:39,20260523-033,Fruit crumble,Dessert,4,6.25,resident
2026-05-23,12:39,20260523-033,Pot of tea,Drinks,4,3.25,resident
2026-05-23,12:39,20260523-033,Vegetable biryani,Main,4,11.95,resident
2026-05-23,12:39,20260523-033,Soup of the day,Starter,4,7.95,resident
2026-05-23,12:39,20260523-033,Fruit crumble,Dessert,4,6.25,resident
2026-05-23,12:39,20260523-033,Coffee,Drinks,4,3.00,resident
2026-05-23,12:25,20260523-034,Fish pie,Main,2,13.95,resident
2026-05-23,12:25,20260523-034,Coffee,Drinks,2,3.00,resident
2026-05-23,12:25,20260523-034,Grilled salmon,Main,2,15.00,resident
2026-05-23,12:25,20260523-034,Pot of tea,Drinks,2,3.25,resident
2026-05-23,15:55,20260523-035,Roast chicken,Main,2,14.50,resident
2026-05-23,15:55,20260523-035,Vegetable biryani,Main,2,11.95,resident
2026-05-23,15:55,20260523-035,Matzo ball soup,Starter,2,8.95,resident
2026-05-23,15:55,20260523-035,Sticky toffee pudding,Dessert,2,6.50,resident
2026-05-23,14:09,20260523-036,Roast chicken,Main,3,14.50,resident
2026-05-23,14:09,20260523-036,Glass of house wine,Drinks,3,5.50,resident
2026-05-23,14:09,20260523-036,Grilled salmon,Main,3,15.00,resident
2026-05-23,14:09,20260523-036,Matzo ball soup,Starter,3,8.95,resident
2026-05-23,14:09,20260523-036,Coffee,Drinks,3,3.00,resident
2026-05-23,14:09,20260523-036,Fish pie,Main,3,13.95,resident
2026-05-23,14:09,20260523-036,Pot of tea,Drinks,3,3.25,resident
2026-05-25,13:35,20260525-001,Roast chicken,Main,4,14.50,resident
2026-05-25,13:35,20260525-001,Matzo ball soup,Starter,4,8.95,resident
2026-05-25,13:35,20260525-001,Pot of tea,Drinks,4,3.25,resident
2026-05-25,13:35,20260525-001,Fish pie,Main,4,13.95,resident
2026-05-25,13:35,20260525-001,Matzo ball soup,Starter,4,8.95,resident
2026-05-25,13:35,20260525-001,Pot of tea,Drinks,4,3.25,resident
2026-05-25,13:35,20260525-001,Paneer & spinach curry,Main,4,12.50,resident
2026-05-25,13:35,20260525-001,Vegetable biryani,Main,4,11.95,resident
2026-05-25,13:35,20260525-001,Coffee,Drinks,4,3.00,resident
2026-05-25,14:22,20260525-002,Vegetable biryani,Main,2,11.95,resident
2026-05-25,14:22,20260525-002,Soup of the day,Starter,2,7.95,resident
2026-05-25,14:22,20260525-002,Sticky toffee pudding,Dessert,2,6.50,resident
2026-05-25,14:22,20260525-002,Coffee,Drinks,2,3.00,resident
2026-05-25,14:22,20260525-002,Roast chicken,Main,2,14.50,resident
2026-05-25,14:22,20260525-002,Fruit crumble,Dessert,2,6.25,resident
2026-05-25,14:22,20260525-002,Glass of house wine,Drinks,2,5.50,resident
2026-05-25,13:01,20260525-003,Fish pie,Main,3,13.95,resident
2026-05-25,13:01,20260525-003,Soup of the day,Starter,3,7.95,resident
2026-05-25,13:01,20260525-003,Fruit crumble,Dessert,3,6.25,resident
2026-05-25,13:01,20260525-003,Coffee,Drinks,3,3.00,resident
2026-05-25,13:01,20260525-003,Roast chicken,Main,3,14.50,resident
2026-05-25,13:01,20260525-003,Matzo ball soup,Starter,3,8.95,resident
2026-05-25,13:01,20260525-003,Glass of house wine,Drinks,3,5.50,resident
2026-05-25,13:01,20260525-003,Grilled salmon,Main,3,15.00,resident
2026-05-25,13:01,20260525-003,Coffee,Drinks,3,3.00,resident
2026-05-25,12:50,20260525-004,Roast chicken,Main,2,14.50,resident
2026-05-25,12:50,20260525-004,Sticky toffee pudding,Dessert,2,6.50,resident
2026-05-25,12:50,20260525-004,Pot of tea,Drinks,2,3.25,resident
2026-05-25,12:50,20260525-004,Fish pie,Main,2,13.95,resident
2026-05-25,12:50,20260525-004,Soup of the day,Starter,2,7.95,resident
2026-05-25,12:50,20260525-004,Coffee,Drinks,2,3.00,resident
2026-05-25,14:09,20260525-005,Paneer & spinach curry,Main,4,12.50,resident
2026-05-25,14:09,20260525-005,Fruit crumble,Dessert,4,6.25,resident
2026-05-25,14:09,20260525-005,Coffee,Drinks,4,3.00,resident
2026-05-25,14:09,20260525-005,Vegetable biryani,Main,4,11.95,resident
2026-05-25,14:09,20260525-005,Sticky toffee pudding,Dessert,4,6.50,resident
2026-05-25,14:09,20260525-005,Glass of house wine,Drinks,4,5.50,resident
2026-05-25,14:09,20260525-005,Roast chicken,Main,4,14.50,resident
2026-05-25,14:09,20260525-005,Fruit crumble,Dessert,4,6.25,resident
2026-05-25,14:09,20260525-005,Glass of house wine,Drinks,4,5.50,resident
2026-05-25,14:09,20260525-005,Vegetable biryani,Main,4,11.95,resident
2026-05-25,14:09,20260525-005,Fruit crumble,Dessert,4,6.25,resident
2026-05-25,14:09,20260525-005,Pot of tea,Drinks,4,3.25,resident
2026-05-25,13:12,20260525-006,Vegetable biryani,Main,2,11.95,resident
2026-05-25,13:12,20260525-006,Soup of the day,Starter,2,7.95,resident
2026-05-25,13:12,20260525-006,Coffee,Drinks,2,3.00,resident
2026-05-25,13:12,20260525-006,Shepherd's pie,Main,2,12.95,resident
2026-05-25,13:12,20260525-006,Soup of the day,Starter,2,7.95,resident
2026-05-25,13:12,20260525-006,Sticky toffee pudding,Dessert,2,6.50,resident
2026-05-25,13:12,20260525-006,Pot of tea,Drinks,2,3.25,resident
2026-05-25,14:14,20260525-007,Vegetable biryani,Main,3,11.95,resident
2026-05-25,14:14,20260525-007,Soup of the day,Starter,3,7.95,resident
2026-05-25,14:14,20260525-007,Fruit crumble,Dessert,3,6.25,resident
2026-05-25,14:14,20260525-007,Pot of tea,Drinks,3,3.25,resident
2026-05-25,14:14,20260525-007,Roast chicken,Main,3,14.50,resident
2026-05-25,14:14,20260525-007,Glass of house wine,Drinks,3,5.50,resident
2026-05-25,14:14,20260525-007,Grilled salmon,Main,3,15.00,resident
2026-05-25,14:14,20260525-007,Matzo ball soup,Starter,3,8.95,resident
2026-05-25,14:14,20260525-007,Glass of house wine,Drinks,3,5.50,resident
2026-05-25,13:25,20260525-008,Roast chicken,Main,2,14.50,resident
2026-05-25,13:25,20260525-008,Matzo ball soup,Starter,2,8.95,resident
2026-05-25,13:25,20260525-008,Glass of house wine,Drinks,2,5.50,resident
2026-05-25,13:25,20260525-008,Vegetable biryani,Main,2,11.95,resident
2026-05-25,13:25,20260525-008,Pot of tea,Drinks,2,3.25,resident
2026-05-25,13:26,20260525-009,Shepherd's pie,Main,1,12.95,resident
2026-05-25,13:26,20260525-009,Matzo ball soup,Starter,1,8.95,resident
2026-05-25,13:26,20260525-009,Coffee,Drinks,1,3.00,resident
2026-05-25,12:04,20260525-010,Fish pie,Main,2,13.95,resident
2026-05-25,12:04,20260525-010,Sticky toffee pudding,Dessert,2,6.50,resident
2026-05-25,12:04,20260525-010,Pot of tea,Drinks,2,3.25,resident
2026-05-25,12:04,20260525-010,Vegetable biryani,Main,2,11.95,resident
2026-05-25,12:04,20260525-010,Matzo ball soup,Starter,2,8.95,resident
2026-05-25,12:04,20260525-010,Glass of house wine,Drinks,2,5.50,resident
2026-05-25,12:54,20260525-011,Fish pie,Main,4,13.95,resident
2026-05-25,12:54,20260525-011,Fruit crumble,Dessert,4,6.25,resident
2026-05-25,12:54,20260525-011,Coffee,Drinks,4,3.00,resident
2026-05-25,12:54,20260525-011,Vegetable biryani,Main,4,11.95,resident
2026-05-25,12:54,20260525-011,Pot of tea,Drinks,4,3.25,resident
2026-05-25,12:54,20260525-011,Shepherd's pie,Main,4,12.95,resident
2026-05-25,12:54,20260525-011,Matzo ball soup,Starter,4,8.95,resident
2026-05-25,12:54,20260525-011,Paneer & spinach curry,Main,4,12.50,resident
2026-05-25,12:54,20260525-011,Matzo ball soup,Starter,4,8.95,resident
2026-05-25,12:54,20260525-011,Fruit crumble,Dessert,4,6.25,resident
2026-05-25,12:54,20260525-011,Glass of house wine,Drinks,4,5.50,resident
2026-05-26,12:24,20260526-001,Vegetable biryani,Main,2,11.95,resident
2026-05-26,12:24,20260526-001,Fruit crumble,Dessert,2,6.25,resident
2026-05-26,12:24,20260526-001,Glass of house wine,Drinks,2,5.50,resident
2026-05-26,12:24,20260526-001,Roast chicken,Main,2,14.50,resident
2026-05-26,12:24,20260526-001,Coffee,Drinks,2,3.00,resident
2026-05-26,17:06,20260526-002,Vegetable biryani,Main,2,11.95,resident
2026-05-26,17:06,20260526-002,Coffee,Drinks,2,3.00,resident
2026-05-26,17:06,20260526-002,Grilled salmon,Main,2,15.00,resident
2026-05-26,17:06,20260526-002,Soup of the day,Starter,2,7.95,resident
2026-05-26,17:06,20260526-002,Fruit crumble,Dessert,2,6.25,resident
2026-05-26,17:06,20260526-002,Coffee,Drinks,2,3.00,resident
2026-05-26,17:26,20260526-003,Fish pie,Main,2,13.95,resident
2026-05-26,17:26,20260526-003,Matzo ball soup,Starter,2,8.95,resident
2026-05-26,17:26,20260526-003,Fruit crumble,Dessert,2,6.25,resident
2026-05-26,17:26,20260526-003,Coffee,Drinks,2,3.00,resident
2026-05-26,17:26,20260526-003,Fish pie,Main,2,13.95,resident
2026-05-26,17:26,20260526-003,Coffee,Drinks,2,3.00,resident
2026-05-26,13:54,20260526-004,Fish pie,Main,3,13.95,resident
2026-05-26,13:54,20260526-004,Coffee,Drinks,3,3.00,resident
2026-05-26,13:54,20260526-004,Roast chicken,Main,3,14.50,resident
2026-05-26,13:54,20260526-004,Matzo ball soup,Starter,3,8.95,resident
2026-05-26,13:54,20260526-004,Pot of tea,Drinks,3,3.25,resident
2026-05-26,13:54,20260526-004,Roast chicken,Main,3,14.50,resident
2026-05-26,13:54,20260526-004,Pot of tea,Drinks,3,3.25,resident
2026-05-26,13:50,20260526-005,Grilled salmon,Main,1,15.00,resident
2026-05-26,13:50,20260526-005,Matzo ball soup,Starter,1,8.95,resident
2026-05-26,13:50,20260526-005,Fruit crumble,Dessert,1,6.25,resident
2026-05-26,13:50,20260526-005,Coffee,Drinks,1,3.00,resident
2026-05-26,17:36,20260526-006,Roast chicken,Main,2,14.50,resident
2026-05-26,17:36,20260526-006,Coffee,Drinks,2,3.00,resident
2026-05-26,17:36,20260526-006,Shepherd's pie,Main,2,12.95,resident
2026-05-26,17:36,20260526-006,Sticky toffee pudding,Dessert,2,6.50,resident
2026-05-26,15:42,20260526-007,Vegetable biryani,Main,2,11.95,resident
2026-05-26,15:42,20260526-007,Coffee,Drinks,2,3.00,resident
2026-05-26,15:42,20260526-007,Vegetable biryani,Main,2,11.95,resident
2026-05-26,15:42,20260526-007,Coffee,Drinks,2,3.00,resident
2026-05-26,15:13,20260526-008,Grilled salmon,Main,2,15.00,resident
2026-05-26,15:13,20260526-008,Matzo ball soup,Starter,2,8.95,resident
2026-05-26,15:13,20260526-008,Fruit crumble,Dessert,2,6.25,resident
2026-05-26,15:13,20260526-008,Glass of house wine,Drinks,2,5.50,resident
2026-05-26,15:13,20260526-008,Grilled salmon,Main,2,15.00,resident
2026-05-26,15:13,20260526-008,Pot of tea,Drinks,2,3.25,resident
2026-05-26,18:24,20260526-009,Fish pie,Main,2,13.95,resident
2026-05-26,18:24,20260526-009,Pot of tea,Drinks,2,3.25,resident
2026-05-26,18:24,20260526-009,Paneer & spinach curry,Main,2,12.50,resident
2026-05-26,18:24,20260526-009,Sticky toffee pudding,Dessert,2,6.50,resident
2026-05-26,18:24,20260526-009,Coffee,Drinks,2,3.00,resident
2026-05-26,18:25,20260526-010,Roast chicken,Main,1,14.50,resident
2026-05-26,18:25,20260526-010,Coffee,Drinks,1,3.00,resident
2026-05-26,12:28,20260526-011,Shepherd's pie,Main,2,12.95,resident
2026-05-26,12:28,20260526-011,Sticky toffee pudding,Dessert,2,6.50,resident
2026-05-26,12:28,20260526-011,Pot of tea,Drinks,2,3.25,resident
2026-05-26,12:28,20260526-011,Roast chicken,Main,2,14.50,resident
2026-05-26,12:28,20260526-011,Matzo ball soup,Starter,2,8.95,resident
2026-05-26,12:28,20260526-011,Pot of tea,Drinks,2,3.25,resident
2026-05-26,17:22,20260526-012,Grilled salmon,Main,1,15.00,resident
2026-05-26,17:22,20260526-012,Soup of the day,Starter,1,7.95,resident
2026-05-26,17:22,20260526-012,Pot of tea,Drinks,1,3.25,resident
2026-05-26,16:58,20260526-013,Grilled salmon,Main,1,15.00,resident
2026-05-26,16:58,20260526-013,Matzo ball soup,Starter,1,8.95,resident
2026-05-26,16:58,20260526-013,Fruit crumble,Dessert,1,6.25,resident
2026-05-26,16:58,20260526-013,Glass of house wine,Drinks,1,5.50,resident
2026-05-26,16:13,20260526-014,Vegetable biryani,Main,1,11.95,resident
2026-05-26,16:13,20260526-014,Matzo ball soup,Starter,1,8.95,resident
2026-05-26,16:13,20260526-014,Fruit crumble,Dessert,1,6.25,resident
2026-05-26,16:13,20260526-014,Coffee,Drinks,1,3.00,resident
2026-05-26,15:30,20260526-015,Vegetable biryani,Main,3,11.95,resident
2026-05-26,15:30,20260526-015,Matzo ball soup,Starter,3,8.95,resident
2026-05-26,15:30,20260526-015,Coffee,Drinks,3,3.00,resident
2026-05-26,15:30,20260526-015,Grilled salmon,Main,3,15.00,resident
2026-05-26,15:30,20260526-015,Glass of house wine,Drinks,3,5.50,resident
2026-05-26,15:30,20260526-015,Fish pie,Main,3,13.95,resident
2026-05-26,15:30,20260526-015,Coffee,Drinks,3,3.00,resident
2026-05-26,16:28,20260526-016,Paneer & spinach curry,Main,1,12.50,resident
2026-05-26,16:28,20260526-016,Matzo ball soup,Starter,1,8.95,resident
2026-05-26,16:28,20260526-016,Fruit crumble,Dessert,1,6.25,resident
2026-05-26,16:28,20260526-016,Coffee,Drinks,1,3.00,resident
2026-05-26,14:40,20260526-017,Fish pie,Main,4,13.95,resident
2026-05-26,14:40,20260526-017,Soup of the day,Starter,4,7.95,resident
2026-05-26,14:40,20260526-017,Sticky toffee pudding,Dessert,4,6.50,resident
2026-05-26,14:40,20260526-017,Glass of house wine,Drinks,4,5.50,resident
2026-05-26,14:40,20260526-017,Fish pie,Main,4,13.95,resident
2026-05-26,14:40,20260526-017,Sticky toffee pudding,Dessert,4,6.50,resident
2026-05-26,14:40,20260526-017,Glass of house wine,Drinks,4,5.50,resident
2026-05-26,14:40,20260526-017,Shepherd's pie,Main,4,12.95,resident
2026-05-26,14:40,20260526-017,Soup of the day,Starter,4,7.95,resident
2026-05-26,14:40,20260526-017,Fruit crumble,Dessert,4,6.25,resident
2026-05-26,14:40,20260526-017,Coffee,Drinks,4,3.00,resident
2026-05-26,14:40,20260526-017,Shepherd's pie,Main,4,12.95,resident
2026-05-26,14:40,20260526-017,Matzo ball soup,Starter,4,8.95,resident
2026-05-26,14:40,20260526-017,Pot of tea,Drinks,4,3.25,resident
2026-05-26,17:03,20260526-018,Fish pie,Main,2,13.95,external
2026-05-26,17:03,20260526-018,Sticky toffee pudding,Dessert,2,6.50,external
2026-05-26,17:03,20260526-018,Glass of house wine,Drinks,2,5.50,external
2026-05-26,17:03,20260526-018,Roast chicken,Main,2,14.50,external
2026-05-26,17:03,20260526-018,Fruit crumble,Dessert,2,6.25,external
2026-05-26,17:03,20260526-018,Glass of house wine,Drinks,2,5.50,external
2026-05-26,17:49,20260526-019,Roast chicken,Main,2,14.50,resident
2026-05-26,17:49,20260526-019,Matzo ball soup,Starter,2,8.95,resident
2026-05-26,17:49,20260526-019,Grilled salmon,Main,2,15.00,resident
2026-05-26,17:49,20260526-019,Glass of house wine,Drinks,2,5.50,resident
2026-05-26,13:22,20260526-020,Shepherd's pie,Main,1,12.95,resident
2026-05-26,13:22,20260526-020,Glass of house wine,Drinks,1,5.50,resident
2026-05-26,16:25,20260526-021,Shepherd's pie,Main,1,12.95,resident
2026-05-26,16:25,20260526-021,Soup of the day,Starter,1,7.95,resident
2026-05-26,16:25,20260526-021,Coffee,Drinks,1,3.00,resident
2026-05-26,13:59,20260526-022,Fish pie,Main,2,13.95,resident
2026-05-26,13:59,20260526-022,Coffee,Drinks,2,3.00,resident
2026-05-26,13:59,20260526-022,Fish pie,Main,2,13.95,resident
2026-05-26,13:59,20260526-022,Pot of tea,Drinks,2,3.25,resident
2026-05-26,15:50,20260526-023,Roast chicken,Main,2,14.50,resident
2026-05-26,15:50,20260526-023,Pot of tea,Drinks,2,3.25,resident
2026-05-26,15:50,20260526-023,Shepherd's pie,Main,2,12.95,resident
2026-05-26,15:50,20260526-023,Coffee,Drinks,2,3.00,resident
2026-05-26,16:14,20260526-024,Shepherd's pie,Main,2,12.95,resident
2026-05-26,16:14,20260526-024,Glass of house wine,Drinks,2,5.50,resident
2026-05-26,16:14,20260526-024,Roast chicken,Main,2,14.50,resident
2026-05-26,16:14,20260526-024,Matzo ball soup,Starter,2,8.95,resident
2026-05-26,16:14,20260526-024,Sticky toffee pudding,Dessert,2,6.50,resident
2026-05-26,16:14,20260526-024,Pot of tea,Drinks,2,3.25,resident
2026-05-26,13:21,20260526-025,Shepherd's pie,Main,2,12.95,resident
2026-05-26,13:21,20260526-025,Pot of tea,Drinks,2,3.25,resident
2026-05-26,13:21,20260526-025,Shepherd's pie,Main,2,12.95,resident
2026-05-26,13:21,20260526-025,Glass of house wine,Drinks,2,5.50,resident
2026-05-26,17:33,20260526-026,Fish pie,Main,1,13.95,resident
2026-05-26,17:33,20260526-026,Matzo ball soup,Starter,1,8.95,resident
2026-05-26,17:33,20260526-026,Fruit crumble,Dessert,1,6.25,resident
2026-05-26,12:20,20260526-027,Vegetable biryani,Main,3,11.95,resident
2026-05-26,12:20,20260526-027,Fruit crumble,Dessert,3,6.25,resident
2026-05-26,12:20,20260526-027,Pot of tea,Drinks,3,3.25,resident
2026-05-26,12:20,20260526-027,Vegetable biryani,Main,3,11.95,resident
2026-05-26,12:20,20260526-027,Coffee,Drinks,3,3.00,resident
2026-05-26,12:20,20260526-027,Paneer & spinach curry,Main,3,12.50,resident
2026-05-26,12:20,20260526-027,Glass of house wine,Drinks,3,5.50,resident
2026-05-26,15:41,20260526-028,Vegetable biryani,Main,3,11.95,resident
2026-05-26,15:41,20260526-028,Fruit crumble,Dessert,3,6.25,resident
2026-05-26,15:41,20260526-028,Glass of house wine,Drinks,3,5.50,resident
2026-05-26,15:41,20260526-028,Vegetable biryani,Main,3,11.95,resident
2026-05-26,15:41,20260526-028,Matzo ball soup,Starter,3,8.95,resident
2026-05-26,15:41,20260526-028,Pot of tea,Drinks,3,3.25,resident
2026-05-26,15:41,20260526-028,Vegetable biryani,Main,3,11.95,resident
2026-05-26,15:41,20260526-028,Glass of house wine,Drinks,3,5.50,resident
2026-05-26,12:46,20260526-029,Fish pie,Main,2,13.95,resident
2026-05-26,12:46,20260526-029,Soup of the day,Starter,2,7.95,resident
2026-05-26,12:46,20260526-029,Pot of tea,Drinks,2,3.25,resident
2026-05-26,12:46,20260526-029,Grilled salmon,Main,2,15.00,resident
2026-05-26,12:46,20260526-029,Soup of the day,Starter,2,7.95,resident
2026-05-26,12:46,20260526-029,Sticky toffee pudding,Dessert,2,6.50,resident
2026-05-27,12:15,20260527-001,Paneer & spinach curry,Main,2,12.50,resident
2026-05-27,12:15,20260527-001,Pot of tea,Drinks,2,3.25,resident
2026-05-27,12:15,20260527-001,Shepherd's pie,Main,2,12.95,resident
2026-05-27,12:15,20260527-001,Sticky toffee pudding,Dessert,2,6.50,resident
2026-05-27,12:15,20260527-001,Coffee,Drinks,2,3.00,resident
2026-05-27,18:22,20260527-002,Paneer & spinach curry,Main,1,12.50,resident
2026-05-27,18:22,20260527-002,Matzo ball soup,Starter,1,8.95,resident
2026-05-27,18:22,20260527-002,Pot of tea,Drinks,1,3.25,resident
2026-05-27,15:00,20260527-003,Vegetable biryani,Main,1,11.95,resident
2026-05-27,15:00,20260527-003,Matzo ball soup,Starter,1,8.95,resident
2026-05-27,15:00,20260527-003,Pot of tea,Drinks,1,3.25,resident
2026-05-27,14:17,20260527-004,Fish pie,Main,2,13.95,resident
2026-05-27,14:17,20260527-004,Sticky toffee pudding,Dessert,2,6.50,resident
2026-05-27,14:17,20260527-004,Glass of house wine,Drinks,2,5.50,resident
2026-05-27,14:17,20260527-004,Roast chicken,Main,2,14.50,resident
2026-05-27,14:17,20260527-004,Coffee,Drinks,2,3.00,resident
2026-05-27,16:07,20260527-005,Paneer & spinach curry,Main,3,12.50,resident
2026-05-27,16:07,20260527-005,Matzo ball soup,Starter,3,8.95,resident
2026-05-27,16:07,20260527-005,Coffee,Drinks,3,3.00,resident
2026-05-27,16:07,20260527-005,Fish pie,Main,3,13.95,resident
2026-05-27,16:07,20260527-005,Soup of the day,Starter,3,7.95,resident
2026-05-27,16:07,20260527-005,Sticky toffee pudding,Dessert,3,6.50,resident
2026-05-27,16:07,20260527-005,Pot of tea,Drinks,3,3.25,resident
2026-05-27,16:07,20260527-005,Paneer & spinach curry,Main,3,12.50,resident
2026-05-27,16:07,20260527-005,Soup of the day,Starter,3,7.95,resident
2026-05-27,16:46,20260527-006,Vegetable biryani,Main,4,11.95,resident
2026-05-27,16:46,20260527-006,Soup of the day,Starter,4,7.95,resident
2026-05-27,16:46,20260527-006,Glass of house wine,Drinks,4,5.50,resident
2026-05-27,16:46,20260527-006,Roast chicken,Main,4,14.50,resident
2026-05-27,16:46,20260527-006,Matzo ball soup,Starter,4,8.95,resident
2026-05-27,16:46,20260527-006,Coffee,Drinks,4,3.00,resident
2026-05-27,16:46,20260527-006,Roast chicken,Main,4,14.50,resident
2026-05-27,16:46,20260527-006,Fruit crumble,Dessert,4,6.25,resident
2026-05-27,16:46,20260527-006,Glass of house wine,Drinks,4,5.50,resident
2026-05-27,16:46,20260527-006,Fish pie,Main,4,13.95,resident
2026-05-27,16:46,20260527-006,Glass of house wine,Drinks,4,5.50,resident
2026-05-27,15:06,20260527-007,Paneer & spinach curry,Main,1,12.50,resident
2026-05-27,15:06,20260527-007,Soup of the day,Starter,1,7.95,resident
2026-05-27,15:06,20260527-007,Pot of tea,Drinks,1,3.25,resident
2026-05-27,18:13,20260527-008,Vegetable biryani,Main,1,11.95,resident
2026-05-27,18:13,20260527-008,Coffee,Drinks,1,3.00,resident
2026-05-27,14:01,20260527-009,Shepherd's pie,Main,2,12.95,resident
2026-05-27,14:01,20260527-009,Fruit crumble,Dessert,2,6.25,resident
2026-05-27,14:01,20260527-009,Fish pie,Main,2,13.95,resident
2026-05-27,14:01,20260527-009,Coffee,Drinks,2,3.00,resident
2026-05-27,12:18,20260527-010,Fish pie,Main,3,13.95,resident
2026-05-27,12:18,20260527-010,Roast chicken,Main,3,14.50,resident
2026-05-27,12:18,20260527-010,Pot of tea,Drinks,3,3.25,resident
2026-05-27,12:18,20260527-010,Fish pie,Main,3,13.95,resident
2026-05-27,12:18,20260527-010,Fruit crumble,Dessert,3,6.25,resident
2026-05-27,12:18,20260527-010,Coffee,Drinks,3,3.00,resident
2026-05-27,18:32,20260527-011,Fish pie,Main,2,13.95,resident
2026-05-27,18:32,20260527-011,Coffee,Drinks,2,3.00,resident
2026-05-27,18:32,20260527-011,Shepherd's pie,Main,2,12.95,resident
2026-05-27,18:32,20260527-011,Soup of the day,Starter,2,7.95,resident
2026-05-27,18:32,20260527-011,Pot of tea,Drinks,2,3.25,resident
2026-05-27,16:35,20260527-012,Paneer & spinach curry,Main,3,12.50,resident
2026-05-27,16:35,20260527-012,Fruit crumble,Dessert,3,6.25,resident
2026-05-27,16:35,20260527-012,Coffee,Drinks,3,3.00,resident
2026-05-27,16:35,20260527-012,Grilled salmon,Main,3,15.00,resident
2026-05-27,16:35,20260527-012,Soup of the day,Starter,3,7.95,resident
2026-05-27,16:35,20260527-012,Pot of tea,Drinks,3,3.25,resident
2026-05-27,16:35,20260527-012,Paneer & spinach curry,Main,3,12.50,resident
2026-05-27,16:35,20260527-012,Pot of tea,Drinks,3,3.25,resident
2026-05-27,17:14,20260527-013,Roast chicken,Main,2,14.50,resident
2026-05-27,17:14,20260527-013,Glass of house wine,Drinks,2,5.50,resident
2026-05-27,17:14,20260527-013,Roast chicken,Main,2,14.50,resident
2026-05-27,17:14,20260527-013,Fruit crumble,Dessert,2,6.25,resident
2026-05-27,17:14,20260527-013,Glass of house wine,Drinks,2,5.50,resident
2026-05-27,13:58,20260527-014,Fish pie,Main,2,13.95,resident
2026-05-27,13:58,20260527-014,Matzo ball soup,Starter,2,8.95,resident
2026-05-27,13:58,20260527-014,Glass of house wine,Drinks,2,5.50,resident
2026-05-27,13:58,20260527-014,Roast chicken,Main,2,14.50,resident
2026-05-27,13:58,20260527-014,Soup of the day,Starter,2,7.95,resident
2026-05-27,13:58,20260527-014,Sticky toffee pudding,Dessert,2,6.50,resident
2026-05-27,13:58,20260527-014,Pot of tea,Drinks,2,3.25,resident
2026-05-27,17:49,20260527-015,Paneer & spinach curry,Main,3,12.50,resident
2026-05-27,17:49,20260527-015,Soup of the day,Starter,3,7.95,resident
2026-05-27,17:49,20260527-015,Coffee,Drinks,3,3.00,resident
2026-05-27,17:49,20260527-015,Fish pie,Main,3,13.95,resident
2026-05-27,17:49,20260527-015,Fish pie,Main,3,13.95,resident
2026-05-27,17:49,20260527-015,Soup of the day,Starter,3,7.95,resident
2026-05-27,17:49,20260527-015,Pot of tea,Drinks,3,3.25,resident
2026-05-27,13:06,20260527-016,Vegetable biryani,Main,3,11.95,resident
2026-05-27,13:06,20260527-016,Paneer & spinach curry,Main,3,12.50,resident
2026-05-27,13:06,20260527-016,Matzo ball soup,Starter,3,8.95,resident
2026-05-27,13:06,20260527-016,Glass of house wine,Drinks,3,5.50,resident
2026-05-27,13:06,20260527-016,Vegetable biryani,Main,3,11.95,resident
2026-05-27,13:06,20260527-016,Sticky toffee pudding,Dessert,3,6.50,resident
2026-05-27,13:06,20260527-016,Glass of house wine,Drinks,3,5.50,resident
2026-05-27,13:13,20260527-017,Grilled salmon,Main,2,15.00,resident
2026-05-27,13:13,20260527-017,Soup of the day,Starter,2,7.95,resident
2026-05-27,13:13,20260527-017,Coffee,Drinks,2,3.00,resident
2026-05-27,13:13,20260527-017,Roast chicken,Main,2,14.50,resident
2026-05-27,13:13,20260527-017,Glass of house wine,Drinks,2,5.50,resident
2026-05-27,14:56,20260527-018,Fish pie,Main,2,13.95,external
2026-05-27,14:56,20260527-018,Coffee,Drinks,2,3.00,external
2026-05-27,14:56,20260527-018,Fish pie,Main,2,13.95,external
2026-05-27,14:56,20260527-018,Pot of tea,Drinks,2,3.25,external
2026-05-27,15:05,20260527-019,Paneer & spinach curry,Main,3,12.50,resident
2026-05-27,15:05,20260527-019,Coffee,Drinks,3,3.00,resident
2026-05-27,15:05,20260527-019,Paneer & spinach curry,Main,3,12.50,resident
2026-05-27,15:05,20260527-019,Matzo ball soup,Starter,3,8.95,resident
2026-05-27,15:05,20260527-019,Coffee,Drinks,3,3.00,resident
2026-05-27,15:05,20260527-019,Shepherd's pie,Main,3,12.95,resident
2026-05-27,15:05,20260527-019,Matzo ball soup,Starter,3,8.95,resident
2026-05-27,15:05,20260527-019,Pot of tea,Drinks,3,3.25,resident
2026-05-27,15:45,20260527-020,Grilled salmon,Main,1,15.00,resident
2026-05-27,15:45,20260527-020,Sticky toffee pudding,Dessert,1,6.50,resident
2026-05-27,15:45,20260527-020,Coffee,Drinks,1,3.00,resident
2026-05-27,16:49,20260527-021,Fish pie,Main,3,13.95,resident
2026-05-27,16:49,20260527-021,Glass of house wine,Drinks,3,5.50,resident
2026-05-27,16:49,20260527-021,Vegetable biryani,Main,3,11.95,resident
2026-05-27,16:49,20260527-021,Pot of tea,Drinks,3,3.25,resident
2026-05-27,16:49,20260527-021,Fish pie,Main,3,13.95,resident
2026-05-27,16:49,20260527-021,Coffee,Drinks,3,3.00,resident
2026-05-27,17:27,20260527-022,Vegetable biryani,Main,2,11.95,resident
2026-05-27,17:27,20260527-022,Sticky toffee pudding,Dessert,2,6.50,resident
2026-05-27,17:27,20260527-022,Pot of tea,Drinks,2,3.25,resident
2026-05-27,17:27,20260527-022,Fish pie,Main,2,13.95,resident
2026-05-27,17:27,20260527-022,Pot of tea,Drinks,2,3.25,resident
2026-05-27,14:16,20260527-023,Shepherd's pie,Main,4,12.95,resident
2026-05-27,14:16,20260527-023,Pot of tea,Drinks,4,3.25,resident
2026-05-27,14:16,20260527-023,Fish pie,Main,4,13.95,resident
2026-05-27,14:16,20260527-023,Sticky toffee pudding,Dessert,4,6.50,resident
2026-05-27,14:16,20260527-023,Glass of house wine,Drinks,4,5.50,resident
2026-05-27,14:16,20260527-023,Paneer & spinach curry,Main,4,12.50,resident
2026-05-27,14:16,20260527-023,Coffee,Drinks,4,3.00,resident
2026-05-27,14:16,20260527-023,Roast chicken,Main,4,14.50,resident
2026-05-27,14:16,20260527-023,Soup of the day,Starter,4,7.95,resident
2026-05-27,14:16,20260527-023,Pot of tea,Drinks,4,3.25,resident
2026-05-27,16:52,20260527-024,Roast chicken,Main,1,14.50,resident
2026-05-27,16:52,20260527-024,Soup of the day,Starter,1,7.95,resident
2026-05-27,16:52,20260527-024,Fruit crumble,Dessert,1,6.25,resident
2026-05-27,16:52,20260527-024,Coffee,Drinks,1,3.00,resident
2026-05-27,13:49,20260527-025,Paneer & spinach curry,Main,3,12.50,resident
2026-05-27,13:49,20260527-025,Matzo ball soup,Starter,3,8.95,resident
2026-05-27,13:49,20260527-025,Sticky toffee pudding,Dessert,3,6.50,resident
2026-05-27,13:49,20260527-025,Coffee,Drinks,3,3.00,resident
2026-05-27,13:49,20260527-025,Roast chicken,Main,3,14.50,resident
2026-05-27,13:49,20260527-025,Soup of the day,Starter,3,7.95,resident
2026-05-27,13:49,20260527-025,Coffee,Drinks,3,3.00,resident
2026-05-27,13:49,20260527-025,Vegetable biryani,Main,3,11.95,resident
2026-05-27,13:49,20260527-025,Matzo ball soup,Starter,3,8.95,resident
2026-05-27,13:49,20260527-025,Pot of tea,Drinks,3,3.25,resident
2026-05-28,15:55,20260528-001,Fish pie,Main,2,13.95,resident
2026-05-28,15:55,20260528-001,Coffee,Drinks,2,3.00,resident
2026-05-28,15:55,20260528-001,Roast chicken,Main,2,14.50,resident
2026-05-28,15:55,20260528-001,Matzo ball soup,Starter,2,8.95,resident
2026-05-28,15:55,20260528-001,Coffee,Drinks,2,3.00,resident
2026-05-28,18:23,20260528-002,Roast chicken,Main,4,14.50,resident
2026-05-28,18:23,20260528-002,Matzo ball soup,Starter,4,8.95,resident
2026-05-28,18:23,20260528-002,Coffee,Drinks,4,3.00,resident
2026-05-28,18:23,20260528-002,Fish pie,Main,4,13.95,resident
2026-05-28,18:23,20260528-002,Matzo ball soup,Starter,4,8.95,resident
2026-05-28,18:23,20260528-002,Coffee,Drinks,4,3.00,resident
2026-05-28,18:23,20260528-002,Roast chicken,Main,4,14.50,resident
2026-05-28,18:23,20260528-002,Soup of the day,Starter,4,7.95,resident
2026-05-28,18:23,20260528-002,Sticky toffee pudding,Dessert,4,6.50,resident
2026-05-28,18:23,20260528-002,Glass of house wine,Drinks,4,5.50,resident
2026-05-28,18:23,20260528-002,Fish pie,Main,4,13.95,resident
2026-05-28,18:23,20260528-002,Sticky toffee pudding,Dessert,4,6.50,resident
2026-05-28,18:23,20260528-002,Coffee,Drinks,4,3.00,resident
2026-05-28,15:55,20260528-003,Grilled salmon,Main,3,15.00,resident
2026-05-28,15:55,20260528-003,Matzo ball soup,Starter,3,8.95,resident
2026-05-28,15:55,20260528-003,Glass of house wine,Drinks,3,5.50,resident
2026-05-28,15:55,20260528-003,Roast chicken,Main,3,14.50,resident
2026-05-28,15:55,20260528-003,Matzo ball soup,Starter,3,8.95,resident
2026-05-28,15:55,20260528-003,Sticky toffee pudding,Dessert,3,6.50,resident
2026-05-28,15:55,20260528-003,Pot of tea,Drinks,3,3.25,resident
2026-05-28,15:55,20260528-003,Roast chicken,Main,3,14.50,resident
2026-05-28,15:55,20260528-003,Soup of the day,Starter,3,7.95,resident
2026-05-28,14:07,20260528-004,Vegetable biryani,Main,3,11.95,resident
2026-05-28,14:07,20260528-004,Fruit crumble,Dessert,3,6.25,resident
2026-05-28,14:07,20260528-004,Pot of tea,Drinks,3,3.25,resident
2026-05-28,14:07,20260528-004,Paneer & spinach curry,Main,3,12.50,resident
2026-05-28,14:07,20260528-004,Matzo ball soup,Starter,3,8.95,resident
2026-05-28,14:07,20260528-004,Coffee,Drinks,3,3.00,resident
2026-05-28,14:07,20260528-004,Paneer & spinach curry,Main,3,12.50,resident
2026-05-28,14:07,20260528-004,Fruit crumble,Dessert,3,6.25,resident
2026-05-28,14:07,20260528-004,Glass of house wine,Drinks,3,5.50,resident
2026-05-28,16:45,20260528-005,Grilled salmon,Main,1,15.00,resident
2026-05-28,16:45,20260528-005,Pot of tea,Drinks,1,3.25,resident
2026-05-28,13:08,20260528-006,Paneer & spinach curry,Main,2,12.50,resident
2026-05-28,13:08,20260528-006,Matzo ball soup,Starter,2,8.95,resident
2026-05-28,13:08,20260528-006,Coffee,Drinks,2,3.00,resident
2026-05-28,13:08,20260528-006,Paneer & spinach curry,Main,2,12.50,resident
2026-05-28,13:08,20260528-006,Fruit crumble,Dessert,2,6.25,resident
2026-05-28,13:08,20260528-006,Glass of house wine,Drinks,2,5.50,resident
2026-05-28,17:35,20260528-007,Fish pie,Main,3,13.95,external
2026-05-28,17:35,20260528-007,Coffee,Drinks,3,3.00,external
2026-05-28,17:35,20260528-007,Vegetable biryani,Main,3,11.95,external
2026-05-28,17:35,20260528-007,Sticky toffee pudding,Dessert,3,6.50,external
2026-05-28,17:35,20260528-007,Pot of tea,Drinks,3,3.25,external
2026-05-28,17:35,20260528-007,Fish pie,Main,3,13.95,external
2026-05-28,17:35,20260528-007,Soup of the day,Starter,3,7.95,external
2026-05-28,17:35,20260528-007,Pot of tea,Drinks,3,3.25,external
2026-05-28,18:30,20260528-008,Fish pie,Main,2,13.95,resident
2026-05-28,18:30,20260528-008,Sticky toffee pudding,Dessert,2,6.50,resident
2026-05-28,18:30,20260528-008,Coffee,Drinks,2,3.00,resident
2026-05-28,18:30,20260528-008,Roast chicken,Main,2,14.50,resident
2026-05-28,18:30,20260528-008,Soup of the day,Starter,2,7.95,resident
2026-05-28,18:30,20260528-008,Pot of tea,Drinks,2,3.25,resident
2026-05-28,13:58,20260528-009,Paneer & spinach curry,Main,1,12.50,resident
2026-05-28,13:58,20260528-009,Matzo ball soup,Starter,1,8.95,resident
2026-05-28,13:58,20260528-009,Glass of house wine,Drinks,1,5.50,resident
2026-05-28,17:02,20260528-010,Fish pie,Main,2,13.95,external
2026-05-28,17:02,20260528-010,Soup of the day,Starter,2,7.95,external
2026-05-28,17:02,20260528-010,Roast chicken,Main,2,14.50,external
2026-05-28,17:02,20260528-010,Soup of the day,Starter,2,7.95,external
2026-05-28,17:02,20260528-010,Coffee,Drinks,2,3.00,external
2026-05-28,12:03,20260528-011,Grilled salmon,Main,2,15.00,resident
2026-05-28,12:03,20260528-011,Sticky toffee pudding,Dessert,2,6.50,resident
2026-05-28,12:03,20260528-011,Pot of tea,Drinks,2,3.25,resident
2026-05-28,12:03,20260528-011,Shepherd's pie,Main,2,12.95,resident
2026-05-28,12:03,20260528-011,Pot of tea,Drinks,2,3.25,resident
2026-05-28,18:42,20260528-012,Roast chicken,Main,2,14.50,resident
2026-05-28,18:42,20260528-012,Soup of the day,Starter,2,7.95,resident
2026-05-28,18:42,20260528-012,Glass of house wine,Drinks,2,5.50,resident
2026-05-28,18:42,20260528-012,Fish pie,Main,2,13.95,resident
2026-05-28,18:42,20260528-012,Matzo ball soup,Starter,2,8.95,resident
2026-05-28,18:42,20260528-012,Fruit crumble,Dessert,2,6.25,resident
2026-05-28,18:42,20260528-012,Glass of house wine,Drinks,2,5.50,resident
2026-05-28,12:30,20260528-013,Vegetable biryani,Main,1,11.95,resident
2026-05-28,12:30,20260528-013,Matzo ball soup,Starter,1,8.95,resident
2026-05-28,12:30,20260528-013,Fruit crumble,Dessert,1,6.25,resident
2026-05-28,12:30,20260528-013,Glass of house wine,Drinks,1,5.50,resident
2026-05-28,18:30,20260528-014,Shepherd's pie,Main,2,12.95,resident
2026-05-28,18:30,20260528-014,Matzo ball soup,Starter,2,8.95,resident
2026-05-28,18:30,20260528-014,Coffee,Drinks,2,3.00,resident
2026-05-28,18:30,20260528-014,Grilled salmon,Main,2,15.00,resident
2026-05-28,18:30,20260528-014,Matzo ball soup,Starter,2,8.95,resident
2026-05-28,18:30,20260528-014,Sticky toffee pudding,Dessert,2,6.50,resident
2026-05-28,18:30,20260528-014,Glass of house wine,Drinks,2,5.50,resident
2026-05-28,12:31,20260528-015,Fish pie,Main,2,13.95,resident
2026-05-28,12:31,20260528-015,Glass of house wine,Drinks,2,5.50,resident
2026-05-28,12:31,20260528-015,Grilled salmon,Main,2,15.00,resident
2026-05-28,12:31,20260528-015,Matzo ball soup,Starter,2,8.95,resident
2026-05-28,12:31,20260528-015,Glass of house wine,Drinks,2,5.50,resident
2026-05-28,14:21,20260528-016,Fish pie,Main,4,13.95,resident
2026-05-28,14:21,20260528-016,Sticky toffee pudding,Dessert,4,6.50,resident
2026-05-28,14:21,20260528-016,Pot of tea,Drinks,4,3.25,resident
2026-05-28,14:21,20260528-016,Fish pie,Main,4,13.95,resident
2026-05-28,14:21,20260528-016,Soup of the day,Starter,4,7.95,resident
2026-05-28,14:21,20260528-016,Pot of tea,Drinks,4,3.25,resident
2026-05-28,14:21,20260528-016,Shepherd's pie,Main,4,12.95,resident
2026-05-28,14:21,20260528-016,Matzo ball soup,Starter,4,8.95,resident
2026-05-28,14:21,20260528-016,Coffee,Drinks,4,3.00,resident
2026-05-28,14:21,20260528-016,Fish pie,Main,4,13.95,resident
2026-05-28,14:21,20260528-016,Fruit crumble,Dessert,4,6.25,resident
2026-05-28,15:21,20260528-017,Fish pie,Main,3,13.95,resident
2026-05-28,15:21,20260528-017,Matzo ball soup,Starter,3,8.95,resident
2026-05-28,15:21,20260528-017,Coffee,Drinks,3,3.00,resident
2026-05-28,15:21,20260528-017,Shepherd's pie,Main,3,12.95,resident
2026-05-28,15:21,20260528-017,Matzo ball soup,Starter,3,8.95,resident
2026-05-28,15:21,20260528-017,Pot of tea,Drinks,3,3.25,resident
2026-05-28,15:21,20260528-017,Paneer & spinach curry,Main,3,12.50,resident
2026-05-28,15:21,20260528-017,Glass of house wine,Drinks,3,5.50,resident
2026-05-28,15:48,20260528-018,Grilled salmon,Main,1,15.00,resident
2026-05-28,15:48,20260528-018,Coffee,Drinks,1,3.00,resident
2026-05-28,14:00,20260528-019,Vegetable biryani,Main,2,11.95,resident
2026-05-28,14:00,20260528-019,Soup of the day,Starter,2,7.95,resident
2026-05-28,14:00,20260528-019,Coffee,Drinks,2,3.00,resident
2026-05-28,14:00,20260528-019,Grilled salmon,Main,2,15.00,resident
2026-05-28,14:00,20260528-019,Matzo ball soup,Starter,2,8.95,resident
2026-05-28,14:00,20260528-019,Sticky toffee pudding,Dessert,2,6.50,resident
2026-05-28,14:00,20260528-019,Glass of house wine,Drinks,2,5.50,resident
2026-05-28,19:00,20260528-020,Shepherd's pie,Main,3,12.95,resident
2026-05-28,19:00,20260528-020,Glass of house wine,Drinks,3,5.50,resident
2026-05-28,19:00,20260528-020,Roast chicken,Main,3,14.50,resident
2026-05-28,19:00,20260528-020,Soup of the day,Starter,3,7.95,resident
2026-05-28,19:00,20260528-020,Pot of tea,Drinks,3,3.25,resident
2026-05-28,19:00,20260528-020,Vegetable biryani,Main,3,11.95,resident
2026-05-28,19:00,20260528-020,Fruit crumble,Dessert,3,6.25,resident
2026-05-28,16:08,20260528-021,Roast chicken,Main,1,14.50,resident
2026-05-28,16:08,20260528-021,Coffee,Drinks,1,3.00,resident
2026-05-28,15:43,20260528-022,Grilled salmon,Main,3,15.00,resident
2026-05-28,15:43,20260528-022,Glass of house wine,Drinks,3,5.50,resident
2026-05-28,15:43,20260528-022,Vegetable biryani,Main,3,11.95,resident
2026-05-28,15:43,20260528-022,Glass of house wine,Drinks,3,5.50,resident
2026-05-28,15:43,20260528-022,Grilled salmon,Main,3,15.00,resident
2026-05-28,15:43,20260528-022,Fruit crumble,Dessert,3,6.25,resident
2026-05-28,15:43,20260528-022,Coffee,Drinks,3,3.00,resident
2026-05-28,13:49,20260528-023,Vegetable biryani,Main,1,11.95,resident
2026-05-28,13:49,20260528-023,Glass of house wine,Drinks,1,5.50,resident
2026-05-28,13:21,20260528-024,Grilled salmon,Main,2,15.00,resident
2026-05-28,13:21,20260528-024,Soup of the day,Starter,2,7.95,resident
2026-05-28,13:21,20260528-024,Sticky toffee pudding,Dessert,2,6.50,resident
2026-05-28,13:21,20260528-024,Coffee,Drinks,2,3.00,resident
2026-05-28,13:21,20260528-024,Vegetable biryani,Main,2,11.95,resident
2026-05-28,13:21,20260528-024,Coffee,Drinks,2,3.00,resident
2026-05-28,13:15,20260528-025,Roast chicken,Main,2,14.50,resident
2026-05-28,13:15,20260528-025,Pot of tea,Drinks,2,3.25,resident
2026-05-28,13:15,20260528-025,Grilled salmon,Main,2,15.00,resident
2026-05-28,13:15,20260528-025,Sticky toffee pudding,Dessert,2,6.50,resident
2026-05-28,13:15,20260528-025,Coffee,Drinks,2,3.00,resident
2026-05-28,15:24,20260528-026,Paneer & spinach curry,Main,4,12.50,resident
2026-05-28,15:24,20260528-026,Sticky toffee pudding,Dessert,4,6.50,resident
2026-05-28,15:24,20260528-026,Coffee,Drinks,4,3.00,resident
2026-05-28,15:24,20260528-026,Paneer & spinach curry,Main,4,12.50,resident
2026-05-28,15:24,20260528-026,Coffee,Drinks,4,3.00,resident
2026-05-28,15:24,20260528-026,Vegetable biryani,Main,4,11.95,resident
2026-05-28,15:24,20260528-026,Matzo ball soup,Starter,4,8.95,resident
2026-05-28,15:24,20260528-026,Glass of house wine,Drinks,4,5.50,resident
2026-05-28,15:24,20260528-026,Vegetable biryani,Main,4,11.95,resident
2026-05-28,15:24,20260528-026,Soup of the day,Starter,4,7.95,resident
2026-05-28,15:24,20260528-026,Sticky toffee pudding,Dessert,4,6.50,resident
2026-05-28,15:24,20260528-026,Glass of house wine,Drinks,4,5.50,resident
2026-05-28,16:48,20260528-027,Vegetable biryani,Main,1,11.95,resident
2026-05-28,16:48,20260528-027,Matzo ball soup,Starter,1,8.95,resident
2026-05-28,16:48,20260528-027,Pot of tea,Drinks,1,3.25,resident
2026-05-28,14:18,20260528-028,Vegetable biryani,Main,3,11.95,resident
2026-05-28,14:18,20260528-028,Pot of tea,Drinks,3,3.25,resident
2026-05-28,14:18,20260528-028,Shepherd's pie,Main,3,12.95,resident
2026-05-28,14:18,20260528-028,Shepherd's pie,Main,3,12.95,resident
2026-05-28,14:18,20260528-028,Sticky toffee pudding,Dessert,3,6.50,resident
2026-05-28,14:18,20260528-028,Glass of house wine,Drinks,3,5.50,resident
2026-05-29,12:13,20260529-001,Vegetable biryani,Main,2,11.95,resident
2026-05-29,12:13,20260529-001,Matzo ball soup,Starter,2,8.95,resident
2026-05-29,12:13,20260529-001,Pot of tea,Drinks,2,3.25,resident
2026-05-29,12:13,20260529-001,Shepherd's pie,Main,2,12.95,resident
2026-05-29,12:13,20260529-001,Soup of the day,Starter,2,7.95,resident
2026-05-29,12:13,20260529-001,Pot of tea,Drinks,2,3.25,resident
2026-05-29,16:39,20260529-002,Vegetable biryani,Main,2,11.95,resident
2026-05-29,16:39,20260529-002,Glass of house wine,Drinks,2,5.50,resident
2026-05-29,16:39,20260529-002,Shepherd's pie,Main,2,12.95,resident
2026-05-29,16:39,20260529-002,Coffee,Drinks,2,3.00,resident
2026-05-29,14:12,20260529-003,Fish pie,Main,1,13.95,resident
2026-05-29,14:12,20260529-003,Pot of tea,Drinks,1,3.25,resident
2026-05-29,17:19,20260529-004,Roast chicken,Main,2,14.50,resident
2026-05-29,17:19,20260529-004,Matzo ball soup,Starter,2,8.95,resident
2026-05-29,17:19,20260529-004,Coffee,Drinks,2,3.00,resident
2026-05-29,17:19,20260529-004,Grilled salmon,Main,2,15.00,resident
2026-05-29,17:19,20260529-004,Matzo ball soup,Starter,2,8.95,resident
2026-05-29,17:19,20260529-004,Coffee,Drinks,2,3.00,resident
2026-05-29,13:49,20260529-005,Shepherd's pie,Main,1,12.95,resident
2026-05-29,13:49,20260529-005,Sticky toffee pudding,Dessert,1,6.50,resident
2026-05-29,13:49,20260529-005,Glass of house wine,Drinks,1,5.50,resident
2026-05-29,12:48,20260529-006,Grilled salmon,Main,2,15.00,resident
2026-05-29,12:48,20260529-006,Matzo ball soup,Starter,2,8.95,resident
2026-05-29,12:48,20260529-006,Paneer & spinach curry,Main,2,12.50,resident
2026-05-29,12:48,20260529-006,Sticky toffee pudding,Dessert,2,6.50,resident
2026-05-29,12:48,20260529-006,Coffee,Drinks,2,3.00,resident
2026-05-29,17:56,20260529-007,Roast chicken,Main,3,14.50,resident
2026-05-29,17:56,20260529-007,Pot of tea,Drinks,3,3.25,resident
2026-05-29,17:56,20260529-007,Grilled salmon,Main,3,15.00,resident
2026-05-29,17:56,20260529-007,Coffee,Drinks,3,3.00,resident
2026-05-29,17:56,20260529-007,Fish pie,Main,3,13.95,resident
2026-05-29,17:56,20260529-007,Pot of tea,Drinks,3,3.25,resident
2026-05-29,16:37,20260529-008,Grilled salmon,Main,1,15.00,resident
2026-05-29,16:37,20260529-008,Soup of the day,Starter,1,7.95,resident
2026-05-29,16:37,20260529-008,Glass of house wine,Drinks,1,5.50,resident
2026-05-29,14:18,20260529-009,Roast chicken,Main,1,14.50,resident
2026-05-29,14:18,20260529-009,Coffee,Drinks,1,3.00,resident
2026-05-29,14:15,20260529-010,Vegetable biryani,Main,2,11.95,resident
2026-05-29,14:15,20260529-010,Grilled salmon,Main,2,15.00,resident
2026-05-29,14:15,20260529-010,Pot of tea,Drinks,2,3.25,resident
2026-05-29,15:15,20260529-011,Grilled salmon,Main,4,15.00,resident
2026-05-29,15:15,20260529-011,Fruit crumble,Dessert,4,6.25,resident
2026-05-29,15:15,20260529-011,Coffee,Drinks,4,3.00,resident
2026-05-29,15:15,20260529-011,Grilled salmon,Main,4,15.00,resident
2026-05-29,15:15,20260529-011,Matzo ball soup,Starter,4,8.95,resident
2026-05-29,15:15,20260529-011,Coffee,Drinks,4,3.00,resident
2026-05-29,15:15,20260529-011,Roast chicken,Main,4,14.50,resident
2026-05-29,15:15,20260529-011,Fish pie,Main,4,13.95,resident
2026-05-29,15:15,20260529-011,Pot of tea,Drinks,4,3.25,resident
2026-05-29,12:40,20260529-012,Grilled salmon,Main,1,15.00,resident
2026-05-29,12:40,20260529-012,Soup of the day,Starter,1,7.95,resident
2026-05-29,12:40,20260529-012,Fruit crumble,Dessert,1,6.25,resident
2026-05-29,12:40,20260529-012,Coffee,Drinks,1,3.00,resident
2026-05-29,12:51,20260529-013,Paneer & spinach curry,Main,2,12.50,resident
2026-05-29,12:51,20260529-013,Matzo ball soup,Starter,2,8.95,resident
2026-05-29,12:51,20260529-013,Glass of house wine,Drinks,2,5.50,resident
2026-05-29,12:51,20260529-013,Grilled salmon,Main,2,15.00,resident
2026-05-29,12:51,20260529-013,Sticky toffee pudding,Dessert,2,6.50,resident
2026-05-29,12:51,20260529-013,Coffee,Drinks,2,3.00,resident
2026-05-29,12:24,20260529-014,Shepherd's pie,Main,2,12.95,resident
2026-05-29,12:24,20260529-014,Coffee,Drinks,2,3.00,resident
2026-05-29,12:24,20260529-014,Vegetable biryani,Main,2,11.95,resident
2026-05-29,12:24,20260529-014,Pot of tea,Drinks,2,3.25,resident
2026-05-29,13:22,20260529-015,Paneer & spinach curry,Main,2,12.50,external
2026-05-29,13:22,20260529-015,Soup of the day,Starter,2,7.95,external
2026-05-29,13:22,20260529-015,Pot of tea,Drinks,2,3.25,external
2026-05-29,13:22,20260529-015,Roast chicken,Main,2,14.50,external
2026-05-29,13:22,20260529-015,Pot of tea,Drinks,2,3.25,external
2026-05-29,18:40,20260529-016,Vegetable biryani,Main,2,11.95,resident
2026-05-29,18:40,20260529-016,Matzo ball soup,Starter,2,8.95,resident
2026-05-29,18:40,20260529-016,Fruit crumble,Dessert,2,6.25,resident
2026-05-29,18:40,20260529-016,Pot of tea,Drinks,2,3.25,resident
2026-05-29,18:40,20260529-016,Shepherd's pie,Main,2,12.95,resident
2026-05-29,18:40,20260529-016,Pot of tea,Drinks,2,3.25,resident
2026-05-29,12:27,20260529-017,Grilled salmon,Main,3,15.00,resident
2026-05-29,12:27,20260529-017,Soup of the day,Starter,3,7.95,resident
2026-05-29,12:27,20260529-017,Sticky toffee pudding,Dessert,3,6.50,resident
2026-05-29,12:27,20260529-017,Coffee,Drinks,3,3.00,resident
2026-05-29,12:27,20260529-017,Shepherd's pie,Main,3,12.95,resident
2026-05-29,12:27,20260529-017,Matzo ball soup,Starter,3,8.95,resident
2026-05-29,12:27,20260529-017,Sticky toffee pudding,Dessert,3,6.50,resident
2026-05-29,12:27,20260529-017,Coffee,Drinks,3,3.00,resident
2026-05-29,12:27,20260529-017,Shepherd's pie,Main,3,12.95,resident
2026-05-29,12:27,20260529-017,Soup of the day,Starter,3,7.95,resident
2026-05-29,12:27,20260529-017,Pot of tea,Drinks,3,3.25,resident
2026-05-29,17:13,20260529-018,Roast chicken,Main,3,14.50,resident
2026-05-29,17:13,20260529-018,Matzo ball soup,Starter,3,8.95,resident
2026-05-29,17:13,20260529-018,Sticky toffee pudding,Dessert,3,6.50,resident
2026-05-29,17:13,20260529-018,Coffee,Drinks,3,3.00,resident
2026-05-29,17:13,20260529-018,Vegetable biryani,Main,3,11.95,resident
2026-05-29,17:13,20260529-018,Fruit crumble,Dessert,3,6.25,resident
2026-05-29,17:13,20260529-018,Roast chicken,Main,3,14.50,resident
2026-05-29,17:13,20260529-018,Pot of tea,Drinks,3,3.25,resident
2026-05-29,15:22,20260529-019,Shepherd's pie,Main,2,12.95,resident
2026-05-29,15:22,20260529-019,Sticky toffee pudding,Dessert,2,6.50,resident
2026-05-29,15:22,20260529-019,Pot of tea,Drinks,2,3.25,resident
2026-05-29,15:22,20260529-019,Paneer & spinach curry,Main,2,12.50,resident
2026-05-29,15:22,20260529-019,Matzo ball soup,Starter,2,8.95,resident
2026-05-29,15:22,20260529-019,Glass of house wine,Drinks,2,5.50,resident
2026-05-29,18:45,20260529-020,Fish pie,Main,3,13.95,resident
2026-05-29,18:45,20260529-020,Glass of house wine,Drinks,3,5.50,resident
2026-05-29,18:45,20260529-020,Fish pie,Main,3,13.95,resident
2026-05-29,18:45,20260529-020,Soup of the day,Starter,3,7.95,resident
2026-05-29,18:45,20260529-020,Fruit crumble,Dessert,3,6.25,resident
2026-05-29,18:45,20260529-020,Pot of tea,Drinks,3,3.25,resident
2026-05-29,18:45,20260529-020,Grilled salmon,Main,3,15.00,resident
2026-05-29,18:45,20260529-020,Glass of house wine,Drinks,3,5.50,resident
2026-05-29,18:59,20260529-021,Paneer & spinach curry,Main,2,12.50,resident
2026-05-29,18:59,20260529-021,Glass of house wine,Drinks,2,5.50,resident
2026-05-29,18:59,20260529-021,Grilled salmon,Main,2,15.00,resident
2026-05-29,18:59,20260529-021,Coffee,Drinks,2,3.00,resident
2026-05-29,18:25,20260529-022,Paneer & spinach curry,Main,2,12.50,resident
2026-05-29,18:25,20260529-022,Soup of the day,Starter,2,7.95,resident
2026-05-29,18:25,20260529-022,Fruit crumble,Dessert,2,6.25,resident
2026-05-29,18:25,20260529-022,Pot of tea,Drinks,2,3.25,resident
2026-05-29,18:25,20260529-022,Grilled salmon,Main,2,15.00,resident
2026-05-29,18:25,20260529-022,Matzo ball soup,Starter,2,8.95,resident
2026-05-29,18:25,20260529-022,Glass of house wine,Drinks,2,5.50,resident
2026-05-29,18:05,20260529-023,Paneer & spinach curry,Main,1,12.50,resident
2026-05-29,18:05,20260529-023,Coffee,Drinks,1,3.00,resident
2026-05-29,17:17,20260529-024,Roast chicken,Main,2,14.50,resident
2026-05-29,17:17,20260529-024,Glass of house wine,Drinks,2,5.50,resident
2026-05-29,17:17,20260529-024,Grilled salmon,Main,2,15.00,resident
2026-05-29,17:17,20260529-024,Matzo ball soup,Starter,2,8.95,resident
2026-05-29,17:17,20260529-024,Coffee,Drinks,2,3.00,resident
2026-05-29,15:14,20260529-025,Roast chicken,Main,2,14.50,resident
2026-05-29,15:14,20260529-025,Pot of tea,Drinks,2,3.25,resident
2026-05-29,15:14,20260529-025,Roast chicken,Main,2,14.50,resident
2026-05-29,15:14,20260529-025,Glass of house wine,Drinks,2,5.50,resident
2026-05-29,17:25,20260529-026,Shepherd's pie,Main,2,12.95,resident
2026-05-29,17:25,20260529-026,Coffee,Drinks,2,3.00,resident
2026-05-29,17:25,20260529-026,Vegetable biryani,Main,2,11.95,resident
2026-05-29,17:25,20260529-026,Sticky toffee pudding,Dessert,2,6.50,resident
2026-05-29,17:25,20260529-026,Glass of house wine,Drinks,2,5.50,resident
2026-05-29,12:18,20260529-027,Grilled salmon,Main,2,15.00,resident
2026-05-29,12:18,20260529-027,Coffee,Drinks,2,3.00,resident
2026-05-29,12:18,20260529-027,Shepherd's pie,Main,2,12.95,resident
2026-05-29,12:18,20260529-027,Soup of the day,Starter,2,7.95,resident
2026-05-29,12:18,20260529-027,Pot of tea,Drinks,2,3.25,resident
2026-05-29,14:22,20260529-028,Grilled salmon,Main,4,15.00,resident
2026-05-29,14:22,20260529-028,Fruit crumble,Dessert,4,6.25,resident
2026-05-29,14:22,20260529-028,Pot of tea,Drinks,4,3.25,resident
2026-05-29,14:22,20260529-028,Vegetable biryani,Main,4,11.95,resident
2026-05-29,14:22,20260529-028,Pot of tea,Drinks,4,3.25,resident
2026-05-29,14:22,20260529-028,Shepherd's pie,Main,4,12.95,resident
2026-05-29,14:22,20260529-028,Coffee,Drinks,4,3.00,resident
2026-05-29,14:22,20260529-028,Grilled salmon,Main,4,15.00,resident
2026-05-29,14:22,20260529-028,Sticky toffee pudding,Dessert,4,6.50,resident
2026-05-29,14:22,20260529-028,Pot of tea,Drinks,4,3.25,resident
2026-05-29,17:38,20260529-029,Vegetable biryani,Main,2,11.95,resident
2026-05-29,17:38,20260529-029,Pot of tea,Drinks,2,3.25,resident
2026-05-29,17:38,20260529-029,Vegetable biryani,Main,2,11.95,resident
2026-05-29,17:38,20260529-029,Coffee,Drinks,2,3.00,resident
2026-05-29,14:36,20260529-030,Paneer & spinach curry,Main,2,12.50,resident
2026-05-29,14:36,20260529-030,Glass of house wine,Drinks,2,5.50,resident
2026-05-29,14:36,20260529-030,Shepherd's pie,Main,2,12.95,resident
2026-05-29,14:36,20260529-030,Sticky toffee pudding,Dessert,2,6.50,resident
2026-05-29,14:36,20260529-030,Glass of house wine,Drinks,2,5.50,resident
2026-05-29,17:06,20260529-031,Shepherd's pie,Main,3,12.95,resident
2026-05-29,17:06,20260529-031,Sticky toffee pudding,Dessert,3,6.50,resident
2026-05-29,17:06,20260529-031,Vegetable biryani,Main,3,11.95,resident
2026-05-29,17:06,20260529-031,Glass of house wine,Drinks,3,5.50,resident
2026-05-29,17:06,20260529-031,Vegetable biryani,Main,3,11.95,resident
2026-05-29,17:06,20260529-031,Sticky toffee pudding,Dessert,3,6.50,resident
2026-05-29,16:15,20260529-032,Fish pie,Main,2,13.95,external
2026-05-29,16:15,20260529-032,Vegetable biryani,Main,2,11.95,external
2026-05-29,16:15,20260529-032,Pot of tea,Drinks,2,3.25,external
2026-05-29,13:14,20260529-033,Roast chicken,Main,2,14.50,resident
2026-05-29,13:14,20260529-033,Matzo ball soup,Starter,2,8.95,resident
2026-05-29,13:14,20260529-033,Sticky toffee pudding,Dessert,2,6.50,resident
2026-05-29,13:14,20260529-033,Coffee,Drinks,2,3.00,resident
2026-05-29,13:14,20260529-033,Shepherd's pie,Main,2,12.95,resident
2026-05-29,13:14,20260529-033,Glass of house wine,Drinks,2,5.50,resident
2026-05-30,12:50,20260530-001,Fish pie,Main,2,13.95,external
2026-05-30,12:50,20260530-001,Coffee,Drinks,2,3.00,external
2026-05-30,12:50,20260530-001,Fish pie,Main,2,13.95,external
2026-05-30,12:50,20260530-001,Soup of the day,Starter,2,7.95,external
2026-05-30,15:44,20260530-002,Paneer & spinach curry,Main,2,12.50,resident
2026-05-30,15:44,20260530-002,Matzo ball soup,Starter,2,8.95,resident
2026-05-30,15:44,20260530-002,Grilled salmon,Main,2,15.00,resident
2026-05-30,15:44,20260530-002,Soup of the day,Starter,2,7.95,resident
2026-05-30,15:44,20260530-002,Sticky toffee pudding,Dessert,2,6.50,resident
2026-05-30,15:09,20260530-003,Roast chicken,Main,2,14.50,resident
2026-05-30,15:09,20260530-003,Coffee,Drinks,2,3.00,resident
2026-05-30,15:09,20260530-003,Paneer & spinach curry,Main,2,12.50,resident
2026-05-30,15:09,20260530-003,Soup of the day,Starter,2,7.95,resident
2026-05-30,15:09,20260530-003,Pot of tea,Drinks,2,3.25,resident
2026-05-30,17:02,20260530-004,Vegetable biryani,Main,4,11.95,resident
2026-05-30,17:02,20260530-004,Coffee,Drinks,4,3.00,resident
2026-05-30,17:02,20260530-004,Fish pie,Main,4,13.95,resident
2026-05-30,17:02,20260530-004,Matzo ball soup,Starter,4,8.95,resident
2026-05-30,17:02,20260530-004,Sticky toffee pudding,Dessert,4,6.50,resident
2026-05-30,17:02,20260530-004,Coffee,Drinks,4,3.00,resident
2026-05-30,17:02,20260530-004,Vegetable biryani,Main,4,11.95,resident
2026-05-30,17:02,20260530-004,Fruit crumble,Dessert,4,6.25,resident
2026-05-30,17:02,20260530-004,Pot of tea,Drinks,4,3.25,resident
2026-05-30,17:02,20260530-004,Vegetable biryani,Main,4,11.95,resident
2026-05-30,17:02,20260530-004,Matzo ball soup,Starter,4,8.95,resident
2026-05-30,16:08,20260530-005,Roast chicken,Main,2,14.50,resident
2026-05-30,16:08,20260530-005,Soup of the day,Starter,2,7.95,resident
2026-05-30,16:08,20260530-005,Pot of tea,Drinks,2,3.25,resident
2026-05-30,16:08,20260530-005,Roast chicken,Main,2,14.50,resident
2026-05-30,16:08,20260530-005,Pot of tea,Drinks,2,3.25,resident
2026-05-30,12:44,20260530-006,Grilled salmon,Main,1,15.00,resident
2026-05-30,12:44,20260530-006,Pot of tea,Drinks,1,3.25,resident
2026-05-30,13:35,20260530-007,Paneer & spinach curry,Main,2,12.50,resident
2026-05-30,13:35,20260530-007,Coffee,Drinks,2,3.00,resident
2026-05-30,13:35,20260530-007,Vegetable biryani,Main,2,11.95,resident
2026-05-30,13:35,20260530-007,Matzo ball soup,Starter,2,8.95,resident
2026-05-30,13:35,20260530-007,Pot of tea,Drinks,2,3.25,resident
2026-05-30,13:00,20260530-008,Shepherd's pie,Main,2,12.95,resident
2026-05-30,13:00,20260530-008,Matzo ball soup,Starter,2,8.95,resident
2026-05-30,13:00,20260530-008,Glass of house wine,Drinks,2,5.50,resident
2026-05-30,13:00,20260530-008,Vegetable biryani,Main,2,11.95,resident
2026-05-30,13:00,20260530-008,Matzo ball soup,Starter,2,8.95,resident
2026-05-30,13:00,20260530-008,Sticky toffee pudding,Dessert,2,6.50,resident
2026-05-30,13:00,20260530-008,Pot of tea,Drinks,2,3.25,resident
2026-05-30,13:10,20260530-009,Fish pie,Main,2,13.95,resident
2026-05-30,13:10,20260530-009,Soup of the day,Starter,2,7.95,resident
2026-05-30,13:10,20260530-009,Sticky toffee pudding,Dessert,2,6.50,resident
2026-05-30,13:10,20260530-009,Coffee,Drinks,2,3.00,resident
2026-05-30,13:10,20260530-009,Paneer & spinach curry,Main,2,12.50,resident
2026-05-30,16:43,20260530-010,Paneer & spinach curry,Main,1,12.50,resident
2026-05-30,16:43,20260530-010,Matzo ball soup,Starter,1,8.95,resident
2026-05-30,16:43,20260530-010,Sticky toffee pudding,Dessert,1,6.50,resident
2026-05-30,16:43,20260530-010,Pot of tea,Drinks,1,3.25,resident
2026-05-30,15:07,20260530-011,Roast chicken,Main,1,14.50,resident
2026-05-30,15:07,20260530-011,Sticky toffee pudding,Dessert,1,6.50,resident
2026-05-30,15:07,20260530-011,Pot of tea,Drinks,1,3.25,resident
2026-05-30,14:55,20260530-012,Roast chicken,Main,4,14.50,resident
2026-05-30,14:55,20260530-012,Sticky toffee pudding,Dessert,4,6.50,resident
2026-05-30,14:55,20260530-012,Coffee,Drinks,4,3.00,resident
2026-05-30,14:55,20260530-012,Fish pie,Main,4,13.95,resident
2026-05-30,14:55,20260530-012,Coffee,Drinks,4,3.00,resident
2026-05-30,14:55,20260530-012,Paneer & spinach curry,Main,4,12.50,resident
2026-05-30,14:55,20260530-012,Matzo ball soup,Starter,4,8.95,resident
2026-05-30,14:55,20260530-012,Coffee,Drinks,4,3.00,resident
2026-05-30,14:55,20260530-012,Vegetable biryani,Main,4,11.95,resident
2026-05-30,14:55,20260530-012,Soup of the day,Starter,4,7.95,resident
2026-05-30,14:55,20260530-012,Glass of house wine,Drinks,4,5.50,resident
2026-05-30,15:19,20260530-013,Vegetable biryani,Main,2,11.95,resident
2026-05-30,15:19,20260530-013,Pot of tea,Drinks,2,3.25,resident
2026-05-30,15:19,20260530-013,Roast chicken,Main,2,14.50,resident
2026-05-30,15:19,20260530-013,Coffee,Drinks,2,3.00,resident
2026-05-30,12:59,20260530-014,Roast chicken,Main,1,14.50,resident
2026-05-30,12:59,20260530-014,Glass of house wine,Drinks,1,5.50,resident
2026-05-30,12:44,20260530-015,Shepherd's pie,Main,3,12.95,resident
2026-05-30,12:44,20260530-015,Matzo ball soup,Starter,3,8.95,resident
2026-05-30,12:44,20260530-015,Coffee,Drinks,3,3.00,resident
2026-05-30,12:44,20260530-015,Shepherd's pie,Main,3,12.95,resident
2026-05-30,12:44,20260530-015,Matzo ball soup,Starter,3,8.95,resident
2026-05-30,12:44,20260530-015,Sticky toffee pudding,Dessert,3,6.50,resident
2026-05-30,12:44,20260530-015,Coffee,Drinks,3,3.00,resident
2026-05-30,12:44,20260530-015,Vegetable biryani,Main,3,11.95,resident
2026-05-30,12:44,20260530-015,Matzo ball soup,Starter,3,8.95,resident
2026-05-30,12:44,20260530-015,Fruit crumble,Dessert,3,6.25,resident
2026-05-30,12:44,20260530-015,Coffee,Drinks,3,3.00,resident
2026-05-30,12:44,20260530-016,Vegetable biryani,Main,4,11.95,resident
2026-05-30,12:44,20260530-016,Glass of house wine,Drinks,4,5.50,resident
2026-05-30,12:44,20260530-016,Grilled salmon,Main,4,15.00,resident
2026-05-30,12:44,20260530-016,Soup of the day,Starter,4,7.95,resident
2026-05-30,12:44,20260530-016,Glass of house wine,Drinks,4,5.50,resident
2026-05-30,12:44,20260530-016,Shepherd's pie,Main,4,12.95,resident
2026-05-30,12:44,20260530-016,Soup of the day,Starter,4,7.95,resident
2026-05-30,12:44,20260530-016,Fruit crumble,Dessert,4,6.25,resident
2026-05-30,12:44,20260530-016,Pot of tea,Drinks,4,3.25,resident
2026-05-30,12:44,20260530-016,Grilled salmon,Main,4,15.00,resident
2026-05-30,12:44,20260530-016,Matzo ball soup,Starter,4,8.95,resident
2026-05-30,12:44,20260530-016,Pot of tea,Drinks,4,3.25,resident
2026-05-30,13:49,20260530-017,Grilled salmon,Main,2,15.00,resident
2026-05-30,13:49,20260530-017,Fruit crumble,Dessert,2,6.25,resident
2026-05-30,13:49,20260530-017,Pot of tea,Drinks,2,3.25,resident
2026-05-30,13:49,20260530-017,Vegetable biryani,Main,2,11.95,resident
2026-05-30,13:49,20260530-017,Glass of house wine,Drinks,2,5.50,resident
2026-05-30,13:49,20260530-018,Grilled salmon,Main,3,15.00,resident
2026-05-30,13:49,20260530-018,Soup of the day,Starter,3,7.95,resident
2026-05-30,13:49,20260530-018,Glass of house wine,Drinks,3,5.50,resident
2026-05-30,13:49,20260530-018,Fish pie,Main,3,13.95,resident
2026-05-30,13:49,20260530-018,Matzo ball soup,Starter,3,8.95,resident
2026-05-30,13:49,20260530-018,Pot of tea,Drinks,3,3.25,resident
2026-05-30,13:49,20260530-018,Roast chicken,Main,3,14.50,resident
2026-05-30,13:49,20260530-018,Glass of house wine,Drinks,3,5.50,resident
2026-05-30,14:08,20260530-019,Vegetable biryani,Main,3,11.95,resident
2026-05-30,14:08,20260530-019,Paneer & spinach curry,Main,3,12.50,resident
2026-05-30,14:08,20260530-019,Grilled salmon,Main,3,15.00,resident
2026-05-30,14:08,20260530-019,Sticky toffee pudding,Dessert,3,6.50,resident
2026-05-30,14:08,20260530-019,Pot of tea,Drinks,3,3.25,resident
2026-05-30,18:57,20260530-020,Paneer & spinach curry,Main,1,12.50,resident
2026-05-30,18:57,20260530-020,Pot of tea,Drinks,1,3.25,resident
2026-05-30,15:23,20260530-021,Vegetable biryani,Main,1,11.95,resident
2026-05-30,15:23,20260530-021,Matzo ball soup,Starter,1,8.95,resident
2026-05-30,15:23,20260530-021,Pot of tea,Drinks,1,3.25,resident
2026-05-30,12:54,20260530-022,Grilled salmon,Main,3,15.00,external
2026-05-30,12:54,20260530-022,Pot of tea,Drinks,3,3.25,external
2026-05-30,12:54,20260530-022,Fish pie,Main,3,13.95,external
2026-05-30,12:54,20260530-022,Matzo ball soup,Starter,3,8.95,external
2026-05-30,12:54,20260530-022,Pot of tea,Drinks,3,3.25,external
2026-05-30,12:54,20260530-022,Shepherd's pie,Main,3,12.95,external
2026-05-30,12:54,20260530-022,Matzo ball soup,Starter,3,8.95,external
2026-05-30,12:54,20260530-022,Fruit crumble,Dessert,3,6.25,external
2026-05-30,12:54,20260530-022,Pot of tea,Drinks,3,3.25,external
2026-05-30,17:51,20260530-023,Fish pie,Main,2,13.95,resident
2026-05-30,17:51,20260530-023,Coffee,Drinks,2,3.00,resident
2026-05-30,17:51,20260530-023,Paneer & spinach curry,Main,2,12.50,resident
2026-05-30,17:51,20260530-023,Glass of house wine,Drinks,2,5.50,resident
2026-05-30,12:00,20260530-024,Grilled salmon,Main,1,15.00,resident
2026-05-30,12:00,20260530-024,Soup of the day,Starter,1,7.95,resident
2026-05-30,12:00,20260530-024,Coffee,Drinks,1,3.00,resident
2026-05-30,12:30,20260530-025,Shepherd's pie,Main,2,12.95,external
2026-05-30,12:30,20260530-025,Pot of tea,Drinks,2,3.25,external
2026-05-30,12:30,20260530-025,Paneer & spinach curry,Main,2,12.50,external
2026-05-30,12:30,20260530-025,Matzo ball soup,Starter,2,8.95,external
2026-05-30,12:30,20260530-025,Coffee,Drinks,2,3.00,external
2026-05-30,17:01,20260530-026,Grilled salmon,Main,2,15.00,resident
2026-05-30,17:01,20260530-026,Fruit crumble,Dessert,2,6.25,resident
2026-05-30,17:01,20260530-026,Coffee,Drinks,2,3.00,resident
2026-05-30,17:01,20260530-026,Shepherd's pie,Main,2,12.95,resident
2026-05-30,17:01,20260530-026,Soup of the day,Starter,2,7.95,resident
2026-05-30,17:01,20260530-026,Pot of tea,Drinks,2,3.25,resident
2026-05-30,15:01,20260530-027,Vegetable biryani,Main,2,11.95,resident
2026-05-30,15:01,20260530-027,Grilled salmon,Main,2,15.00,resident
2026-05-30,15:01,20260530-027,Sticky toffee pudding,Dessert,2,6.50,resident
2026-05-30,17:46,20260530-028,Paneer & spinach curry,Main,2,12.50,resident
2026-05-30,17:46,20260530-028,Sticky toffee pudding,Dessert,2,6.50,resident
2026-05-30,17:46,20260530-028,Pot of tea,Drinks,2,3.25,resident
2026-05-30,17:46,20260530-028,Roast chicken,Main,2,14.50,resident
2026-05-30,17:46,20260530-028,Coffee,Drinks,2,3.00,resident
2026-05-30,12:32,20260530-029,Paneer & spinach curry,Main,3,12.50,resident
2026-05-30,12:32,20260530-029,Grilled salmon,Main,3,15.00,resident
2026-05-30,12:32,20260530-029,Matzo ball soup,Starter,3,8.95,resident
2026-05-30,12:32,20260530-029,Coffee,Drinks,3,3.00,resident
2026-05-30,12:32,20260530-029,Fish pie,Main,3,13.95,resident
2026-05-30,12:32,20260530-029,Glass of house wine,Drinks,3,5.50,resident
2026-05-30,12:17,20260530-030,Shepherd's pie,Main,2,12.95,resident
2026-05-30,12:17,20260530-030,Pot of tea,Drinks,2,3.25,resident
2026-05-30,12:17,20260530-030,Shepherd's pie,Main,2,12.95,resident
2026-05-30,12:17,20260530-030,Glass of house wine,Drinks,2,5.50,resident
2026-05-30,15:44,20260530-031,Roast chicken,Main,2,14.50,resident
2026-05-30,15:44,20260530-031,Vegetable biryani,Main,2,11.95,resident
2026-05-30,15:44,20260530-031,Matzo ball soup,Starter,2,8.95,resident
2026-05-30,16:51,20260530-032,Paneer & spinach curry,Main,2,12.50,resident
2026-05-30,16:51,20260530-032,Glass of house wine,Drinks,2,5.50,resident
2026-05-30,16:51,20260530-032,Roast chicken,Main,2,14.50,resident
2026-05-30,16:51,20260530-032,Soup of the day,Starter,2,7.95,resident
2026-05-30,16:51,20260530-032,Glass of house wine,Drinks,2,5.50,resident
2026-05-30,13:51,20260530-033,Paneer & spinach curry,Main,2,12.50,resident
2026-05-30,13:51,20260530-033,Sticky toffee pudding,Dessert,2,6.50,resident
2026-05-30,13:51,20260530-033,Paneer & spinach curry,Main,2,12.50,resident
2026-05-30,13:51,20260530-033,Soup of the day,Starter,2,7.95,resident
2026-05-30,13:51,20260530-033,Sticky toffee pudding,Dessert,2,6.50,resident
2026-05-30,13:51,20260530-033,Glass of house wine,Drinks,2,5.50,resident
2026-05-30,17:21,20260530-034,Vegetable biryani,Main,2,11.95,resident
2026-05-30,17:21,20260530-034,Sticky toffee pudding,Dessert,2,6.50,resident
2026-05-30,17:21,20260530-034,Coffee,Drinks,2,3.00,resident
2026-05-30,17:21,20260530-034,Roast chicken,Main,2,14.50,resident
2026-05-30,17:21,20260530-034,Matzo ball soup,Starter,2,8.95,resident
2026-05-30,17:21,20260530-034,Coffee,Drinks,2,3.00,resident
2026-05-30,12:23,20260530-035,Roast chicken,Main,3,14.50,resident
2026-05-30,12:23,20260530-035,Pot of tea,Drinks,3,3.25,resident
2026-05-30,12:23,20260530-035,Paneer & spinach curry,Main,3,12.50,resident
2026-05-30,12:23,20260530-035,Matzo ball soup,Starter,3,8.95,resident
2026-05-30,12:23,20260530-035,Pot of tea,Drinks,3,3.25,resident
2026-05-30,12:23,20260530-035,Shepherd's pie,Main,3,12.95,resident
2026-05-30,12:23,20260530-035,Matzo ball soup,Starter,3,8.95,resident
2026-05-30,12:23,20260530-035,Coffee,Drinks,3,3.00,resident
2026-06-01,12:43,20260601-001,Vegetable biryani,Main,3,11.95,resident
2026-06-01,12:43,20260601-001,Grilled salmon,Main,3,15.00,resident
2026-06-01,12:43,20260601-001,Soup of the day,Starter,3,7.95,resident
2026-06-01,12:43,20260601-001,Coffee,Drinks,3,3.00,resident
2026-06-01,12:43,20260601-001,Vegetable biryani,Main,3,11.95,resident
2026-06-01,12:43,20260601-001,Soup of the day,Starter,3,7.95,resident
2026-06-01,12:43,20260601-001,Sticky toffee pudding,Dessert,3,6.50,resident
2026-06-01,12:43,20260601-001,Coffee,Drinks,3,3.00,resident
2026-06-01,13:58,20260601-002,Shepherd's pie,Main,2,12.95,resident
2026-06-01,13:58,20260601-002,Matzo ball soup,Starter,2,8.95,resident
2026-06-01,13:58,20260601-002,Coffee,Drinks,2,3.00,resident
2026-06-01,13:58,20260601-002,Paneer & spinach curry,Main,2,12.50,resident
2026-06-01,13:58,20260601-002,Coffee,Drinks,2,3.00,resident
2026-06-01,12:17,20260601-003,Shepherd's pie,Main,3,12.95,resident
2026-06-01,12:17,20260601-003,Fruit crumble,Dessert,3,6.25,resident
2026-06-01,12:17,20260601-003,Coffee,Drinks,3,3.00,resident
2026-06-01,12:17,20260601-003,Paneer & spinach curry,Main,3,12.50,resident
2026-06-01,12:17,20260601-003,Soup of the day,Starter,3,7.95,resident
2026-06-01,12:17,20260601-003,Coffee,Drinks,3,3.00,resident
2026-06-01,12:17,20260601-003,Fish pie,Main,3,13.95,resident
2026-06-01,12:17,20260601-003,Soup of the day,Starter,3,7.95,resident
2026-06-01,12:17,20260601-003,Sticky toffee pudding,Dessert,3,6.50,resident
2026-06-01,12:17,20260601-003,Glass of house wine,Drinks,3,5.50,resident
2026-06-01,12:32,20260601-004,Fish pie,Main,2,13.95,resident
2026-06-01,12:32,20260601-004,Matzo ball soup,Starter,2,8.95,resident
2026-06-01,12:32,20260601-004,Sticky toffee pudding,Dessert,2,6.50,resident
2026-06-01,12:32,20260601-004,Pot of tea,Drinks,2,3.25,resident
2026-06-01,12:32,20260601-004,Paneer & spinach curry,Main,2,12.50,resident
2026-06-01,12:28,20260601-005,Paneer & spinach curry,Main,3,12.50,resident
2026-06-01,12:28,20260601-005,Coffee,Drinks,3,3.00,resident
2026-06-01,12:28,20260601-005,Grilled salmon,Main,3,15.00,resident
2026-06-01,12:28,20260601-005,Sticky toffee pudding,Dessert,3,6.50,resident
2026-06-01,12:28,20260601-005,Coffee,Drinks,3,3.00,resident
2026-06-01,12:28,20260601-005,Paneer & spinach curry,Main,3,12.50,resident
2026-06-01,12:28,20260601-005,Glass of house wine,Drinks,3,5.50,resident
2026-06-01,14:07,20260601-006,Fish pie,Main,3,13.95,resident
2026-06-01,14:07,20260601-006,Fruit crumble,Dessert,3,6.25,resident
2026-06-01,14:07,20260601-006,Glass of house wine,Drinks,3,5.50,resident
2026-06-01,14:07,20260601-006,Fish pie,Main,3,13.95,resident
2026-06-01,14:07,20260601-006,Pot of tea,Drinks,3,3.25,resident
2026-06-01,14:07,20260601-006,Shepherd's pie,Main,3,12.95,resident
2026-06-01,14:07,20260601-006,Matzo ball soup,Starter,3,8.95,resident
2026-06-01,14:07,20260601-006,Sticky toffee pudding,Dessert,3,6.50,resident
2026-06-01,13:57,20260601-007,Vegetable biryani,Main,2,11.95,resident
2026-06-01,13:57,20260601-007,Matzo ball soup,Starter,2,8.95,resident
2026-06-01,13:57,20260601-007,Sticky toffee pudding,Dessert,2,6.50,resident
2026-06-01,13:57,20260601-007,Coffee,Drinks,2,3.00,resident
2026-06-01,13:57,20260601-007,Vegetable biryani,Main,2,11.95,resident
2026-06-01,13:57,20260601-007,Matzo ball soup,Starter,2,8.95,resident
2026-06-01,13:57,20260601-007,Pot of tea,Drinks,2,3.25,resident
2026-06-01,12:40,20260601-008,Vegetable biryani,Main,3,11.95,resident
2026-06-01,12:40,20260601-008,Matzo ball soup,Starter,3,8.95,resident
2026-06-01,12:40,20260601-008,Fruit crumble,Dessert,3,6.25,resident
2026-06-01,12:40,20260601-008,Pot of tea,Drinks,3,3.25,resident
2026-06-01,12:40,20260601-008,Fish pie,Main,3,13.95,resident
2026-06-01,12:40,20260601-008,Matzo ball soup,Starter,3,8.95,resident
2026-06-01,12:40,20260601-008,Glass of house wine,Drinks,3,5.50,resident
2026-06-01,12:40,20260601-008,Shepherd's pie,Main,3,12.95,resident
2026-06-01,12:40,20260601-008,Matzo ball soup,Starter,3,8.95,resident
2026-06-01,12:40,20260601-008,Pot of tea,Drinks,3,3.25,resident
2026-06-01,13:40,20260601-009,Roast chicken,Main,3,14.50,resident
2026-06-01,13:40,20260601-009,Soup of the day,Starter,3,7.95,resident
2026-06-01,13:40,20260601-009,Pot of tea,Drinks,3,3.25,resident
2026-06-01,13:40,20260601-009,Shepherd's pie,Main,3,12.95,resident
2026-06-01,13:40,20260601-009,Matzo ball soup,Starter,3,8.95,resident
2026-06-01,13:40,20260601-009,Fruit crumble,Dessert,3,6.25,resident
2026-06-01,13:40,20260601-009,Coffee,Drinks,3,3.00,resident
2026-06-01,13:40,20260601-009,Paneer & spinach curry,Main,3,12.50,resident
2026-06-01,13:40,20260601-009,Coffee,Drinks,3,3.00,resident
2026-06-01,12:48,20260601-010,Vegetable biryani,Main,2,11.95,resident
2026-06-01,12:48,20260601-010,Matzo ball soup,Starter,2,8.95,resident
2026-06-01,12:48,20260601-010,Fruit crumble,Dessert,2,6.25,resident
2026-06-01,12:48,20260601-010,Glass of house wine,Drinks,2,5.50,resident
2026-06-01,12:48,20260601-010,Fish pie,Main,2,13.95,resident
2026-06-01,12:48,20260601-010,Soup of the day,Starter,2,7.95,resident
2026-06-01,12:48,20260601-010,Glass of house wine,Drinks,2,5.50,resident
2026-06-01,12:55,20260601-011,Grilled salmon,Main,1,15.00,resident
2026-06-01,12:55,20260601-011,Soup of the day,Starter,1,7.95,resident
2026-06-01,12:55,20260601-011,Pot of tea,Drinks,1,3.25,resident
2026-06-01,12:25,20260601-012,Vegetable biryani,Main,2,11.95,resident
2026-06-01,12:25,20260601-012,Pot of tea,Drinks,2,3.25,resident
2026-06-01,12:25,20260601-012,Vegetable biryani,Main,2,11.95,resident
2026-06-01,12:25,20260601-012,Coffee,Drinks,2,3.00,resident
2026-06-03,15:35,20260603-001,Shepherd's pie,Main,1,12.95,resident
2026-06-03,15:35,20260603-001,Soup of the day,Starter,1,7.95,resident
2026-06-03,15:35,20260603-001,Pot of tea,Drinks,1,3.25,resident
2026-06-03,15:49,20260603-002,Paneer & spinach curry,Main,2,12.50,resident
2026-06-03,15:49,20260603-002,Sticky toffee pudding,Dessert,2,6.50,resident
2026-06-03,15:49,20260603-002,Pot of tea,Drinks,2,3.25,resident
2026-06-03,15:49,20260603-002,Grilled salmon,Main,2,15.00,resident
2026-06-03,15:49,20260603-002,Fruit crumble,Dessert,2,6.25,resident
2026-06-03,15:49,20260603-002,Pot of tea,Drinks,2,3.25,resident
2026-06-03,17:57,20260603-003,Fish pie,Main,2,13.95,resident
2026-06-03,17:57,20260603-003,Soup of the day,Starter,2,7.95,resident
2026-06-03,17:57,20260603-003,Pot of tea,Drinks,2,3.25,resident
2026-06-03,17:57,20260603-003,Shepherd's pie,Main,2,12.95,resident
2026-06-03,17:57,20260603-003,Matzo ball soup,Starter,2,8.95,resident
2026-06-03,17:57,20260603-003,Pot of tea,Drinks,2,3.25,resident
2026-06-03,15:14,20260603-004,Fish pie,Main,2,13.95,resident
2026-06-03,15:14,20260603-004,Soup of the day,Starter,2,7.95,resident
2026-06-03,15:14,20260603-004,Glass of house wine,Drinks,2,5.50,resident
2026-06-03,15:14,20260603-004,Paneer & spinach curry,Main,2,12.50,resident
2026-06-03,15:14,20260603-004,Matzo ball soup,Starter,2,8.95,resident
2026-06-03,15:14,20260603-004,Pot of tea,Drinks,2,3.25,resident
2026-06-03,12:40,20260603-005,Vegetable biryani,Main,2,11.95,resident
2026-06-03,12:40,20260603-005,Soup of the day,Starter,2,7.95,resident
2026-06-03,12:40,20260603-005,Glass of house wine,Drinks,2,5.50,resident
2026-06-03,12:40,20260603-005,Grilled salmon,Main,2,15.00,resident
2026-06-03,12:40,20260603-005,Soup of the day,Starter,2,7.95,resident
2026-06-03,12:40,20260603-005,Coffee,Drinks,2,3.00,resident
2026-06-03,14:29,20260603-006,Paneer & spinach curry,Main,4,12.50,resident
2026-06-03,14:29,20260603-006,Pot of tea,Drinks,4,3.25,resident
2026-06-03,14:29,20260603-006,Roast chicken,Main,4,14.50,resident
2026-06-03,14:29,20260603-006,Matzo ball soup,Starter,4,8.95,resident
2026-06-03,14:29,20260603-006,Coffee,Drinks,4,3.00,resident
2026-06-03,14:29,20260603-006,Paneer & spinach curry,Main,4,12.50,resident
2026-06-03,14:29,20260603-006,Soup of the day,Starter,4,7.95,resident
2026-06-03,14:29,20260603-006,Fruit crumble,Dessert,4,6.25,resident
2026-06-03,14:29,20260603-006,Glass of house wine,Drinks,4,5.50,resident
2026-06-03,14:29,20260603-006,Vegetable biryani,Main,4,11.95,resident
2026-06-03,14:29,20260603-006,Glass of house wine,Drinks,4,5.50,resident
2026-06-03,17:03,20260603-007,Shepherd's pie,Main,2,12.95,resident
2026-06-03,17:03,20260603-007,Soup of the day,Starter,2,7.95,resident
2026-06-03,17:03,20260603-007,Pot of tea,Drinks,2,3.25,resident
2026-06-03,17:03,20260603-007,Vegetable biryani,Main,2,11.95,resident
2026-06-03,17:03,20260603-007,Coffee,Drinks,2,3.00,resident
2026-06-03,13:20,20260603-008,Roast chicken,Main,1,14.50,resident
2026-06-03,13:20,20260603-008,Glass of house wine,Drinks,1,5.50,resident
2026-06-03,16:05,20260603-009,Shepherd's pie,Main,1,12.95,resident
2026-06-03,16:05,20260603-009,Soup of the day,Starter,1,7.95,resident
2026-06-03,16:05,20260603-009,Fruit crumble,Dessert,1,6.25,resident
2026-06-03,16:05,20260603-009,Pot of tea,Drinks,1,3.25,resident
2026-06-03,18:38,20260603-010,Fish pie,Main,2,13.95,resident
2026-06-03,18:38,20260603-010,Soup of the day,Starter,2,7.95,resident
2026-06-03,18:38,20260603-010,Fruit crumble,Dessert,2,6.25,resident
2026-06-03,18:38,20260603-010,Pot of tea,Drinks,2,3.25,resident
2026-06-03,18:38,20260603-010,Roast chicken,Main,2,14.50,resident
2026-06-03,18:38,20260603-010,Matzo ball soup,Starter,2,8.95,resident
2026-06-03,18:38,20260603-010,Glass of house wine,Drinks,2,5.50,resident
2026-06-03,15:02,20260603-011,Roast chicken,Main,3,14.50,resident
2026-06-03,15:02,20260603-011,Soup of the day,Starter,3,7.95,resident
2026-06-03,15:02,20260603-011,Fruit crumble,Dessert,3,6.25,resident
2026-06-03,15:02,20260603-011,Pot of tea,Drinks,3,3.25,resident
2026-06-03,15:02,20260603-011,Vegetable biryani,Main,3,11.95,resident
2026-06-03,15:02,20260603-011,Soup of the day,Starter,3,7.95,resident
2026-06-03,15:02,20260603-011,Coffee,Drinks,3,3.00,resident
2026-06-03,15:02,20260603-011,Roast chicken,Main,3,14.50,resident
2026-06-03,15:02,20260603-011,Coffee,Drinks,3,3.00,resident
2026-06-03,12:35,20260603-012,Paneer & spinach curry,Main,2,12.50,resident
2026-06-03,12:35,20260603-012,Fruit crumble,Dessert,2,6.25,resident
2026-06-03,12:35,20260603-012,Glass of house wine,Drinks,2,5.50,resident
2026-06-03,12:35,20260603-012,Roast chicken,Main,2,14.50,resident
2026-06-03,12:35,20260603-012,Soup of the day,Starter,2,7.95,resident
2026-06-03,12:35,20260603-012,Sticky toffee pudding,Dessert,2,6.50,resident
2026-06-03,12:35,20260603-012,Glass of house wine,Drinks,2,5.50,resident
2026-06-03,13:20,20260603-013,Grilled salmon,Main,3,15.00,resident
2026-06-03,13:20,20260603-013,Matzo ball soup,Starter,3,8.95,resident
2026-06-03,13:20,20260603-013,Fruit crumble,Dessert,3,6.25,resident
2026-06-03,13:20,20260603-013,Glass of house wine,Drinks,3,5.50,resident
2026-06-03,13:20,20260603-013,Fish pie,Main,3,13.95,resident
2026-06-03,13:20,20260603-013,Sticky toffee pudding,Dessert,3,6.50,resident
2026-06-03,13:20,20260603-013,Coffee,Drinks,3,3.00,resident
2026-06-03,13:20,20260603-013,Shepherd's pie,Main,3,12.95,resident
2026-06-03,13:20,20260603-013,Pot of tea,Drinks,3,3.25,resident
2026-06-03,12:14,20260603-014,Grilled salmon,Main,3,15.00,external
2026-06-03,12:14,20260603-014,Matzo ball soup,Starter,3,8.95,external
2026-06-03,12:14,20260603-014,Coffee,Drinks,3,3.00,external
2026-06-03,12:14,20260603-014,Roast chicken,Main,3,14.50,external
2026-06-03,12:14,20260603-014,Matzo ball soup,Starter,3,8.95,external
2026-06-03,12:14,20260603-014,Shepherd's pie,Main,3,12.95,external
2026-06-03,12:14,20260603-014,Fruit crumble,Dessert,3,6.25,external
2026-06-03,12:14,20260603-014,Glass of house wine,Drinks,3,5.50,external
2026-06-03,14:43,20260603-015,Fish pie,Main,2,13.95,resident
2026-06-03,14:43,20260603-015,Glass of house wine,Drinks,2,5.50,resident
2026-06-03,14:43,20260603-015,Fish pie,Main,2,13.95,resident
2026-06-03,14:43,20260603-015,Pot of tea,Drinks,2,3.25,resident
2026-06-03,18:24,20260603-016,Fish pie,Main,1,13.95,resident
2026-06-03,18:24,20260603-016,Matzo ball soup,Starter,1,8.95,resident
2026-06-03,18:24,20260603-016,Coffee,Drinks,1,3.00,resident
2026-06-03,12:08,20260603-017,Shepherd's pie,Main,1,12.95,resident
2026-06-03,12:08,20260603-017,Sticky toffee pudding,Dessert,1,6.50,resident
2026-06-03,12:08,20260603-017,Glass of house wine,Drinks,1,5.50,resident
2026-06-03,14:09,20260603-018,Shepherd's pie,Main,2,12.95,resident
2026-06-03,14:09,20260603-018,Matzo ball soup,Starter,2,8.95,resident
2026-06-03,14:09,20260603-018,Pot of tea,Drinks,2,3.25,resident
2026-06-03,14:09,20260603-018,Roast chicken,Main,2,14.50,resident
2026-06-03,14:09,20260603-018,Soup of the day,Starter,2,7.95,resident
2026-06-03,14:09,20260603-018,Fruit crumble,Dessert,2,6.25,resident
2026-06-03,14:09,20260603-018,Pot of tea,Drinks,2,3.25,resident
2026-06-03,14:07,20260603-019,Roast chicken,Main,3,14.50,resident
2026-06-03,14:07,20260603-019,Soup of the day,Starter,3,7.95,resident
2026-06-03,14:07,20260603-019,Sticky toffee pudding,Dessert,3,6.50,resident
2026-06-03,14:07,20260603-019,Fish pie,Main,3,13.95,resident
2026-06-03,14:07,20260603-019,Glass of house wine,Drinks,3,5.50,resident
2026-06-03,14:07,20260603-019,Shepherd's pie,Main,3,12.95,resident
2026-06-03,14:07,20260603-019,Matzo ball soup,Starter,3,8.95,resident
2026-06-03,14:07,20260603-019,Sticky toffee pudding,Dessert,3,6.50,resident
2026-06-03,14:07,20260603-019,Pot of tea,Drinks,3,3.25,resident
2026-06-03,18:49,20260603-020,Grilled salmon,Main,2,15.00,resident
2026-06-03,18:49,20260603-020,Pot of tea,Drinks,2,3.25,resident
2026-06-03,18:49,20260603-020,Fish pie,Main,2,13.95,resident
2026-06-03,18:49,20260603-020,Glass of house wine,Drinks,2,5.50,resident
2026-06-03,15:44,20260603-021,Grilled salmon,Main,2,15.00,resident
2026-06-03,15:44,20260603-021,Soup of the day,Starter,2,7.95,resident
2026-06-03,15:44,20260603-021,Coffee,Drinks,2,3.00,resident
2026-06-03,15:44,20260603-021,Roast chicken,Main,2,14.50,resident
2026-06-03,15:44,20260603-021,Pot of tea,Drinks,2,3.25,resident
2026-06-03,15:31,20260603-022,Vegetable biryani,Main,3,11.95,resident
2026-06-03,15:31,20260603-022,Fruit crumble,Dessert,3,6.25,resident
2026-06-03,15:31,20260603-022,Pot of tea,Drinks,3,3.25,resident
2026-06-03,15:31,20260603-022,Vegetable biryani,Main,3,11.95,resident
2026-06-03,15:31,20260603-022,Soup of the day,Starter,3,7.95,resident
2026-06-03,15:31,20260603-022,Fruit crumble,Dessert,3,6.25,resident
2026-06-03,15:31,20260603-022,Pot of tea,Drinks,3,3.25,resident
2026-06-03,15:31,20260603-022,Roast chicken,Main,3,14.50,resident
2026-06-03,15:31,20260603-022,Soup of the day,Starter,3,7.95,resident
2026-06-03,15:31,20260603-022,Pot of tea,Drinks,3,3.25,resident
2026-06-03,15:17,20260603-023,Vegetable biryani,Main,2,11.95,resident
2026-06-03,15:17,20260603-023,Soup of the day,Starter,2,7.95,resident
2026-06-03,15:17,20260603-023,Glass of house wine,Drinks,2,5.50,resident
2026-06-03,15:17,20260603-023,Fish pie,Main,2,13.95,resident
2026-06-03,15:17,20260603-023,Coffee,Drinks,2,3.00,resident
2026-06-03,13:35,20260603-024,Roast chicken,Main,1,14.50,resident
2026-06-03,13:35,20260603-024,Matzo ball soup,Starter,1,8.95,resident
2026-06-03,13:35,20260603-024,Fruit crumble,Dessert,1,6.25,resident
2026-06-03,17:56,20260603-025,Grilled salmon,Main,1,15.00,resident
2026-06-03,17:56,20260603-025,Glass of house wine,Drinks,1,5.50,resident
2026-06-03,12:37,20260603-026,Roast chicken,Main,4,14.50,resident
2026-06-03,12:37,20260603-026,Coffee,Drinks,4,3.00,resident
2026-06-03,12:37,20260603-026,Fish pie,Main,4,13.95,resident
2026-06-03,12:37,20260603-026,Pot of tea,Drinks,4,3.25,resident
2026-06-03,12:37,20260603-026,Paneer & spinach curry,Main,4,12.50,resident
2026-06-03,12:37,20260603-026,Fruit crumble,Dessert,4,6.25,resident
2026-06-03,12:37,20260603-026,Coffee,Drinks,4,3.00,resident
2026-06-03,12:37,20260603-026,Roast chicken,Main,4,14.50,resident
2026-06-03,12:37,20260603-026,Sticky toffee pudding,Dessert,4,6.50,resident
2026-06-03,18:23,20260603-027,Fish pie,Main,4,13.95,resident
2026-06-03,18:23,20260603-027,Sticky toffee pudding,Dessert,4,6.50,resident
2026-06-03,18:23,20260603-027,Glass of house wine,Drinks,4,5.50,resident
2026-06-03,18:23,20260603-027,Fish pie,Main,4,13.95,resident
2026-06-03,18:23,20260603-027,Matzo ball soup,Starter,4,8.95,resident
2026-06-03,18:23,20260603-027,Coffee,Drinks,4,3.00,resident
2026-06-03,18:23,20260603-027,Vegetable biryani,Main,4,11.95,resident
2026-06-03,18:23,20260603-027,Fish pie,Main,4,13.95,resident
2026-06-03,18:23,20260603-027,Sticky toffee pudding,Dessert,4,6.50,resident
2026-06-03,18:23,20260603-027,Glass of house wine,Drinks,4,5.50,resident
2026-06-04,18:46,20260604-001,Paneer & spinach curry,Main,2,12.50,resident
2026-06-04,18:46,20260604-001,Sticky toffee pudding,Dessert,2,6.50,resident
2026-06-04,18:46,20260604-001,Pot of tea,Drinks,2,3.25,resident
2026-06-04,18:46,20260604-001,Roast chicken,Main,2,14.50,resident
2026-06-04,18:46,20260604-001,Matzo ball soup,Starter,2,8.95,resident
2026-06-04,18:46,20260604-001,Fruit crumble,Dessert,2,6.25,resident
2026-06-04,18:46,20260604-001,Coffee,Drinks,2,3.00,resident
2026-06-04,14:26,20260604-002,Paneer & spinach curry,Main,1,12.50,resident
2026-06-04,14:26,20260604-002,Glass of house wine,Drinks,1,5.50,resident
2026-06-04,14:42,20260604-003,Grilled salmon,Main,1,15.00,resident
2026-06-04,14:42,20260604-003,Pot of tea,Drinks,1,3.25,resident
2026-06-04,13:18,20260604-004,Fish pie,Main,3,13.95,resident
2026-06-04,13:18,20260604-004,Coffee,Drinks,3,3.00,resident
2026-06-04,13:18,20260604-004,Roast chicken,Main,3,14.50,resident
2026-06-04,13:18,20260604-004,Matzo ball soup,Starter,3,8.95,resident
2026-06-04,13:18,20260604-004,Fruit crumble,Dessert,3,6.25,resident
2026-06-04,13:18,20260604-004,Glass of house wine,Drinks,3,5.50,resident
2026-06-04,13:18,20260604-004,Grilled salmon,Main,3,15.00,resident
2026-06-04,13:18,20260604-004,Sticky toffee pudding,Dessert,3,6.50,resident
2026-06-04,13:18,20260604-004,Glass of house wine,Drinks,3,5.50,resident
2026-06-04,12:20,20260604-005,Vegetable biryani,Main,2,11.95,external
2026-06-04,12:20,20260604-005,Glass of house wine,Drinks,2,5.50,external
2026-06-04,12:20,20260604-005,Grilled salmon,Main,2,15.00,external
2026-06-04,12:20,20260604-005,Matzo ball soup,Starter,2,8.95,external
2026-06-04,12:20,20260604-005,Sticky toffee pudding,Dessert,2,6.50,external
2026-06-04,12:20,20260604-005,Pot of tea,Drinks,2,3.25,external
2026-06-04,17:39,20260604-006,Roast chicken,Main,2,14.50,resident
2026-06-04,17:39,20260604-006,Pot of tea,Drinks,2,3.25,resident
2026-06-04,17:39,20260604-006,Vegetable biryani,Main,2,11.95,resident
2026-06-04,17:39,20260604-006,Glass of house wine,Drinks,2,5.50,resident
2026-06-04,16:31,20260604-007,Vegetable biryani,Main,2,11.95,resident
2026-06-04,16:31,20260604-007,Fish pie,Main,2,13.95,resident
2026-06-04,16:31,20260604-007,Pot of tea,Drinks,2,3.25,resident
2026-06-04,16:17,20260604-008,Shepherd's pie,Main,2,12.95,resident
2026-06-04,16:17,20260604-008,Soup of the day,Starter,2,7.95,resident
2026-06-04,16:17,20260604-008,Fruit crumble,Dessert,2,6.25,resident
2026-06-04,16:17,20260604-008,Coffee,Drinks,2,3.00,resident
2026-06-04,16:17,20260604-008,Shepherd's pie,Main,2,12.95,resident
2026-06-04,16:17,20260604-008,Fruit crumble,Dessert,2,6.25,resident
2026-06-04,16:17,20260604-008,Coffee,Drinks,2,3.00,resident
2026-06-04,15:42,20260604-009,Fish pie,Main,1,13.95,resident
2026-06-04,15:42,20260604-009,Matzo ball soup,Starter,1,8.95,resident
2026-06-04,15:42,20260604-009,Sticky toffee pudding,Dessert,1,6.50,resident
2026-06-04,15:42,20260604-009,Pot of tea,Drinks,1,3.25,resident
2026-06-04,12:38,20260604-010,Roast chicken,Main,1,14.50,resident
2026-06-04,12:38,20260604-010,Matzo ball soup,Starter,1,8.95,resident
2026-06-04,12:38,20260604-010,Sticky toffee pudding,Dessert,1,6.50,resident
2026-06-04,12:38,20260604-010,Pot of tea,Drinks,1,3.25,resident
2026-06-04,12:57,20260604-011,Shepherd's pie,Main,3,12.95,resident
2026-06-04,12:57,20260604-011,Coffee,Drinks,3,3.00,resident
2026-06-04,12:57,20260604-011,Roast chicken,Main,3,14.50,resident
2026-06-04,12:57,20260604-011,Soup of the day,Starter,3,7.95,resident
2026-06-04,12:57,20260604-011,Fruit crumble,Dessert,3,6.25,resident
2026-06-04,12:57,20260604-011,Pot of tea,Drinks,3,3.25,resident
2026-06-04,12:57,20260604-011,Vegetable biryani,Main,3,11.95,resident
2026-06-04,12:57,20260604-011,Matzo ball soup,Starter,3,8.95,resident
2026-06-04,12:57,20260604-011,Glass of house wine,Drinks,3,5.50,resident
2026-06-04,12:10,20260604-012,Shepherd's pie,Main,3,12.95,resident
2026-06-04,12:10,20260604-012,Matzo ball soup,Starter,3,8.95,resident
2026-06-04,12:10,20260604-012,Coffee,Drinks,3,3.00,resident
2026-06-04,12:10,20260604-012,Roast chicken,Main,3,14.50,resident
2026-06-04,12:10,20260604-012,Matzo ball soup,Starter,3,8.95,resident
2026-06-04,12:10,20260604-012,Glass of house wine,Drinks,3,5.50,resident
2026-06-04,12:10,20260604-012,Shepherd's pie,Main,3,12.95,resident
2026-06-04,12:10,20260604-012,Matzo ball soup,Starter,3,8.95,resident
2026-06-04,12:10,20260604-012,Sticky toffee pudding,Dessert,3,6.50,resident
2026-06-04,12:10,20260604-012,Glass of house wine,Drinks,3,5.50,resident
2026-06-04,16:31,20260604-013,Vegetable biryani,Main,2,11.95,resident
2026-06-04,16:31,20260604-013,Glass of house wine,Drinks,2,5.50,resident
2026-06-04,16:31,20260604-013,Shepherd's pie,Main,2,12.95,resident
2026-06-04,16:31,20260604-013,Pot of tea,Drinks,2,3.25,resident
2026-06-04,12:30,20260604-014,Vegetable biryani,Main,2,11.95,resident
2026-06-04,12:30,20260604-014,Fruit crumble,Dessert,2,6.25,resident
2026-06-04,12:30,20260604-014,Coffee,Drinks,2,3.00,resident
2026-06-04,12:30,20260604-014,Fish pie,Main,2,13.95,resident
2026-06-04,12:30,20260604-014,Matzo ball soup,Starter,2,8.95,resident
2026-06-04,12:30,20260604-014,Coffee,Drinks,2,3.00,resident
2026-06-04,13:44,20260604-015,Shepherd's pie,Main,2,12.95,resident
2026-06-04,13:44,20260604-015,Matzo ball soup,Starter,2,8.95,resident
2026-06-04,13:44,20260604-015,Coffee,Drinks,2,3.00,resident
2026-06-04,13:44,20260604-015,Vegetable biryani,Main,2,11.95,resident
2026-06-04,13:44,20260604-015,Glass of house wine,Drinks,2,5.50,resident
2026-06-04,14:06,20260604-016,Paneer & spinach curry,Main,2,12.50,resident
2026-06-04,14:06,20260604-016,Sticky toffee pudding,Dessert,2,6.50,resident
2026-06-04,14:06,20260604-016,Coffee,Drinks,2,3.00,resident
2026-06-04,14:06,20260604-016,Fish pie,Main,2,13.95,resident
2026-06-04,14:06,20260604-016,Matzo ball soup,Starter,2,8.95,resident
2026-06-04,14:06,20260604-016,Coffee,Drinks,2,3.00,resident
2026-06-04,18:14,20260604-017,Paneer & spinach curry,Main,3,12.50,resident
2026-06-04,18:14,20260604-017,Coffee,Drinks,3,3.00,resident
2026-06-04,18:14,20260604-017,Vegetable biryani,Main,3,11.95,resident
2026-06-04,18:14,20260604-017,Coffee,Drinks,3,3.00,resident
2026-06-04,18:14,20260604-017,Roast chicken,Main,3,14.50,resident
2026-06-04,18:14,20260604-017,Soup of the day,Starter,3,7.95,resident
2026-06-04,18:14,20260604-017,Glass of house wine,Drinks,3,5.50,resident
2026-06-04,18:10,20260604-018,Vegetable biryani,Main,3,11.95,resident
2026-06-04,18:10,20260604-018,Matzo ball soup,Starter,3,8.95,resident
2026-06-04,18:10,20260604-018,Glass of house wine,Drinks,3,5.50,resident
2026-06-04,18:10,20260604-018,Roast chicken,Main,3,14.50,resident
2026-06-04,18:10,20260604-018,Pot of tea,Drinks,3,3.25,resident
2026-06-04,18:10,20260604-018,Shepherd's pie,Main,3,12.95,resident
2026-06-04,18:10,20260604-018,Pot of tea,Drinks,3,3.25,resident
2026-06-04,16:33,20260604-019,Vegetable biryani,Main,2,11.95,resident
2026-06-04,16:33,20260604-019,Fruit crumble,Dessert,2,6.25,resident
2026-06-04,16:33,20260604-019,Coffee,Drinks,2,3.00,resident
2026-06-04,16:33,20260604-019,Grilled salmon,Main,2,15.00,resident
2026-06-04,16:33,20260604-019,Fruit crumble,Dessert,2,6.25,resident
2026-06-04,16:33,20260604-019,Coffee,Drinks,2,3.00,resident
2026-06-04,16:33,20260604-020,Fish pie,Main,3,13.95,resident
2026-06-04,16:33,20260604-020,Glass of house wine,Drinks,3,5.50,resident
2026-06-04,16:33,20260604-020,Shepherd's pie,Main,3,12.95,resident
2026-06-04,16:33,20260604-020,Matzo ball soup,Starter,3,8.95,resident
2026-06-04,16:33,20260604-020,Sticky toffee pudding,Dessert,3,6.50,resident
2026-06-04,16:33,20260604-020,Coffee,Drinks,3,3.00,resident
2026-06-04,16:33,20260604-020,Grilled salmon,Main,3,15.00,resident
2026-06-04,16:33,20260604-020,Coffee,Drinks,3,3.00,resident
2026-06-04,17:11,20260604-021,Paneer & spinach curry,Main,2,12.50,external
2026-06-04,17:11,20260604-021,Fruit crumble,Dessert,2,6.25,external
2026-06-04,17:11,20260604-021,Coffee,Drinks,2,3.00,external
2026-06-04,17:11,20260604-021,Paneer & spinach curry,Main,2,12.50,external
2026-06-04,17:11,20260604-021,Soup of the day,Starter,2,7.95,external
2026-06-04,17:11,20260604-021,Glass of house wine,Drinks,2,5.50,external
2026-06-04,18:40,20260604-022,Paneer & spinach curry,Main,1,12.50,resident
2026-06-04,18:40,20260604-022,Coffee,Drinks,1,3.00,resident
2026-06-04,14:25,20260604-023,Roast chicken,Main,3,14.50,resident
2026-06-04,14:25,20260604-023,Fruit crumble,Dessert,3,6.25,resident
2026-06-04,14:25,20260604-023,Pot of tea,Drinks,3,3.25,resident
2026-06-04,14:25,20260604-023,Paneer & spinach curry,Main,3,12.50,resident
2026-06-04,14:25,20260604-023,Glass of house wine,Drinks,3,5.50,resident
2026-06-04,14:25,20260604-023,Grilled salmon,Main,3,15.00,resident
2026-06-04,14:25,20260604-023,Pot of tea,Drinks,3,3.25,resident
2026-06-04,16:33,20260604-024,Paneer & spinach curry,Main,3,12.50,external
2026-06-04,16:33,20260604-024,Matzo ball soup,Starter,3,8.95,external
2026-06-04,16:33,20260604-024,Pot of tea,Drinks,3,3.25,external
2026-06-04,16:33,20260604-024,Roast chicken,Main,3,14.50,external
2026-06-04,16:33,20260604-024,Matzo ball soup,Starter,3,8.95,external
2026-06-04,16:33,20260604-024,Sticky toffee pudding,Dessert,3,6.50,external
2026-06-04,16:33,20260604-024,Glass of house wine,Drinks,3,5.50,external
2026-06-04,16:33,20260604-024,Shepherd's pie,Main,3,12.95,external
2026-06-04,16:33,20260604-024,Soup of the day,Starter,3,7.95,external
2026-06-04,16:33,20260604-024,Sticky toffee pudding,Dessert,3,6.50,external
2026-06-04,16:33,20260604-024,Pot of tea,Drinks,3,3.25,external
2026-06-04,14:09,20260604-025,Roast chicken,Main,2,14.50,resident
2026-06-04,14:09,20260604-025,Sticky toffee pudding,Dessert,2,6.50,resident
2026-06-04,14:09,20260604-025,Coffee,Drinks,2,3.00,resident
2026-06-04,14:09,20260604-025,Paneer & spinach curry,Main,2,12.50,resident
2026-06-04,14:09,20260604-025,Glass of house wine,Drinks,2,5.50,resident
2026-06-04,16:02,20260604-026,Grilled salmon,Main,2,15.00,resident
2026-06-04,16:02,20260604-026,Coffee,Drinks,2,3.00,resident
2026-06-04,16:02,20260604-026,Roast chicken,Main,2,14.50,resident
2026-06-04,16:02,20260604-026,Soup of the day,Starter,2,7.95,resident
2026-06-04,13:48,20260604-027,Paneer & spinach curry,Main,1,12.50,external
2026-06-04,13:48,20260604-027,Pot of tea,Drinks,1,3.25,external
2026-06-04,17:05,20260604-028,Fish pie,Main,3,13.95,resident
2026-06-04,17:05,20260604-028,Soup of the day,Starter,3,7.95,resident
2026-06-04,17:05,20260604-028,Glass of house wine,Drinks,3,5.50,resident
2026-06-04,17:05,20260604-028,Vegetable biryani,Main,3,11.95,resident
2026-06-04,17:05,20260604-028,Soup of the day,Starter,3,7.95,resident
2026-06-04,17:05,20260604-028,Coffee,Drinks,3,3.00,resident
2026-06-04,17:05,20260604-028,Paneer & spinach curry,Main,3,12.50,resident
2026-06-04,17:05,20260604-028,Matzo ball soup,Starter,3,8.95,resident
2026-06-04,17:05,20260604-028,Coffee,Drinks,3,3.00,resident
2026-06-04,13:00,20260604-029,Fish pie,Main,1,13.95,resident
2026-06-04,13:00,20260604-029,Matzo ball soup,Starter,1,8.95,resident
2026-06-04,13:00,20260604-029,Sticky toffee pudding,Dessert,1,6.50,resident
2026-06-04,13:00,20260604-029,Coffee,Drinks,1,3.00,resident
2026-06-04,13:58,20260604-030,Paneer & spinach curry,Main,1,12.50,resident
2026-06-04,13:58,20260604-030,Soup of the day,Starter,1,7.95,resident
2026-06-04,13:58,20260604-030,Sticky toffee pudding,Dessert,1,6.50,resident
2026-06-04,13:58,20260604-030,Glass of house wine,Drinks,1,5.50,resident
2026-06-04,15:36,20260604-031,Shepherd's pie,Main,2,12.95,resident
2026-06-04,15:36,20260604-031,Glass of house wine,Drinks,2,5.50,resident
2026-06-04,15:36,20260604-031,Fish pie,Main,2,13.95,resident
2026-06-04,15:36,20260604-031,Fruit crumble,Dessert,2,6.25,resident
2026-06-05,14:40,20260605-001,Roast chicken,Main,2,14.50,external
2026-06-05,14:40,20260605-001,Fruit crumble,Dessert,2,6.25,external
2026-06-05,14:40,20260605-001,Glass of house wine,Drinks,2,5.50,external
2026-06-05,14:40,20260605-001,Vegetable biryani,Main,2,11.95,external
2026-06-05,14:40,20260605-001,Matzo ball soup,Starter,2,8.95,external
2026-06-05,14:40,20260605-001,Coffee,Drinks,2,3.00,external
2026-06-05,12:34,20260605-002,Shepherd's pie,Main,4,12.95,resident
2026-06-05,12:34,20260605-002,Matzo ball soup,Starter,4,8.95,resident
2026-06-05,12:34,20260605-002,Glass of house wine,Drinks,4,5.50,resident
2026-06-05,12:34,20260605-002,Paneer & spinach curry,Main,4,12.50,resident
2026-06-05,12:34,20260605-002,Pot of tea,Drinks,4,3.25,resident
2026-06-05,12:34,20260605-002,Paneer & spinach curry,Main,4,12.50,resident
2026-06-05,12:34,20260605-002,Fruit crumble,Dessert,4,6.25,resident
2026-06-05,12:34,20260605-002,Pot of tea,Drinks,4,3.25,resident
2026-06-05,12:34,20260605-002,Paneer & spinach curry,Main,4,12.50,resident
2026-06-05,12:34,20260605-002,Soup of the day,Starter,4,7.95,resident
2026-06-05,12:34,20260605-002,Fruit crumble,Dessert,4,6.25,resident
2026-06-05,12:34,20260605-002,Glass of house wine,Drinks,4,5.50,resident
2026-06-05,16:10,20260605-003,Roast chicken,Main,2,14.50,resident
2026-06-05,16:10,20260605-003,Matzo ball soup,Starter,2,8.95,resident
2026-06-05,16:10,20260605-003,Sticky toffee pudding,Dessert,2,6.50,resident
2026-06-05,16:10,20260605-003,Pot of tea,Drinks,2,3.25,resident
2026-06-05,16:10,20260605-003,Paneer & spinach curry,Main,2,12.50,resident
2026-06-05,16:10,20260605-003,Matzo ball soup,Starter,2,8.95,resident
2026-06-05,16:10,20260605-003,Fruit crumble,Dessert,2,6.25,resident
2026-06-05,16:10,20260605-003,Pot of tea,Drinks,2,3.25,resident
2026-06-05,17:26,20260605-004,Fish pie,Main,3,13.95,resident
2026-06-05,17:26,20260605-004,Soup of the day,Starter,3,7.95,resident
2026-06-05,17:26,20260605-004,Fruit crumble,Dessert,3,6.25,resident
2026-06-05,17:26,20260605-004,Pot of tea,Drinks,3,3.25,resident
2026-06-05,17:26,20260605-004,Grilled salmon,Main,3,15.00,resident
2026-06-05,17:26,20260605-004,Glass of house wine,Drinks,3,5.50,resident
2026-06-05,17:26,20260605-004,Vegetable biryani,Main,3,11.95,resident
2026-06-05,17:26,20260605-004,Soup of the day,Starter,3,7.95,resident
2026-06-05,17:26,20260605-004,Sticky toffee pudding,Dessert,3,6.50,resident
2026-06-05,17:26,20260605-004,Glass of house wine,Drinks,3,5.50,resident
2026-06-05,12:42,20260605-005,Roast chicken,Main,2,14.50,resident
2026-06-05,12:42,20260605-005,Sticky toffee pudding,Dessert,2,6.50,resident
2026-06-05,12:42,20260605-005,Glass of house wine,Drinks,2,5.50,resident
2026-06-05,12:42,20260605-005,Shepherd's pie,Main,2,12.95,resident
2026-06-05,12:42,20260605-005,Pot of tea,Drinks,2,3.25,resident
2026-06-05,13:29,20260605-006,Shepherd's pie,Main,2,12.95,resident
2026-06-05,13:29,20260605-006,Soup of the day,Starter,2,7.95,resident
2026-06-05,13:29,20260605-006,Pot of tea,Drinks,2,3.25,resident
2026-06-05,13:29,20260605-006,Roast chicken,Main,2,14.50,resident
2026-06-05,13:29,20260605-006,Matzo ball soup,Starter,2,8.95,resident
2026-06-05,13:29,20260605-006,Pot of tea,Drinks,2,3.25,resident
2026-06-05,14:47,20260605-007,Shepherd's pie,Main,2,12.95,resident
2026-06-05,14:47,20260605-007,Pot of tea,Drinks,2,3.25,resident
2026-06-05,14:47,20260605-007,Roast chicken,Main,2,14.50,resident
2026-06-05,14:47,20260605-007,Soup of the day,Starter,2,7.95,resident
2026-06-05,14:47,20260605-007,Fruit crumble,Dessert,2,6.25,resident
2026-06-05,14:47,20260605-007,Pot of tea,Drinks,2,3.25,resident
2026-06-05,15:46,20260605-008,Fish pie,Main,3,13.95,resident
2026-06-05,15:46,20260605-008,Paneer & spinach curry,Main,3,12.50,resident
2026-06-05,15:46,20260605-008,Soup of the day,Starter,3,7.95,resident
2026-06-05,15:46,20260605-008,Fruit crumble,Dessert,3,6.25,resident
2026-06-05,15:46,20260605-008,Pot of tea,Drinks,3,3.25,resident
2026-06-05,15:46,20260605-008,Shepherd's pie,Main,3,12.95,resident
2026-06-05,15:46,20260605-008,Soup of the day,Starter,3,7.95,resident
2026-06-05,15:46,20260605-008,Sticky toffee pudding,Dessert,3,6.50,resident
2026-06-05,15:46,20260605-008,Glass of house wine,Drinks,3,5.50,resident
2026-06-05,16:43,20260605-009,Fish pie,Main,2,13.95,resident
2026-06-05,16:43,20260605-009,Coffee,Drinks,2,3.00,resident
2026-06-05,16:43,20260605-009,Grilled salmon,Main,2,15.00,resident
2026-06-05,16:43,20260605-009,Matzo ball soup,Starter,2,8.95,resident
2026-06-05,16:43,20260605-009,Pot of tea,Drinks,2,3.25,resident
2026-06-05,14:27,20260605-010,Paneer & spinach curry,Main,2,12.50,resident
2026-06-05,14:27,20260605-010,Soup of the day,Starter,2,7.95,resident
2026-06-05,14:27,20260605-010,Grilled salmon,Main,2,15.00,resident
2026-06-05,14:27,20260605-010,Glass of house wine,Drinks,2,5.50,resident
2026-06-05,15:09,20260605-011,Shepherd's pie,Main,4,12.95,resident
2026-06-05,15:09,20260605-011,Soup of the day,Starter,4,7.95,resident
2026-06-05,15:09,20260605-011,Pot of tea,Drinks,4,3.25,resident
2026-06-05,15:09,20260605-011,Roast chicken,Main,4,14.50,resident
2026-06-05,15:09,20260605-011,Sticky toffee pudding,Dessert,4,6.50,resident
2026-06-05,15:09,20260605-011,Coffee,Drinks,4,3.00,resident
2026-06-05,15:09,20260605-011,Shepherd's pie,Main,4,12.95,resident
2026-06-05,15:09,20260605-011,Coffee,Drinks,4,3.00,resident
2026-06-05,15:09,20260605-011,Roast chicken,Main,4,14.50,resident
2026-06-05,15:09,20260605-011,Sticky toffee pudding,Dessert,4,6.50,resident
2026-06-05,15:09,20260605-011,Coffee,Drinks,4,3.00,resident
2026-06-05,12:41,20260605-012,Paneer & spinach curry,Main,2,12.50,resident
2026-06-05,12:41,20260605-012,Paneer & spinach curry,Main,2,12.50,resident
2026-06-05,12:41,20260605-012,Coffee,Drinks,2,3.00,resident
2026-06-05,16:14,20260605-013,Fish pie,Main,2,13.95,resident
2026-06-05,16:14,20260605-013,Glass of house wine,Drinks,2,5.50,resident
2026-06-05,16:14,20260605-013,Grilled salmon,Main,2,15.00,resident
2026-06-05,16:14,20260605-013,Matzo ball soup,Starter,2,8.95,resident
2026-06-05,16:14,20260605-013,Fruit crumble,Dessert,2,6.25,resident
2026-06-05,16:14,20260605-013,Coffee,Drinks,2,3.00,resident
2026-06-05,12:41,20260605-014,Vegetable biryani,Main,1,11.95,resident
2026-06-05,12:41,20260605-014,Glass of house wine,Drinks,1,5.50,resident
2026-06-05,16:55,20260605-015,Roast chicken,Main,4,14.50,external
2026-06-05,16:55,20260605-015,Grilled salmon,Main,4,15.00,external
2026-06-05,16:55,20260605-015,Pot of tea,Drinks,4,3.25,external
2026-06-05,16:55,20260605-015,Vegetable biryani,Main,4,11.95,external
2026-06-05,16:55,20260605-015,Soup of the day,Starter,4,7.95,external
2026-06-05,16:55,20260605-015,Fruit crumble,Dessert,4,6.25,external
2026-06-05,16:55,20260605-015,Vegetable biryani,Main,4,11.95,external
2026-06-05,16:55,20260605-015,Soup of the day,Starter,4,7.95,external
2026-06-05,16:55,20260605-015,Fruit crumble,Dessert,4,6.25,external
2026-06-05,16:55,20260605-015,Pot of tea,Drinks,4,3.25,external
2026-06-05,18:09,20260605-016,Grilled salmon,Main,1,15.00,resident
2026-06-05,18:09,20260605-016,Soup of the day,Starter,1,7.95,resident
2026-06-05,18:09,20260605-016,Fruit crumble,Dessert,1,6.25,resident
2026-06-05,18:09,20260605-016,Coffee,Drinks,1,3.00,resident
2026-06-05,14:03,20260605-017,Roast chicken,Main,1,14.50,resident
2026-06-05,14:03,20260605-017,Matzo ball soup,Starter,1,8.95,resident
2026-06-05,17:30,20260605-018,Paneer & spinach curry,Main,2,12.50,resident
2026-06-05,17:30,20260605-018,Soup of the day,Starter,2,7.95,resident
2026-06-05,17:30,20260605-018,Sticky toffee pudding,Dessert,2,6.50,resident
2026-06-05,17:30,20260605-018,Pot of tea,Drinks,2,3.25,resident
2026-06-05,17:30,20260605-018,Vegetable biryani,Main,2,11.95,resident
2026-06-05,17:30,20260605-018,Glass of house wine,Drinks,2,5.50,resident
2026-06-05,13:09,20260605-019,Grilled salmon,Main,2,15.00,resident
2026-06-05,13:09,20260605-019,Grilled salmon,Main,2,15.00,resident
2026-06-05,13:09,20260605-019,Coffee,Drinks,2,3.00,resident
2026-06-05,15:45,20260605-020,Grilled salmon,Main,1,15.00,resident
2026-06-05,15:45,20260605-020,Soup of the day,Starter,1,7.95,resident
2026-06-05,15:45,20260605-020,Glass of house wine,Drinks,1,5.50,resident
2026-06-05,18:00,20260605-021,Paneer & spinach curry,Main,2,12.50,external
2026-06-05,18:00,20260605-021,Shepherd's pie,Main,2,12.95,external
2026-06-05,18:00,20260605-021,Soup of the day,Starter,2,7.95,external
2026-06-05,18:00,20260605-021,Coffee,Drinks,2,3.00,external
2026-06-05,19:00,20260605-022,Vegetable biryani,Main,3,11.95,resident
2026-06-05,19:00,20260605-022,Fruit crumble,Dessert,3,6.25,resident
2026-06-05,19:00,20260605-022,Glass of house wine,Drinks,3,5.50,resident
2026-06-05,19:00,20260605-022,Shepherd's pie,Main,3,12.95,resident
2026-06-05,19:00,20260605-022,Soup of the day,Starter,3,7.95,resident
2026-06-05,19:00,20260605-022,Coffee,Drinks,3,3.00,resident
2026-06-05,19:00,20260605-022,Vegetable biryani,Main,3,11.95,resident
2026-06-05,19:00,20260605-022,Glass of house wine,Drinks,3,5.50,resident
2026-06-05,17:04,20260605-023,Grilled salmon,Main,1,15.00,resident
2026-06-05,17:04,20260605-023,Matzo ball soup,Starter,1,8.95,resident
2026-06-05,17:04,20260605-023,Sticky toffee pudding,Dessert,1,6.50,resident
2026-06-05,17:04,20260605-023,Pot of tea,Drinks,1,3.25,resident
2026-06-05,14:10,20260605-024,Grilled salmon,Main,2,15.00,resident
2026-06-05,14:10,20260605-024,Sticky toffee pudding,Dessert,2,6.50,resident
2026-06-05,14:10,20260605-024,Coffee,Drinks,2,3.00,resident
2026-06-05,14:10,20260605-024,Paneer & spinach curry,Main,2,12.50,resident
2026-06-05,14:10,20260605-024,Fruit crumble,Dessert,2,6.25,resident
2026-06-05,14:10,20260605-024,Glass of house wine,Drinks,2,5.50,resident
2026-06-05,13:03,20260605-025,Grilled salmon,Main,4,15.00,external
2026-06-05,13:03,20260605-025,Fruit crumble,Dessert,4,6.25,external
2026-06-05,13:03,20260605-025,Roast chicken,Main,4,14.50,external
2026-06-05,13:03,20260605-025,Soup of the day,Starter,4,7.95,external
2026-06-05,13:03,20260605-025,Coffee,Drinks,4,3.00,external
2026-06-05,13:03,20260605-025,Vegetable biryani,Main,4,11.95,external
2026-06-05,13:03,20260605-025,Fruit crumble,Dessert,4,6.25,external
2026-06-05,13:03,20260605-025,Pot of tea,Drinks,4,3.25,external
2026-06-05,13:03,20260605-025,Vegetable biryani,Main,4,11.95,external
2026-06-05,13:03,20260605-025,Fruit crumble,Dessert,4,6.25,external
2026-06-05,13:03,20260605-025,Coffee,Drinks,4,3.00,external
2026-06-05,16:54,20260605-026,Shepherd's pie,Main,2,12.95,resident
2026-06-05,16:54,20260605-026,Sticky toffee pudding,Dessert,2,6.50,resident
2026-06-05,16:54,20260605-026,Glass of house wine,Drinks,2,5.50,resident
2026-06-05,16:54,20260605-026,Vegetable biryani,Main,2,11.95,resident
2026-06-05,16:54,20260605-026,Fruit crumble,Dessert,2,6.25,resident
2026-06-05,16:54,20260605-026,Coffee,Drinks,2,3.00,resident
2026-06-05,14:59,20260605-027,Grilled salmon,Main,3,15.00,resident
2026-06-05,14:59,20260605-027,Soup of the day,Starter,3,7.95,resident
2026-06-05,14:59,20260605-027,Glass of house wine,Drinks,3,5.50,resident
2026-06-05,14:59,20260605-027,Shepherd's pie,Main,3,12.95,resident
2026-06-05,14:59,20260605-027,Soup of the day,Starter,3,7.95,resident
2026-06-05,14:59,20260605-027,Coffee,Drinks,3,3.00,resident
2026-06-05,14:59,20260605-027,Vegetable biryani,Main,3,11.95,resident
2026-06-05,14:59,20260605-027,Coffee,Drinks,3,3.00,resident
2026-06-05,19:00,20260605-028,Grilled salmon,Main,3,15.00,resident
2026-06-05,19:00,20260605-028,Fruit crumble,Dessert,3,6.25,resident
2026-06-05,19:00,20260605-028,Vegetable biryani,Main,3,11.95,resident
2026-06-05,19:00,20260605-028,Pot of tea,Drinks,3,3.25,resident
2026-06-05,19:00,20260605-028,Vegetable biryani,Main,3,11.95,resident
2026-06-05,19:00,20260605-028,Pot of tea,Drinks,3,3.25,resident
2026-06-05,13:49,20260605-029,Shepherd's pie,Main,3,12.95,resident
2026-06-05,13:49,20260605-029,Soup of the day,Starter,3,7.95,resident
2026-06-05,13:49,20260605-029,Sticky toffee pudding,Dessert,3,6.50,resident
2026-06-05,13:49,20260605-029,Pot of tea,Drinks,3,3.25,resident
2026-06-05,13:49,20260605-029,Roast chicken,Main,3,14.50,resident
2026-06-05,13:49,20260605-029,Fruit crumble,Dessert,3,6.25,resident
2026-06-05,13:49,20260605-029,Fish pie,Main,3,13.95,resident
2026-06-05,13:49,20260605-029,Coffee,Drinks,3,3.00,resident
2026-06-05,14:14,20260605-030,Fish pie,Main,4,13.95,resident
2026-06-05,14:14,20260605-030,Sticky toffee pudding,Dessert,4,6.50,resident
2026-06-05,14:14,20260605-030,Coffee,Drinks,4,3.00,resident
2026-06-05,14:14,20260605-030,Paneer & spinach curry,Main,4,12.50,resident
2026-06-05,14:14,20260605-030,Fruit crumble,Dessert,4,6.25,resident
2026-06-05,14:14,20260605-030,Glass of house wine,Drinks,4,5.50,resident
2026-06-05,14:14,20260605-030,Roast chicken,Main,4,14.50,resident
2026-06-05,14:14,20260605-030,Coffee,Drinks,4,3.00,resident
2026-06-05,14:14,20260605-030,Roast chicken,Main,4,14.50,resident
2026-06-05,14:14,20260605-030,Fruit crumble,Dessert,4,6.25,resident
2026-06-05,16:42,20260605-031,Roast chicken,Main,2,14.50,resident
2026-06-05,16:42,20260605-031,Coffee,Drinks,2,3.00,resident
2026-06-05,16:42,20260605-031,Fish pie,Main,2,13.95,resident
2026-06-05,16:42,20260605-031,Soup of the day,Starter,2,7.95,resident
2026-06-05,16:42,20260605-031,Pot of tea,Drinks,2,3.25,resident
2026-06-05,16:03,20260605-032,Shepherd's pie,Main,3,12.95,resident
2026-06-05,16:03,20260605-032,Glass of house wine,Drinks,3,5.50,resident
2026-06-05,16:03,20260605-032,Fish pie,Main,3,13.95,resident
2026-06-05,16:03,20260605-032,Soup of the day,Starter,3,7.95,resident
2026-06-05,16:03,20260605-032,Glass of house wine,Drinks,3,5.50,resident
2026-06-05,16:03,20260605-032,Roast chicken,Main,3,14.50,resident
2026-06-05,16:03,20260605-032,Matzo ball soup,Starter,3,8.95,resident
2026-06-05,16:03,20260605-032,Sticky toffee pudding,Dessert,3,6.50,resident
2026-06-05,16:03,20260605-032,Coffee,Drinks,3,3.00,resident
2026-06-05,13:38,20260605-033,Vegetable biryani,Main,1,11.95,resident
2026-06-05,13:38,20260605-033,Soup of the day,Starter,1,7.95,resident
2026-06-05,13:38,20260605-033,Fruit crumble,Dessert,1,6.25,resident
2026-06-05,13:38,20260605-033,Pot of tea,Drinks,1,3.25,resident
2026-06-06,17:35,20260606-001,Fish pie,Main,3,13.95,resident
2026-06-06,17:35,20260606-001,Matzo ball soup,Starter,3,8.95,resident
2026-06-06,17:35,20260606-001,Glass of house wine,Drinks,3,5.50,resident
2026-06-06,17:35,20260606-001,Vegetable biryani,Main,3,11.95,resident
2026-06-06,17:35,20260606-001,Fruit crumble,Dessert,3,6.25,resident
2026-06-06,17:35,20260606-001,Glass of house wine,Drinks,3,5.50,resident
2026-06-06,17:35,20260606-001,Roast chicken,Main,3,14.50,resident
2026-06-06,17:35,20260606-001,Fruit crumble,Dessert,3,6.25,resident
2026-06-06,17:35,20260606-001,Coffee,Drinks,3,3.00,resident
2026-06-06,12:56,20260606-002,Vegetable biryani,Main,4,11.95,resident
2026-06-06,12:56,20260606-002,Glass of house wine,Drinks,4,5.50,resident
2026-06-06,12:56,20260606-002,Paneer & spinach curry,Main,4,12.50,resident
2026-06-06,12:56,20260606-002,Soup of the day,Starter,4,7.95,resident
2026-06-06,12:56,20260606-002,Sticky toffee pudding,Dessert,4,6.50,resident
2026-06-06,12:56,20260606-002,Coffee,Drinks,4,3.00,resident
2026-06-06,12:56,20260606-002,Paneer & spinach curry,Main,4,12.50,resident
2026-06-06,12:56,20260606-002,Pot of tea,Drinks,4,3.25,resident
2026-06-06,12:56,20260606-002,Roast chicken,Main,4,14.50,resident
2026-06-06,12:56,20260606-002,Fruit crumble,Dessert,4,6.25,resident
2026-06-06,12:56,20260606-002,Coffee,Drinks,4,3.00,resident
2026-06-06,12:42,20260606-003,Grilled salmon,Main,2,15.00,resident
2026-06-06,12:42,20260606-003,Glass of house wine,Drinks,2,5.50,resident
2026-06-06,12:42,20260606-003,Grilled salmon,Main,2,15.00,resident
2026-06-06,12:42,20260606-003,Glass of house wine,Drinks,2,5.50,resident
2026-06-06,13:46,20260606-004,Shepherd's pie,Main,2,12.95,resident
2026-06-06,13:46,20260606-004,Coffee,Drinks,2,3.00,resident
2026-06-06,13:46,20260606-004,Shepherd's pie,Main,2,12.95,resident
2026-06-06,13:46,20260606-004,Soup of the day,Starter,2,7.95,resident
2026-06-06,13:46,20260606-004,Pot of tea,Drinks,2,3.25,resident
2026-06-06,17:46,20260606-005,Paneer & spinach curry,Main,4,12.50,resident
2026-06-06,17:46,20260606-005,Glass of house wine,Drinks,4,5.50,resident
2026-06-06,17:46,20260606-005,Roast chicken,Main,4,14.50,resident
2026-06-06,17:46,20260606-005,Matzo ball soup,Starter,4,8.95,resident
2026-06-06,17:46,20260606-005,Coffee,Drinks,4,3.00,resident
2026-06-06,17:46,20260606-005,Vegetable biryani,Main,4,11.95,resident
2026-06-06,17:46,20260606-005,Pot of tea,Drinks,4,3.25,resident
2026-06-06,17:46,20260606-005,Shepherd's pie,Main,4,12.95,resident
2026-06-06,17:46,20260606-005,Coffee,Drinks,4,3.00,resident
2026-06-06,14:10,20260606-006,Shepherd's pie,Main,3,12.95,resident
2026-06-06,14:10,20260606-006,Pot of tea,Drinks,3,3.25,resident
2026-06-06,14:10,20260606-006,Fish pie,Main,3,13.95,resident
2026-06-06,14:10,20260606-006,Vegetable biryani,Main,3,11.95,resident
2026-06-06,14:10,20260606-006,Fruit crumble,Dessert,3,6.25,resident
2026-06-06,14:10,20260606-006,Coffee,Drinks,3,3.00,resident
2026-06-06,17:36,20260606-007,Roast chicken,Main,2,14.50,resident
2026-06-06,17:36,20260606-007,Sticky toffee pudding,Dessert,2,6.50,resident
2026-06-06,17:36,20260606-007,Pot of tea,Drinks,2,3.25,resident
2026-06-06,17:36,20260606-007,Vegetable biryani,Main,2,11.95,resident
2026-06-06,17:36,20260606-007,Soup of the day,Starter,2,7.95,resident
2026-06-06,17:36,20260606-007,Sticky toffee pudding,Dessert,2,6.50,resident
2026-06-06,17:36,20260606-007,Coffee,Drinks,2,3.00,resident
2026-06-06,18:33,20260606-008,Fish pie,Main,3,13.95,resident
2026-06-06,18:33,20260606-008,Matzo ball soup,Starter,3,8.95,resident
2026-06-06,18:33,20260606-008,Coffee,Drinks,3,3.00,resident
2026-06-06,18:33,20260606-008,Paneer & spinach curry,Main,3,12.50,resident
2026-06-06,18:33,20260606-008,Coffee,Drinks,3,3.00,resident
2026-06-06,18:33,20260606-008,Roast chicken,Main,3,14.50,resident
2026-06-06,18:33,20260606-008,Fruit crumble,Dessert,3,6.25,resident
2026-06-06,18:33,20260606-008,Pot of tea,Drinks,3,3.25,resident
2026-06-06,12:04,20260606-009,Fish pie,Main,1,13.95,resident
2026-06-06,12:04,20260606-009,Soup of the day,Starter,1,7.95,resident
2026-06-06,12:04,20260606-009,Coffee,Drinks,1,3.00,resident
2026-06-06,14:48,20260606-010,Fish pie,Main,2,13.95,external
2026-06-06,14:48,20260606-010,Sticky toffee pudding,Dessert,2,6.50,external
2026-06-06,14:48,20260606-010,Pot of tea,Drinks,2,3.25,external
2026-06-06,14:48,20260606-010,Fish pie,Main,2,13.95,external
2026-06-06,17:03,20260606-011,Roast chicken,Main,2,14.50,resident
2026-06-06,17:03,20260606-011,Matzo ball soup,Starter,2,8.95,resident
2026-06-06,17:03,20260606-011,Sticky toffee pudding,Dessert,2,6.50,resident
2026-06-06,17:03,20260606-011,Glass of house wine,Drinks,2,5.50,resident
2026-06-06,17:03,20260606-011,Vegetable biryani,Main,2,11.95,resident
2026-06-06,17:03,20260606-011,Coffee,Drinks,2,3.00,resident
2026-06-06,19:00,20260606-012,Grilled salmon,Main,2,15.00,resident
2026-06-06,19:00,20260606-012,Pot of tea,Drinks,2,3.25,resident
2026-06-06,19:00,20260606-012,Vegetable biryani,Main,2,11.95,resident
2026-06-06,19:00,20260606-012,Coffee,Drinks,2,3.00,resident
2026-06-06,12:04,20260606-013,Grilled salmon,Main,1,15.00,resident
2026-06-06,12:04,20260606-013,Matzo ball soup,Starter,1,8.95,resident
2026-06-06,12:04,20260606-013,Pot of tea,Drinks,1,3.25,resident
2026-06-06,14:12,20260606-014,Roast chicken,Main,2,14.50,resident
2026-06-06,14:12,20260606-014,Soup of the day,Starter,2,7.95,resident
2026-06-06,14:12,20260606-014,Glass of house wine,Drinks,2,5.50,resident
2026-06-06,14:12,20260606-014,Roast chicken,Main,2,14.50,resident
2026-06-06,14:12,20260606-014,Fruit crumble,Dessert,2,6.25,resident
2026-06-06,14:12,20260606-014,Glass of house wine,Drinks,2,5.50,resident
2026-06-06,14:42,20260606-015,Vegetable biryani,Main,3,11.95,resident
2026-06-06,14:42,20260606-015,Pot of tea,Drinks,3,3.25,resident
2026-06-06,14:42,20260606-015,Vegetable biryani,Main,3,11.95,resident
2026-06-06,14:42,20260606-015,Sticky toffee pudding,Dessert,3,6.50,resident
2026-06-06,14:42,20260606-015,Glass of house wine,Drinks,3,5.50,resident
2026-06-06,14:42,20260606-015,Grilled salmon,Main,3,15.00,resident
2026-06-06,14:42,20260606-015,Soup of the day,Starter,3,7.95,resident
2026-06-06,14:42,20260606-015,Sticky toffee pudding,Dessert,3,6.50,resident
2026-06-06,14:42,20260606-015,Pot of tea,Drinks,3,3.25,resident
2026-06-06,15:12,20260606-016,Vegetable biryani,Main,2,11.95,resident
2026-06-06,15:12,20260606-016,Fruit crumble,Dessert,2,6.25,resident
2026-06-06,15:12,20260606-016,Pot of tea,Drinks,2,3.25,resident
2026-06-06,15:12,20260606-016,Fish pie,Main,2,13.95,resident
2026-06-06,15:12,20260606-016,Sticky toffee pudding,Dessert,2,6.50,resident
2026-06-06,15:12,20260606-016,Pot of tea,Drinks,2,3.25,resident
2026-06-06,13:11,20260606-017,Vegetable biryani,Main,1,11.95,resident
2026-06-06,13:11,20260606-017,Glass of house wine,Drinks,1,5.50,resident
2026-06-06,15:48,20260606-018,Paneer & spinach curry,Main,2,12.50,resident
2026-06-06,15:48,20260606-018,Fruit crumble,Dessert,2,6.25,resident
2026-06-06,15:48,20260606-018,Pot of tea,Drinks,2,3.25,resident
2026-06-06,15:48,20260606-018,Vegetable biryani,Main,2,11.95,resident
2026-06-06,15:48,20260606-018,Coffee,Drinks,2,3.00,resident
2026-06-06,18:44,20260606-019,Grilled salmon,Main,2,15.00,resident
2026-06-06,18:44,20260606-019,Coffee,Drinks,2,3.00,resident
2026-06-06,18:44,20260606-019,Paneer & spinach curry,Main,2,12.50,resident
2026-06-06,18:44,20260606-019,Fruit crumble,Dessert,2,6.25,resident
2026-06-06,18:44,20260606-019,Pot of tea,Drinks,2,3.25,resident
2026-06-06,16:46,20260606-020,Vegetable biryani,Main,4,11.95,resident
2026-06-06,16:46,20260606-020,Sticky toffee pudding,Dessert,4,6.50,resident
2026-06-06,16:46,20260606-020,Coffee,Drinks,4,3.00,resident
2026-06-06,16:46,20260606-020,Grilled salmon,Main,4,15.00,resident
2026-06-06,16:46,20260606-020,Soup of the day,Starter,4,7.95,resident
2026-06-06,16:46,20260606-020,Sticky toffee pudding,Dessert,4,6.50,resident
2026-06-06,16:46,20260606-020,Coffee,Drinks,4,3.00,resident
2026-06-06,16:46,20260606-020,Shepherd's pie,Main,4,12.95,resident
2026-06-06,16:46,20260606-020,Matzo ball soup,Starter,4,8.95,resident
2026-06-06,16:46,20260606-020,Sticky toffee pudding,Dessert,4,6.50,resident
2026-06-06,16:46,20260606-020,Glass of house wine,Drinks,4,5.50,resident
2026-06-06,16:46,20260606-020,Shepherd's pie,Main,4,12.95,resident
2026-06-06,16:46,20260606-020,Matzo ball soup,Starter,4,8.95,resident
2026-06-06,16:46,20260606-020,Sticky toffee pudding,Dessert,4,6.50,resident
2026-06-06,16:46,20260606-020,Pot of tea,Drinks,4,3.25,resident
2026-06-06,18:10,20260606-021,Fish pie,Main,1,13.95,resident
2026-06-06,18:10,20260606-021,Matzo ball soup,Starter,1,8.95,resident
2026-06-06,12:35,20260606-022,Fish pie,Main,2,13.95,resident
2026-06-06,12:35,20260606-022,Soup of the day,Starter,2,7.95,resident
2026-06-06,12:35,20260606-022,Glass of house wine,Drinks,2,5.50,resident
2026-06-06,12:35,20260606-022,Grilled salmon,Main,2,15.00,resident
2026-06-06,12:35,20260606-022,Soup of the day,Starter,2,7.95,resident
2026-06-06,12:35,20260606-022,Fruit crumble,Dessert,2,6.25,resident
2026-06-06,12:35,20260606-022,Coffee,Drinks,2,3.00,resident
2026-06-06,14:36,20260606-023,Fish pie,Main,4,13.95,resident
2026-06-06,14:36,20260606-023,Pot of tea,Drinks,4,3.25,resident
2026-06-06,14:36,20260606-023,Shepherd's pie,Main,4,12.95,resident
2026-06-06,14:36,20260606-023,Sticky toffee pudding,Dessert,4,6.50,resident
2026-06-06,14:36,20260606-023,Glass of house wine,Drinks,4,5.50,resident
2026-06-06,14:36,20260606-023,Shepherd's pie,Main,4,12.95,resident
2026-06-06,14:36,20260606-023,Grilled salmon,Main,4,15.00,resident
2026-06-06,14:36,20260606-023,Matzo ball soup,Starter,4,8.95,resident
2026-06-06,14:36,20260606-023,Fruit crumble,Dessert,4,6.25,resident
2026-06-06,14:36,20260606-023,Pot of tea,Drinks,4,3.25,resident
2026-06-06,15:29,20260606-024,Fish pie,Main,2,13.95,resident
2026-06-06,15:29,20260606-024,Glass of house wine,Drinks,2,5.50,resident
2026-06-06,15:29,20260606-024,Shepherd's pie,Main,2,12.95,resident
2026-06-06,15:29,20260606-024,Fruit crumble,Dessert,2,6.25,resident
2026-06-06,15:34,20260606-025,Shepherd's pie,Main,2,12.95,resident
2026-06-06,15:34,20260606-025,Coffee,Drinks,2,3.00,resident
2026-06-06,15:34,20260606-025,Fish pie,Main,2,13.95,resident
2026-06-06,15:34,20260606-025,Matzo ball soup,Starter,2,8.95,resident
2026-06-06,15:34,20260606-025,Pot of tea,Drinks,2,3.25,resident
2026-06-06,16:39,20260606-026,Paneer & spinach curry,Main,4,12.50,resident
2026-06-06,16:39,20260606-026,Fruit crumble,Dessert,4,6.25,resident
2026-06-06,16:39,20260606-026,Coffee,Drinks,4,3.00,resident
2026-06-06,16:39,20260606-026,Vegetable biryani,Main,4,11.95,resident
2026-06-06,16:39,20260606-026,Matzo ball soup,Starter,4,8.95,resident
2026-06-06,16:39,20260606-026,Coffee,Drinks,4,3.00,resident
2026-06-06,16:39,20260606-026,Roast chicken,Main,4,14.50,resident
2026-06-06,16:39,20260606-026,Fruit crumble,Dessert,4,6.25,resident
2026-06-06,16:39,20260606-026,Fish pie,Main,4,13.95,resident
2026-06-06,16:39,20260606-026,Soup of the day,Starter,4,7.95,resident
2026-06-06,16:39,20260606-026,Pot of tea,Drinks,4,3.25,resident
2026-06-06,15:34,20260606-027,Shepherd's pie,Main,2,12.95,resident
2026-06-06,15:34,20260606-027,Pot of tea,Drinks,2,3.25,resident
2026-06-06,15:34,20260606-027,Grilled salmon,Main,2,15.00,resident
2026-06-06,15:34,20260606-027,Soup of the day,Starter,2,7.95,resident
2026-06-06,15:34,20260606-027,Glass of house wine,Drinks,2,5.50,resident
2026-06-06,18:42,20260606-028,Shepherd's pie,Main,2,12.95,resident
2026-06-06,18:42,20260606-028,Fruit crumble,Dessert,2,6.25,resident
2026-06-06,18:42,20260606-028,Glass of house wine,Drinks,2,5.50,resident
2026-06-06,18:42,20260606-028,Roast chicken,Main,2,14.50,resident
2026-06-06,18:42,20260606-028,Soup of the day,Starter,2,7.95,resident
2026-06-06,18:42,20260606-028,Glass of house wine,Drinks,2,5.50,resident
2026-06-06,14:07,20260606-029,Grilled salmon,Main,1,15.00,external
2026-06-06,14:07,20260606-029,Soup of the day,Starter,1,7.95,external
2026-06-06,14:07,20260606-029,Fruit crumble,Dessert,1,6.25,external
2026-06-06,14:07,20260606-029,Coffee,Drinks,1,3.00,external
2026-06-06,18:10,20260606-030,Vegetable biryani,Main,3,11.95,resident
2026-06-06,18:10,20260606-030,Soup of the day,Starter,3,7.95,resident
2026-06-06,18:10,20260606-030,Shepherd's pie,Main,3,12.95,resident
2026-06-06,18:10,20260606-030,Matzo ball soup,Starter,3,8.95,resident
2026-06-06,18:10,20260606-030,Sticky toffee pudding,Dessert,3,6.50,resident
2026-06-06,18:10,20260606-030,Coffee,Drinks,3,3.00,resident
2026-06-06,18:10,20260606-030,Fish pie,Main,3,13.95,resident
2026-06-06,18:10,20260606-030,Soup of the day,Starter,3,7.95,resident
2026-06-06,18:10,20260606-030,Fruit crumble,Dessert,3,6.25,resident
2026-06-06,18:10,20260606-030,Coffee,Drinks,3,3.00,resident
2026-06-06,12:15,20260606-031,Shepherd's pie,Main,2,12.95,resident
2026-06-06,12:15,20260606-031,Soup of the day,Starter,2,7.95,resident
2026-06-06,12:15,20260606-031,Sticky toffee pudding,Dessert,2,6.50,resident
2026-06-06,12:15,20260606-031,Glass of house wine,Drinks,2,5.50,resident
2026-06-06,12:15,20260606-031,Grilled salmon,Main,2,15.00,resident
2026-06-06,12:15,20260606-031,Glass of house wine,Drinks,2,5.50,resident
2026-06-06,17:57,20260606-032,Vegetable biryani,Main,1,11.95,resident
2026-06-06,17:57,20260606-032,Matzo ball soup,Starter,1,8.95,resident
2026-06-06,17:57,20260606-032,Fruit crumble,Dessert,1,6.25,resident
2026-06-06,17:57,20260606-032,Glass of house wine,Drinks,1,5.50,resident
2026-13-01,13:00,BAD-001,Roast chicken,Main,2,14.50,resident
2026-05-06,13:00,BAD-002,Roast chicken,Main,2,,resident
2026-05-20,13:00,BAD-003,Roast chicken,Main,two,14.50,resident
